pl_name,hostname,sy_snum,sy_pnum,discoverymethod,disc_year,pl_orbper,pl_orbsmax,pl_orbincl,pl_orbpererr1,pl_orbpererr2,pl_orbper_reflink,pl_rade,pl_radeerr1,pl_radeerr2,pl_radj,pl_bmasse,pl_bmasseerr1,pl_bmasseerr2,pl_bmassprov,pl_bmasse_reflink,pl_bmassj,pl_dens,pl_orbeccen,pl_orbeccenerr1,pl_orbeccenerr2,pl_insol,pl_eqt,st_spectype,st_teff,st_rad,st_mass,st_met,rad_frac_err
HAT-P-8 b,HAT-P-8,3,1,Transit,2008,3.07634,0.04496,87.8,4e-06,-4e-06,<a refstr=STASSUN_ET_AL__2017 href=https://ui.adsabs.harvard.edu/abs/2017AJ....153..136S/abstract target=ref>Stassun et al. 2017</a>,15.6926,1.45717,-1.45717,1.4,406.8224,85.8141,-85.8141,Mass,<a refstr=STASSUN_ET_AL__2017 href=https://ui.adsabs.harvard.edu/abs/2017AJ....153..136S/abstract target=ref>Stassun et al. 2017</a>,1.28,0.685644,0.0,,,1519.9645,1713.0,F6,6200.0,1.57,1.27,0.01,0.09285714285714286
K2-126 b,K2-126,1,1,Transit,2017,7.385655,0.0656,89.4,0.000501,-0.000509,<a refstr=LIVINGSTON_ET_AL__2018 href=https://ui.adsabs.harvard.edu/abs/2018AJ....156..277L/abstract target=ref>Livingston et al. 2018</a>,1.97,0.12,-0.12,0.17575163,4.54,,,M-R relationship,<a refstr=CALCULATED_VALUE href=/docs/pscp_calc.html target=_blank>Calculated Value</a>,0.0143,3.26,0.06,0.142277,-0.049906,35.3,601.0,,4339.0,0.65,0.69,0.02,0.06091370558375634
K2-85 b,K2-85,1,1,Transit,2016,0.68453862616,0.013,80.21,1e-05,-1e-05,<a refstr=HOWARD_ET_AL__2025 href=https://ui.adsabs.harvard.edu/abs/2025ApJS..278...52H/abstract target=ref>Howard et al. 2025</a>,1.4,0.2,-0.2,0.12489985,3.2,1.3,-1.3,Mass,<a refstr=HOWARD_ET_AL__2025 href=https://ui.adsabs.harvard.edu/abs/2025ApJS..278...52H/abstract target=ref>Howard et al. 2025</a>,0.01006833,5.9,0.24,0.20861,-0.194009,800.0,1355.0,,4232.0,0.71,0.7,0.14,0.14285714285714288
K2-123 b,K2-123,1,1,Transit,2017,30.951524,0.1649,89.79,0.003625,-0.00332,<a refstr=LIVINGSTON_ET_AL__2018 href=https://ui.adsabs.harvard.edu/abs/2018AJ....156..277L/abstract target=ref>Livingston et al. 2018</a>,2.76,0.16,-0.16,0.24623071,8.05,,,M-R relationship,<a refstr=CALCULATED_VALUE href=/docs/pscp_calc.html target=_blank>Calculated Value</a>,0.0253,2.1,0.06,0.144415,-0.051458,2.9,338.0,,4035.0,0.59,0.62,0.03,0.05797101449275363
Kepler-1399 b,Kepler-1399,1,1,Transit,2016,1.638653058,0.0276,86.56,8.952e-06,-8.952e-06,<a refstr=MORTON_ET_AL__2016 href=https://ui.adsabs.harvard.edu/abs/2016ApJ...822...86M/abstract target=ref>Morton et al. 2016</a>,1.25,0.22,-0.11,0.11151753,2.1,,,M-R relationship,<a refstr=CALCULATED_VALUE href=/docs/pscp_calc.html target=_blank>Calculated Value</a>,0.0066,5.91,0.0,,,1707.252,1610.0,,5735.0,0.96,0.97,-0.03,0.176
Kepler-723 b,Kepler-723,1,1,Transit,2016,4.082275068,0.0479,89.51,2.3e-07,-2.3e-07,<a refstr=MORTON_ET_AL__2016 href=https://ui.adsabs.harvard.edu/abs/2016ApJ...822...86M/abstract target=ref>Morton et al. 2016</a>,12.19,1.58,-0.79,1.08751896,,,,Msini,<a refstr=MORTON_ET_AL__2016 href=https://ui.adsabs.harvard.edu/abs/2016ApJ...822...86M/abstract target=ref>Morton et al. 2016</a>,,,0.0,,,251.48,1016.0,,5539.0,0.89,0.92,0.0,0.1296144380639869
K2-107 b,K2-107,1,1,Transit,2017,3.313959,0.0475,82.36105,2.4e-05,-2.4e-05,<a refstr=LIVINGSTON_ET_AL__2018 href=https://ui.adsabs.harvard.edu/abs/2018AJ....156..277L/abstract target=ref>Livingston et al. 2018</a>,15.98,0.55,-0.55,1.42564011,266.9772,25.4264,-25.4264,Mass,<a refstr=EIGM_UUML_LLER_ET_AL__2017 href=https://ui.adsabs.harvard.edu/abs/2017AJ....153..130E/abstract target=ref>Eigm&uuml;ller et al. 2017</a>,0.84,0.35,0.0,,,1291.4267,1649.0,F9 IV,6061.0,1.81,1.3,0.14,0.0344180225281602
K2-45 b,K2-45,1,1,Transit,2016,1.7292684,0.0224,87.75,6.9e-06,-6.9e-06,<a refstr=CROSSFIELD_ET_AL__2016 href=https://ui.adsabs.harvard.edu/abs/2016ApJS..226....7C/abstract target=ref>Crossfield et al. 2016</a>,6.71,0.0,0.0,0.5986261,36.4,,,M-R relationship,<a refstr=CALCULATED_VALUE href=/docs/pscp_calc.html target=_blank>Calculated Value</a>,0.114,0.662,0.1,0.142951,-0.084953,100.0,1073.56,,4103.0,0.445,0.503,,0.0
K2-365 b,K2-365,1,1,Transit,2022,23.448172,,89.0039,0.000766,-0.000996,<a refstr=CHRISTIANSEN_ET_AL_2022 href=https://ui.adsabs.harvard.edu/abs/2022AJ....163..244C/abstract target=ref>Christiansen et al. 2022</a>,2.906,0.195,-0.176,0.2592564,8.78,,,M-R relationship,<a refstr=CALCULATED_VALUE href=/docs/pscp_calc.html target=_blank>Calculated Value</a>,0.0276,1.97,,,,,,,5561.0,1.051,0.823,-0.021,0.06710254645560908
K2-127 b,K2-127,1,1,Transit,2017,3.588163,0.0411,87.22,2.8e-05,-2.9e-05,<a refstr=LIVINGSTON_ET_AL__2018 href=https://ui.adsabs.harvard.edu/abs/2018AJ....156..277L/abstract target=ref>Livingston et al. 2018</a>,8.37,0.33,-0.33,0.74672138,52.9,,,M-R relationship,<a refstr=CALCULATED_VALUE href=/docs/pscp_calc.html target=_blank>Calculated Value</a>,0.167,0.496,0.12,0.142231,-0.096252,105.6,809.0,,4575.0,0.66,0.72,-0.11,0.039426523297491044
HAT-P-3 b,HAT-P-3,2,1,Transit,2007,2.8997,0.03866,87.24,5.4e-05,-5.4e-05,<a refstr=STASSUN_ET_AL__2017 href=https://ui.adsabs.harvard.edu/abs/2017AJ....153..136S/abstract target=ref>Stassun et al. 2017</a>,10.53646,0.78463,-0.78463,0.94,206.5895,34.9613,-34.9613,Mass,<a refstr=STASSUN_ET_AL__2017 href=https://ui.adsabs.harvard.edu/abs/2017AJ....153..136S/abstract target=ref>Stassun et al. 2017</a>,0.65,0.855,0.0,,,176.587,1189.0,K1,5185.0,0.87,1.06,0.27,0.07446808510638299
WASP-32 b,WASP-32,1,1,Transit,2010,2.71866,0.0394,85.1,2e-06,-2e-06,<a refstr=STASSUN_ET_AL__2017 href=https://ui.adsabs.harvard.edu/abs/2017AJ....153..136S/abstract target=ref>Stassun et al. 2017</a>,10.76064,1.68135,-1.68135,0.96,835.8929,260.6206,-260.6206,Mass,<a refstr=STASSUN_ET_AL__2017 href=https://ui.adsabs.harvard.edu/abs/2017AJ....153..136S/abstract target=ref>Stassun et al. 2017</a>,2.63,3.24,0.0,,,616.33,1388.0,,6140.0,0.95,0.72,-0.13,0.15624999999999997
WASP-24 b,WASP-24,3,1,Transit,2010,2.34121,0.03651,83.64,2e-06,-2e-06,<a refstr=STASSUN_ET_AL__2017 href=https://ui.adsabs.harvard.edu/abs/2017AJ....153..136S/abstract target=ref>Stassun et al. 2017</a>,15.46842,1.79344,-1.79344,1.38,394.1092,92.1707,-92.1707,Mass,<a refstr=STASSUN_ET_AL__2017 href=https://ui.adsabs.harvard.edu/abs/2017AJ....153..136S/abstract target=ref>Stassun et al. 2017</a>,1.24,0.622,0.0,,,934.465,1772.0,,6075.0,1.42,1.43,0.0,0.11594202898550725
TrES-2 b,TrES-2,2,1,Transit,2006,2.47063,0.03568,83.57,1e-05,-1e-05,<a refstr=STASSUN_ET_AL__2017 href=https://ui.adsabs.harvard.edu/abs/2017AJ....153..136S/abstract target=ref>Stassun et al. 2017</a>,15.24424,0.89672,-0.89672,1.36,473.5667,69.9226,-69.9226,Mass,<a refstr=STASSUN_ET_AL__2017 href=https://ui.adsabs.harvard.edu/abs/2017AJ....153..136S/abstract target=ref>Stassun et al. 2017</a>,1.49,0.884,0.0,,,903.864,1466.0,G0 V,5850.0,1.12,1.36,-0.15,0.058823529411764705
Kepler-939 b,Kepler-939,1,1,Transit,2016,14.878296,0.1153,85.91,0.0001256,-0.0001256,<a refstr=MORTON_ET_AL__2016 href=https://ui.adsabs.harvard.edu/abs/2016ApJ...822...86M/abstract target=ref>Morton et al. 2016</a>,1.75,0.31,-0.2,0.15612454,3.71,,,M-R relationship,<a refstr=CALCULATED_VALUE href=/docs/pscp_calc.html target=_blank>Calculated Value</a>,0.0117,3.8,0.0,,,54.19,692.0,,5471.0,0.85,0.88,-0.12,0.17714285714285713
Kepler-1028 b,Kepler-1028,1,1,Transit,2016,2.51462432,0.0354,88.78,4.953e-06,-4.953e-06,<a refstr=MORTON_ET_AL__2016 href=https://ui.adsabs.harvard.edu/abs/2016ApJ...822...86M/abstract target=ref>Morton et al. 2016</a>,1.33,0.15,-0.11,0.11865465,2.33,,,M-R relationship,<a refstr=CALCULATED_VALUE href=/docs/pscp_calc.html target=_blank>Calculated Value</a>,0.00733,5.44,0.0,,,519.636,1217.0,,5522.0,0.87,0.9,-0.09,0.11278195488721804
HAT-P-67 b,HAT-P-67,2,1,Transit,2017,4.8101069,0.06505,88.8,7e-07,-6.8e-07,<a refstr=WANG_ET_AL_2025 href=https://ui.adsabs.harvard.edu/abs/2025AJ....169..336W/abstract target=ref>Wang et al. 2025</a>,23.9872187,0.28022452,-0.28022452,2.14,143.02278315,47.67426105,-47.67426105,Mass,<a refstr=WANG_ET_AL_2025 href=https://ui.adsabs.harvard.edu/abs/2025AJ....169..336W/abstract target=ref>Wang et al. 2025</a>,0.45,0.061,0.0,,,2029.17,1903.0,,6640.0,2.62,1.73,0.14,0.011682243093902336
Kepler-1101 b,Kepler-1101,1,1,Transit,2016,81.3151059,0.3483,89.99,0.0005693,-0.0005693,<a refstr=MORTON_ET_AL__2016 href=https://ui.adsabs.harvard.edu/abs/2016ApJ...822...86M/abstract target=ref>Morton et al. 2016</a>,2.47,0.37,-0.21,0.22035864,6.66,,,M-R relationship,<a refstr=CALCULATED_VALUE href=/docs/pscp_calc.html target=_blank>Calculated Value</a>,0.021,2.43,0.0,,,3.577,393.0,,5614.0,0.91,0.94,-0.04,0.14979757085020243
Kepler-768 b,Kepler-768,1,1,Transit,2016,11.3910025,0.092,88.44,7.499e-05,-7.499e-05,<a refstr=MORTON_ET_AL__2016 href=https://ui.adsabs.harvard.edu/abs/2016ApJ...822...86M/abstract target=ref>Morton et al. 2016</a>,1.79,0.2,-0.13,0.1596931,3.86,,,M-R relationship,<a refstr=CALCULATED_VALUE href=/docs/pscp_calc.html target=_blank>Calculated Value</a>,0.0121,3.7,0.0,,,40.589,618.0,,5108.0,0.78,0.82,-0.03,0.111731843575419
Kepler-1042 b,Kepler-1042,1,1,Transit,2016,10.13202575,0.0756,89.93,3.028e-05,-3.028e-05,<a refstr=MORTON_ET_AL__2016 href=https://ui.adsabs.harvard.edu/abs/2016ApJ...822...86M/abstract target=ref>Morton et al. 2016</a>,2.19,0.11,-0.16,0.19537871,5.43,,,M-R relationship,<a refstr=CALCULATED_VALUE href=/docs/pscp_calc.html target=_blank>Calculated Value</a>,0.0171,2.84,0.0,,,25.66,574.0,,4815.0,0.72,0.75,-0.1,0.07305936073059362
Kepler-1117 b,Kepler-1117,1,1,Transit,2016,4.79028459,0.05485,87.83,1.86e-05,-1.86e-05,<a refstr=MORTON_ET_AL__2016 href=https://ui.adsabs.harvard.edu/abs/2016ApJ...822...86M/abstract target=ref>Morton et al. 2016</a>,1.11,0.17,-0.08,0.09902757,1.41,,,M-R relationship,<a refstr=CALCULATED_VALUE href=/docs/pscp_calc.html target=_blank>Calculated Value</a>,0.00444,5.67,0.0,,,194.976,938.0,,5612.0,0.93,0.95,0.03,0.15315315315315314
Kepler-1105 b,Kepler-1105,1,1,Transit,2016,4.421572182,0.0471,84.34,9.77e-06,-9.77e-06,<a refstr=MORTON_ET_AL__2016 href=https://ui.adsabs.harvard.edu/abs/2016ApJ...822...86M/abstract target=ref>Morton et al. 2016</a>,2.01,0.06,-0.25,0.17932019,4.7,,,M-R relationship,<a refstr=CALCULATED_VALUE href=/docs/pscp_calc.html target=_blank>Calculated Value</a>,0.0148,3.18,0.0,,,47.18,729.0,,4299.0,0.68,0.71,0.28,0.12437810945273634
Kepler-1379 b,Kepler-1379,1,1,Transit,2016,0.881841146,0.0171,84.47,3.128e-06,-3.128e-06,<a refstr=MORTON_ET_AL__2016 href=https://ui.adsabs.harvard.edu/abs/2016ApJ...822...86M/abstract target=ref>Morton et al. 2016</a>,1.3,0.12,-0.09,0.11597823,2.24,,,M-R relationship,<a refstr=CALCULATED_VALUE href=/docs/pscp_calc.html target=_blank>Calculated Value</a>,0.00705,5.6,0.0,,,1600.049,1564.0,,5188.0,0.79,0.83,-0.04,0.0923076923076923
Kepler-1291 b,Kepler-1291,1,1,Transit,2016,8.63043276,0.0779,88.03,6.731e-05,-6.731e-05,<a refstr=MORTON_ET_AL__2016 href=https://ui.adsabs.harvard.edu/abs/2016ApJ...822...86M/abstract target=ref>Morton et al. 2016</a>,1.66,0.1,-0.18,0.14809528,3.39,,,M-R relationship,<a refstr=CALCULATED_VALUE href=/docs/pscp_calc.html target=_blank>Calculated Value</a>,0.0107,4.07,0.0,,,62.823,739.0,,5216.0,0.8,0.84,-0.04,0.10843373493975904
Kepler-461 b,Kepler-461,1,1,Transit,2016,8.313783059,0.07895,89.99,7.661e-06,-7.661e-06,<a refstr=MORTON_ET_AL__2016 href=https://ui.adsabs.harvard.edu/abs/2016ApJ...822...86M/abstract target=ref>Morton et al. 2016</a>,2.58,0.07,-0.06,0.23017218,7.18,,,M-R relationship,<a refstr=CALCULATED_VALUE href=/docs/pscp_calc.html target=_blank>Calculated Value</a>,0.0226,2.3,0.0,,,254.906,886.0,,5634.0,0.91,0.98,0.04,0.027131782945736437
HD 221416 b,HD 221416,1,1,Transit,2019,14.2767,0.1228,85.75,0.0037,-0.0037,<a refstr=HUBER_ET_AL__2019 href=https://ui.adsabs.harvard.edu/abs/2019AJ....157..245H/abstract target=ref>Huber et al. 2019</a>,9.17,0.34,-0.31,0.836,60.5,5.7,-5.7,Mass,<a refstr=HUBER_ET_AL__2019 href=https://ui.adsabs.harvard.edu/abs/2019AJ....157..245H/abstract target=ref>Huber et al. 2019</a>,0.19,0.431,0.115,0.034,-0.03,495.9065,1314.67,K0 IV/V,5080.0,2.943,1.212,-0.08,0.03707742639040349
OGLE-TR-211 b,OGLE-TR-211,1,1,Transit,2007,3.67724,0.051,87.2,3e-05,-3e-05,<a refstr=UDALSKI_ET_AL__2008 href=https://ui.adsabs.harvard.edu/abs/2008A&A...482..299U/abstract target=ref> Udalski et al. 2008 </a>,15.244,2.018,-1.009,1.36,327.351,63.563,-63.563,Mass,<a refstr=UDALSKI_ET_AL__2008 href=https://ui.adsabs.harvard.edu/abs/2008A&A...482..299U/abstract target=ref> Udalski et al. 2008 </a>,1.03,0.42,0.0,,,710.2804,1686.0,,6325.0,1.64,1.33,0.11,0.13237995276830228
Lupus-TR-3 b,Lupus-TR-3,1,1,Transit,2007,3.91405,0.0464,88.3,4e-05,-4e-05,<a refstr=WELDRAKE_ET_AL__2008 href=https://ui.adsabs.harvard.edu/abs/2008ApJ...675L..37W/abstract target=ref> Weldrake et al. 2008 </a>,9.976,0.785,-0.785,0.89,257.431,57.207,-57.207,Mass,<a refstr=WELDRAKE_ET_AL__2008 href=https://ui.adsabs.harvard.edu/abs/2008ApJ...675L..37W/abstract target=ref> Weldrake et al. 2008 </a>,0.81,1.4,0.0,,,15.9599,1013.56,,5000.0,0.82,0.87,,0.0786888532477947
WASP-21 b,WASP-21,1,1,Transit,2010,4.322482,0.052,88.75,1.9e-05,-2.4e-05,<a refstr=BOUCHY_ET_AL__2010 href=https://ui.adsabs.harvard.edu/abs/2010arXiv1006.2605B/abstract target=ref> Bouchy et al. 2010 </a>,11.99,0.56,-0.56,1.07,95.345,3.496,-3.496,Mass,<a refstr=BOUCHY_ET_AL__2010 href=https://ui.adsabs.harvard.edu/abs/2010arXiv1006.2605B/abstract target=ref> Bouchy et al. 2010 </a>,0.3,0.32,0.0,,,705.0438,1333.0,G3 V,5800.0,1.06,1.01,-0.22,0.046705587989991665
CoRoT-10 b,CoRoT-10,1,1,Transit,2010,13.2406,0.1055,88.55,0.0002,-0.0002,<a refstr=BONOMO_ET_AL__2010 href=https://ui.adsabs.harvard.edu/abs/2010A%26A...520A..65B/abstract target=ref> Bonomo et al. 2010 </a>,10.87,0.78,-0.78,0.97,874.0,50.85,-50.85,Mass,<a refstr=BONOMO_ET_AL__2010 href=https://ui.adsabs.harvard.edu/abs/2010A%26A...520A..65B/abstract target=ref> Bonomo et al. 2010 </a>,2.75,3.7,0.53,0.04,-0.04,16.1089,600.0,K1 V,5075.0,0.79,0.89,0.26,0.07175712971481142
CoRoT-12 b,CoRoT-12,1,1,Transit,2010,2.828042,0.04016,85.48,1.3e-05,-1.3e-05,<a refstr=GILLON_ET_AL__2010 href=https://ui.adsabs.harvard.edu/abs/2010A%26A...520A..97G/abstract target=ref> Gillon et al. 2010 </a>,16.14,1.46,-1.46,1.44,291.438,22.247,-20.658,Mass,<a refstr=GILLON_ET_AL__2010 href=https://ui.adsabs.harvard.edu/abs/2010A%26A...520A..97G/abstract target=ref> Gillon et al. 2010 </a>,0.917,0.411,0.07,0.063,-0.042,661.1334,1442.0,,5675.0,1.116,1.078,0.16,0.09045848822800495
CoRoT-13 b,CoRoT-13,1,1,Transit,2010,4.03519,0.051,88.02,3e-05,-3e-05,<a refstr=CABRERA_ET_AL__2010 href=https://ui.adsabs.harvard.edu/abs/2010A%26A...522A.110C/abstract target=ref> Cabrera et al. 2010 </a>,9.92,0.157,-0.157,0.885,415.704,20.976,-20.976,Mass,<a refstr=CABRERA_ET_AL__2010 href=https://ui.adsabs.harvard.edu/abs/2010A%26A...522A.110C/abstract target=ref> Cabrera et al. 2010 </a>,1.308,2.34,0.0,,,546.5339,1700.0,G0 V,5945.0,1.01,1.09,0.01,0.015826612903225807
CoRoT-3 b,CoRoT-3,1,1,Transit,2008,4.2568,0.05783,85.9,5e-06,-5e-06,<a refstr=DELEUIL_ET_AL__2008 href=https://ui.adsabs.harvard.edu/abs/2008A&A...491..889D/abstract target=ref> Deleuil et al. 2008 </a>,11.32,0.78,-0.78,1.01,6883.91,317.8,-317.8,Mass,<a refstr=DELEUIL_ET_AL__2008 href=https://ui.adsabs.harvard.edu/abs/2008A&A...491..889D/abstract target=ref> Deleuil et al. 2008 </a>,21.66,26.4,0.0,,,735.4472,1695.0,F3 V,6740.0,1.56,1.37,0.14,0.06890459363957598
Kepler-4 b,Kepler-4,1,1,Transit,2009,3.21346,0.0456,89.76,0.00022,-0.00022,<a refstr=BORUCKI_ET_AL__2010 href=https://ui.adsabs.harvard.edu/abs/2010ApJ...713L.126B/abstract target=ref> Borucki et al. 2010 </a>,4.002,0.213,-0.213,0.357,24.472,3.814,-3.814,Mass,<a refstr=BORUCKI_ET_AL__2010 href=https://ui.adsabs.harvard.edu/abs/2010ApJ...713L.126B/abstract target=ref> Borucki et al. 2010 </a>,0.077,1.91,0.0,,,1245.431,1650.0,,5857.0,1.487,1.223,0.17,0.05322338830584708
TOI-907.01,TOI-907,1,1,Transit,2024,4.5849129,0.055225481,,,,<a refstr=HORD_ET_AL__2024 href=https://ui.adsabs.harvard.edu/abs/2024AJ....167..233H/abstract target=ref>Hord et al. 2024</a>,9.6158851,0.6116279,-0.6116279,0.85694229,67.0,,,M-R relationship,<a refstr=CALCULATED_VALUE href=/docs/pscp_calc.html target=_blank>Calculated Value</a>,0.211,0.414,,,,1729.6714,1846.6,,6272.0,2.059789,1.069357,,0.06360599088273215
WASP-31 b,WASP-31,1,1,Transit,2010,3.4059096,0.04659,84.41,5e-06,-5e-06,<a refstr=ANDERSON_ET_AL__2011 href=https://ui.adsabs.harvard.edu/abs/2011A&A...531A..60A/abstract target=ref> Anderson et al. 2011</a>,17.363,0.56,-0.56,1.549,151.916,9.217,-9.217,Mass,<a refstr=ANDERSON_ET_AL__2011 href=https://ui.adsabs.harvard.edu/abs/2011A&A...531A..60A/abstract target=ref> Anderson et al. 2011</a>,0.478,0.172,0.0,,,970.9417,1423.7,,6302.0,1.252,1.163,-0.2,0.03225249092898693
WASP-37 b,WASP-37,1,1,Transit,2010,3.577469,0.0446,88.82,1.1e-05,-1.1e-05,<a refstr=SIMPSON_ET_AL__2010 href=https://ui.adsabs.harvard.edu/abs/2010arXiv1008.3096S/abstract target=ref> Simpson et al. 2010 </a>,13.002,0.785,-0.673,1.16,572.07,54.029,-54.029,Mass,<a refstr=SIMPSON_ET_AL__2010 href=https://ui.adsabs.harvard.edu/abs/2010arXiv1008.3096S/abstract target=ref> Simpson et al. 2010 </a>,1.8,1.53,0.0,,,545.3338,1232.5,,5800.0,1.003,0.925,-0.4,0.0603753268727888
KOI-217 b,KOI-217,1,1,Transit,2010,3.90512,0.0477,89.8,5e-05,-5e-05,<a refstr=HOWELL_ET_AL__2010 href=https://ui.adsabs.harvard.edu/abs/2010arXiv1010.4106H/abstract target=ref> Howell et al. 2010 </a>,12.442,0.224,-0.224,1.11,,,,Msini,<a refstr=HOWELL_ET_AL__2010 href=https://ui.adsabs.harvard.edu/abs/2010arXiv1010.4106H/abstract target=ref> Howell et al. 2010 </a>,,,0.0,,,272.033,1046.0,,5545.0,0.86,0.95,0.12,0.01800353640893747
K2-269 b,K2-269,1,1,Transit,2018,4.144965,0.0531,86.72002,0.000817,-0.000619,<a refstr=LIVINGSTON_ET_AL__2018 href=https://ui.adsabs.harvard.edu/abs/2018AJ....156..277L/abstract target=ref>Livingston et al. 2018</a>,1.57,0.12,-0.12,0.14006602,3.09,,,M-R relationship,<a refstr=CALCULATED_VALUE href=/docs/pscp_calc.html target=_blank>Calculated Value</a>,0.00972,4.39,,,,1041.5274,1429.0,,6209.0,1.45,1.16,-0.08,0.07643312101910828
TOI-1249 b,TOI-1249,1,1,Transit,2024,13.079151,0.109,,5.4e-05,-5.4e-05,<a refstr=POLANSKI_ET_AL__2024 href=https://ui.adsabs.harvard.edu/abs/2024ApJS..272...32P/abstract target=ref>Polanski et al. 2024</a>,3.2710301,0.30687428,-0.18737301,0.29182226,11.9,5.2,-5.1,Mass,<a refstr=POLANSKI_ET_AL__2024 href=https://ui.adsabs.harvard.edu/abs/2024ApJS..272...32P/abstract target=ref>Polanski et al. 2024</a>,0.03744159,1.84,0.0,,,48.6058,726.89,,5497.0,0.9785,1.0062,0.297,0.09381579215672764
WASP-61 b,WASP-61,1,1,Transit,2012,3.8559,0.0521,89.35,3e-06,-3e-06,<a refstr=STASSUN_ET_AL__2017 href=https://ui.adsabs.harvard.edu/abs/2017AJ....153..136S/abstract target=ref>Stassun et al. 2017</a>,15.80469,2.46598,-2.46598,1.41,851.7844,266.9772,-266.9772,Mass,<a refstr=STASSUN_ET_AL__2017 href=https://ui.adsabs.harvard.edu/abs/2017AJ....153..136S/abstract target=ref>Stassun et al. 2017</a>,2.68,1.423,0.0,,,1062.0298,1624.4,,6250.0,1.55,1.82,-0.1,0.15602836879432624
WASP-123 b,WASP-123,2,1,Transit,2016,2.97764359,0.04263,86.2,5.2e-07,-5.2e-07,<a refstr=KOKORI_ET_AL__2023 href=https://ui.adsabs.harvard.edu/abs/2023ApJS..265....4K/abstract target=ref>Kokori et al. 2023</a>,15.13212395,0.56044903,-0.56044903,1.35,285.72917,11.44188,-11.44188,Mass,<a refstr=TURNER_ET_AL__2016 href=https://ui.adsabs.harvard.edu/abs/2016PASP..128f4401T/abstract target=ref>Turner et al. 2016</a>,0.899,0.490693,0.0,,,758.324,1500.0,G5,5740.0,1.285,1.166,0.18,0.037037036694376274
Kepler-1573 b,Kepler-1573,1,1,Transit,2016,2.6157554,0.0364,87.98,1.498e-05,-1.498e-05,<a refstr=MORTON_ET_AL__2016 href=https://ui.adsabs.harvard.edu/abs/2016ApJ...822...86M/abstract target=ref>Morton et al. 2016</a>,1.2,0.23,-0.11,0.10705683,1.87,,,M-R relationship,<a refstr=CALCULATED_VALUE href=/docs/pscp_calc.html target=_blank>Calculated Value</a>,0.00588,5.95,0.0,,,1343.114,1379.0,,5808.0,1.0,1.01,0.02,0.19166666666666668
Kepler-802 b,Kepler-802,1,1,Transit,2016,40.0587473,0.2265,88.65,0.0001092,-0.0001092,<a refstr=MORTON_ET_AL__2016 href=https://ui.adsabs.harvard.edu/abs/2016ApJ...822...86M/abstract target=ref>Morton et al. 2016</a>,3.54,0.47,-0.4,0.31581765,12.3,,,M-R relationship,<a refstr=CALCULATED_VALUE href=/docs/pscp_calc.html target=_blank>Calculated Value</a>,0.0386,1.52,0.0,,,13.508,489.0,,5507.0,0.9,0.93,0.06,0.1327683615819209
Kepler-1440 b,Kepler-1440,1,1,Transit,2016,39.859484,0.23431,89.36,0.001034,-0.001034,<a refstr=MORTON_ET_AL__2016 href=https://ui.adsabs.harvard.edu/abs/2016ApJ...822...86M/abstract target=ref>Morton et al. 2016</a>,1.26,0.23,-0.14,0.11240967,2.13,,,M-R relationship,<a refstr=CALCULATED_VALUE href=/docs/pscp_calc.html target=_blank>Calculated Value</a>,0.00669,5.85,0.0,,,44.728,597.0,,5698.0,0.96,0.98,0.04,0.18253968253968256
WASP-130 b,WASP-130,1,1,Transit,2016,11.55098,0.1012,88.66,1e-05,-1e-05,<a refstr=HELLIER_ET_AL__2017 href=https://ui.adsabs.harvard.edu/abs/2017MNRAS.465.3693H/abstract target=ref>Hellier et al. 2017</a>,9.97601,0.33627,-0.33627,0.89,390.9309,12.7132,-12.7132,Mass,<a refstr=HELLIER_ET_AL__2017 href=https://ui.adsabs.harvard.edu/abs/2017MNRAS.465.3693H/abstract target=ref>Hellier et al. 2017</a>,1.23,2.34,0.0,,,56.355,833.0,G6,5625.0,0.96,1.04,0.26,0.033707865168539325
Wolf 327 b,Wolf 327,1,1,Transit,2024,0.5734745,0.01,84.89,3e-07,-3e-07,<a refstr=MURGAS_ET_AL_2024 href=https://ui.adsabs.harvard.edu/abs/2024A&A...684A..83M/abstract target=ref>Murgas et al. 2024</a>,1.24,0.06,-0.06,0.11062558,2.53,0.46,-0.46,Mass,<a refstr=MURGAS_ET_AL_2024 href=https://ui.adsabs.harvard.edu/abs/2024A&A...684A..83M/abstract target=ref>Murgas et al. 2024</a>,0.00796027,7.24,0.0,,,233.9,996.0,M2.5 V,3542.0,0.406,0.405,-0.17,0.04838709677419355
HATS-44 b,HATS-44,1,1,Transit,2018,2.7439004,0.03649,84.65,3.2e-06,-3.2e-06,<a refstr=BRAHM_ET_AL__2018 href=https://ui.adsabs.harvard.edu/abs/2018AJ....155..112B/abstract target=ref>Brahm et al. 2018</a>,11.960003,1.401125,-0.795839,1.067,177.9848,34.9613,-34.9613,Mass,<a refstr=BRAHM_ET_AL__2018 href=https://ui.adsabs.harvard.edu/abs/2018AJ....155..112B/abstract target=ref>Brahm et al. 2018</a>,0.56,0.56,0.279,,,306.417,1161.0,,5080.0,0.847,0.86,0.32,0.11715089034676662
K2-212 b,K2-212,1,1,Transit,2018,9.795647,0.0785,89.19149,2.1e-05,-2.1e-05,<a refstr=DUCK_ET_AL__2021 href=https://ui.adsabs.harvard.edu/abs/2021AJ....162..136D/abstract target=ref>Duck et al. 2021</a>,2.65,0.2,-0.18,0.23641757,7.51,,,M-R relationship,<a refstr=CALCULATED_VALUE href=/docs/pscp_calc.html target=_blank>Calculated Value</a>,0.0236,2.22,,,,21.964,542.0,,4349.0,0.678,0.622,0.03,0.07547169811320756
Qatar-8 b,Qatar-8,1,1,Transit,2019,3.71495,0.0474,89.29,0.001,-0.001,<a refstr=ALSUBAI_ET_AL__2019 href=https://ui.adsabs.harvard.edu/abs/2019AJ....157..224A/abstract target=ref>Alsubai et al. 2019</a>,14.403565,0.246598,-0.246598,1.285,117.91493,19.70546,-19.70546,Mass,<a refstr=ALSUBAI_ET_AL__2019 href=https://ui.adsabs.harvard.edu/abs/2019AJ....157..224A/abstract target=ref>Alsubai et al. 2019</a>,0.371,0.216,0.0,,,698.148,1457.0,G0 V,5738.0,1.315,1.029,0.025,0.017120622568093387
Kepler-74 b,Kepler-74,1,1,Transit,2013,7.340711,0.0781,87.46,6e-06,-6e-06,<a refstr=BONOMO_ET_AL__2015 href=https://ui.adsabs.harvard.edu/abs/2015A&A...575A..85B/abstract target=ref>Bonomo et al. 2015</a>,10.76,0.22,-0.22,0.96,200.22,38.14,-38.14,Mass,<a refstr=BONOMO_ET_AL__2015 href=https://ui.adsabs.harvard.edu/abs/2015A&A...575A..85B/abstract target=ref>Bonomo et al. 2015</a>,0.63,0.88,0.0,,,337.682,1078.0,F8 V,6000.0,1.12,1.18,0.42,0.020446096654275093
K2-140 b,K2-140,1,1,Transit,2017,6.569188,0.068,88.3,3.1e-05,-3.1e-05,<a refstr=KORTH_ET_AL__2019 href=https://ui.adsabs.harvard.edu/abs/2019MNRAS.482.1807K/abstract target=ref>Korth et al. 2019</a>,13.56286665,1.00880826,-1.00880826,1.21,295.58041851,12.71313628,-12.71313628,Mass,<a refstr=KORTH_ET_AL__2019 href=https://ui.adsabs.harvard.edu/abs/2019MNRAS.482.1807K/abstract target=ref>Korth et al. 2019</a>,0.93,0.66,0.0,,,204.0,962.0,G6 V,5585.0,1.06,0.96,0.1,0.0743801650516117
Kepler-1503 b,Kepler-1503,1,1,Transit,2016,96.16987,0.3771,89.97,0.00118,-0.00118,<a refstr=MORTON_ET_AL__2016 href=https://ui.adsabs.harvard.edu/abs/2016ApJ...822...86M/abstract target=ref>Morton et al. 2016</a>,2.27,0.19,-0.23,0.20251584,5.77,,,M-R relationship,<a refstr=CALCULATED_VALUE href=/docs/pscp_calc.html target=_blank>Calculated Value</a>,0.0182,2.71,0.0,,,5.636,321.0,,5069.0,0.74,0.77,-0.19,0.10132158590308371
Kepler-1124 b,Kepler-1124,1,1,Transit,2016,2.852348975,0.0305,89.45,3.028e-06,-3.028e-06,<a refstr=MORTON_ET_AL__2016 href=https://ui.adsabs.harvard.edu/abs/2016ApJ...822...86M/abstract target=ref>Morton et al. 2016</a>,1.28,0.12,-0.07,0.11419395,2.18,,,M-R relationship,<a refstr=CALCULATED_VALUE href=/docs/pscp_calc.html target=_blank>Calculated Value</a>,0.00687,5.71,0.0,,,50.777,621.0,,3658.0,0.34,0.35,-0.59,0.09375
Kepler-1581 b,Kepler-1581,1,1,Transit,2016,6.28385491,0.06865,89.49,4.246e-05,-4.246e-05,<a refstr=MORTON_ET_AL__2016 href=https://ui.adsabs.harvard.edu/abs/2016ApJ...822...86M/abstract target=ref>Morton et al. 2016</a>,0.8,0.14,-0.09,0.07137122,0.437,,,M-R relationship,<a refstr=CALCULATED_VALUE href=/docs/pscp_calc.html target=_blank>Calculated Value</a>,0.00137,4.69,0.0,,,470.862,1108.0,,6022.0,1.23,1.12,0.07,0.17500000000000002
LHS 1815 b,LHS 1815,1,1,Transit,2020,3.814334,0.0404,88.125,8.4e-05,-8.4e-05,<a refstr=LUQUE__AMP__PALL_EACUTE__2022 href=https://ui.adsabs.harvard.edu/abs/2022Sci...377.1211L/abstract target=ref>Luque &amp; Pall&eacute; 2022</a>,1.088,0.064,-0.064,0.09706503,1.58,0.64,-0.6,Mass,<a refstr=LUQUE__AMP__PALL_EACUTE__2022 href=https://ui.adsabs.harvard.edu/abs/2022Sci...377.1211L/abstract target=ref>Luque &amp; Pall&eacute; 2022</a>,0.00497124,6.7,0.0,,,62.1493,617.0,M1,3643.0,0.501,0.502,-0.12,0.058823529411764705
Kepler-464 b,Kepler-464,1,1,Transit,2016,7.256965224,0.07931,85.51,5.766e-06,-5.766e-06,<a refstr=MORTON_ET_AL__2016 href=https://ui.adsabs.harvard.edu/abs/2016ApJ...822...86M/abstract target=ref>Morton et al. 2016</a>,3.3,0.16,-0.13,0.29440628,10.9,,,M-R relationship,<a refstr=CALCULATED_VALUE href=/docs/pscp_calc.html target=_blank>Calculated Value</a>,0.0343,1.67,0.0,,,495.005,1163.0,,5933.0,1.59,1.21,0.19,0.04848484848484849
Kepler-1580 b,Kepler-1580,1,1,Transit,2016,56.6449279,0.33571,88.47,0.0008525,-0.0008525,<a refstr=MORTON_ET_AL__2016 href=https://ui.adsabs.harvard.edu/abs/2016ApJ...822...86M/abstract target=ref>Morton et al. 2016</a>,2.11,0.3,-0.31,0.18824159,5.1,,,M-R relationship,<a refstr=CALCULATED_VALUE href=/docs/pscp_calc.html target=_blank>Calculated Value</a>,0.016,2.98,0.0,,,83.088,733.0,,6228.0,2.15,1.47,0.12,0.14691943127962087
Kepler-580 b,Kepler-580,1,1,Transit,2016,8.222419656,0.0683,89.39,9.789e-06,-9.789e-06,<a refstr=MORTON_ET_AL__2016 href=https://ui.adsabs.harvard.edu/abs/2016ApJ...822...86M/abstract target=ref>Morton et al. 2016</a>,2.57,0.29,-0.13,0.22928004,7.13,,,M-R relationship,<a refstr=CALCULATED_VALUE href=/docs/pscp_calc.html target=_blank>Calculated Value</a>,0.0224,2.31,0.0,,,24.063,558.0,,4298.0,0.64,0.67,-0.06,0.11284046692607004
Kepler-637 b,Kepler-637,1,1,Transit,2016,23.20584623,0.16619,89.92,5.368e-05,-5.368e-05,<a refstr=MORTON_ET_AL__2016 href=https://ui.adsabs.harvard.edu/abs/2016ApJ...822...86M/abstract target=ref>Morton et al. 2016</a>,4.75,0.51,-0.56,0.42376662,20.2,,,M-R relationship,<a refstr=CALCULATED_VALUE href=/docs/pscp_calc.html target=_blank>Calculated Value</a>,0.0636,1.04,0.0,,,63.805,1002.0,,6096.0,2.56,1.64,0.38,0.11789473684210527
Kepler-674 b,Kepler-674,1,1,Transit,2016,2.243381847,0.028,82.88,2.722e-06,-2.722e-06,<a refstr=MORTON_ET_AL__2016 href=https://ui.adsabs.harvard.edu/abs/2016ApJ...822...86M/abstract target=ref>Morton et al. 2016</a>,1.69,0.1,-0.07,0.1507717,3.5,,,M-R relationship,<a refstr=CALCULATED_VALUE href=/docs/pscp_calc.html target=_blank>Calculated Value</a>,0.011,3.98,0.0,,,146.511,822.0,,4192.0,0.57,0.6,-0.27,0.0591715976331361
Qatar-5 b,Qatar-5,1,1,Transit,2017,2.8792319,0.04127,88.74,,,<a refstr=ALSUBAI_ET_AL__2017 href=https://ui.adsabs.harvard.edu/abs/2017AJ....153..200A/abstract target=ref>Alsubai et al. 2017</a>,12.408363,0.717376,-0.717376,1.107,1373.0256,57.2094,-57.2094,Mass,<a refstr=ALSUBAI_ET_AL__2017 href=https://ui.adsabs.harvard.edu/abs/2017AJ....153..200A/abstract target=ref>Alsubai et al. 2017</a>,4.32,3.95,0.0,,,669.0,1415.0,G2 V,5747.0,1.076,1.128,0.377,0.05781391147244806
TOI-1759 b,TOI-1759,1,1,Transit,2022,18.85019,0.1177,89.72,0.00013,-0.00013,<a refstr=ESPINOZA_ET_AL__2022 href=https://ui.adsabs.harvard.edu/abs/2022AJ....163..133E/abstract target=ref>Espinoza et al. 2022</a>,3.14,0.1,-0.1,0.28013252,10.8,1.5,-1.5,Mass,<a refstr=ESPINOZA_ET_AL__2022 href=https://ui.adsabs.harvard.edu/abs/2022AJ....163..133E/abstract target=ref>Espinoza et al. 2022</a>,0.0339806,1.91,0.0,,,6.39,443.0,M0.0 V,4065.0,0.597,0.606,0.05,0.03184713375796178
TOI-2285 b,TOI-2285,1,1,Transit,2021,13.635109,0.1363,89.66,3.1e-05,-3.1e-05,<a refstr=FUKUI_2025 href=https://ui.adsabs.harvard.edu/abs/2025RNAAS...9...73F/abstract target=ref>Fukui 2025</a>,1.77,0.12,-0.09,0.1579091,19.5,,,Mass,<a refstr=FUKUI_ET_AL__2022 href=https://ui.adsabs.harvard.edu/abs/2022PASJ...74L...1F/abstract target=ref>Fukui et al. 2022</a>,0.06135386,,0.3,0.1,-0.09,3.91,358.0,,3491.0,0.464,0.454,-0.05,0.06779661016949153
Kepler-682 b,Kepler-682,1,1,Transit,2016,12.611906672,0.1058,88.17,6.463e-06,-6.463e-06,<a refstr=MORTON_ET_AL__2016 href=https://ui.adsabs.harvard.edu/abs/2016ApJ...822...86M/abstract target=ref>Morton et al. 2016</a>,7.37,0.77,-0.5,0.65750736,42.6,,,M-R relationship,<a refstr=CALCULATED_VALUE href=/docs/pscp_calc.html target=_blank>Calculated Value</a>,0.134,0.585,0.0,,,306.102,753.0,,5559.0,0.89,0.92,-0.05,0.1044776119402985
TOI-220 b,TOI-220,1,1,Transit,2021,10.695264,0.08911,87.88,8.6e-05,-8.6e-05,<a refstr=HOYER_ET_AL__2021 href=https://ui.adsabs.harvard.edu/abs/2021MNRAS.505.3361H/abstract target=ref>Hoyer et al. 2021</a>,3.03,0.15,-0.15,0.27031896,13.8,1.0,-1.0,Mass,<a refstr=HOYER_ET_AL__2021 href=https://ui.adsabs.harvard.edu/abs/2021MNRAS.505.3361H/abstract target=ref>Hoyer et al. 2021</a>,0.04341966,2.73,0.032,0.038,-0.023,137.7252,805.0,K0 V,5298.0,0.858,0.825,-0.217,0.04950495049504951
TOI-4898 b,TOI-4898,1,1,Transit,2026,2.76520470167,,87.39169,7.81027e-06,-7.44965e-06,<a refstr=LAFARGA_ET_AL_2026 href=https://ui.adsabs.harvard.edu/abs/2026MNRAS.548ag512L/abstract target=ref>Lafarga et al. 2026</a>,3.7197954,0.31107066,-0.28689141,0.33185849,13.4,,,M-R relationship,<a refstr=CALCULATED_VALUE href=/docs/pscp_calc.html target=_blank>Calculated Value</a>,0.042,1.43,,,,33.0144,667.0,,4201.57,0.639344,0.619077,,0.08362574457724206
Kepler-1292 b,Kepler-1292,1,1,Transit,2016,3.27646405,0.0443,90.0,1.548e-05,-1.548e-05,<a refstr=MORTON_ET_AL__2016 href=https://ui.adsabs.harvard.edu/abs/2016ApJ...822...86M/abstract target=ref>Morton et al. 2016</a>,1.82,0.29,-0.14,0.16236952,3.97,,,M-R relationship,<a refstr=CALCULATED_VALUE href=/docs/pscp_calc.html target=_blank>Calculated Value</a>,0.0125,3.62,0.0,,,521.101,1195.0,,5556.0,0.93,0.95,0.08,0.15934065934065933
TOI-3278 b,TOI-3278,1,1,Transit,2026,3.246456,0.043,83.0,4.5e-06,-4.4e-06,<a refstr=PLUNKETT_ET_AL_2026 href=https://ui.adsabs.harvard.edu/abs/2026arXiv260805500P/abstract target=ref>Plunkett et al. 2026</a>,13.89913607,0.44835923,-0.44835923,1.24,95.3485221,22.24798849,-22.24798849,Mass,<a refstr=PLUNKETT_ET_AL_2026 href=https://ui.adsabs.harvard.edu/abs/2026arXiv260805500P/abstract target=ref>Plunkett et al. 2026</a>,0.3,0.21,0.0,,,1030.0,1561.0,G2-G4 V,5720.0,1.39,1.04,0.04,0.03225806465538113
TOI-4492 b,TOI-4492,1,1,Transit,2026,4.4331824,0.0535,88.78,1.5e-06,-1.4e-06,<a refstr=LILLO_BOX_ET_AL_2026 href=https://ui.adsabs.harvard.edu/abs/2026arXiv260719756L/abstract target=ref>Lillo-Box et al. 2026</a>,11.78063872,0.61649394,-0.61649394,1.051,1881.54416944,212.94503269,-203.41018048,Mass,<a refstr=LILLO_BOX_ET_AL_2026 href=https://ui.adsabs.harvard.edu/abs/2026arXiv260719756L/abstract target=ref>Lillo-Box et al. 2026</a>,5.92,6.37,,,,510.0,1207.0,G2 V,5711.0,1.222,1.067,0.219,0.05233111333372593
Kepler-1058 b,Kepler-1058,1,1,Transit,2016,110.96546,0.3679,89.14,0.001146,-0.001146,<a refstr=MORTON_ET_AL__2016 href=https://ui.adsabs.harvard.edu/abs/2016ApJ...822...86M/abstract target=ref>Morton et al. 2016</a>,2.72,0.11,-0.32,0.24266215,7.85,,,M-R relationship,<a refstr=CALCULATED_VALUE href=/docs/pscp_calc.html target=_blank>Calculated Value</a>,0.0247,2.14,0.0,,,0.77,239.0,,4644.0,0.69,0.73,-0.06,0.11764705882352941
HATS-43 b,HATS-43,1,1,Transit,2018,4.3888497,0.04944,89.24,5.9e-06,-5.9e-06,<a refstr=BRAHM_ET_AL__2018 href=https://ui.adsabs.harvard.edu/abs/2018AJ....155..112B/abstract target=ref>Brahm et al. 2018</a>,13.22662,0.56045,-0.56045,1.18,82.95363,17.16282,-17.16282,Mass,<a refstr=BRAHM_ET_AL__2018 href=https://ui.adsabs.harvard.edu/abs/2018AJ....155..112B/abstract target=ref>Brahm et al. 2018</a>,0.261,0.191,0.173,0.089,-0.089,192.2328,1003.0,,5099.0,0.812,0.837,0.05,0.0423728813559322
TOI-1107 b,TOI-1107,1,1,Transit,2022,4.0782387,0.0561,88.63,2.4e-06,-2.5e-06,<a refstr=PSARIDI_ET_AL_2022 href=https://ui.adsabs.harvard.edu/abs/2022A&A...664A..94P/abstract target=ref>Psaridi et al. 2022</a>,14.57167491,0.56044903,-0.56044903,1.3,1064.72516345,57.20911326,-57.20911326,Mass,<a refstr=PSARIDI_ET_AL_2022 href=https://ui.adsabs.harvard.edu/abs/2022A&A...664A..94P/abstract target=ref>Psaridi et al. 2022</a>,3.35,1.89,0.025,0.023,-0.016,532.0,1728.0,F6 V,6311.0,1.81,1.35,-0.1,0.03846153811840701
Kepler-1992 b,Kepler-1992,1,1,Transit,2023,15.6112238,0.1169,89.03,0.0001275,-0.0001275,<a refstr=Q1_Q17_DR25_KOI_TABLE href=https://exoplanetarchive.ipac.caltech.edu/docs/Kepler_KOI_docs.html target=ref>Q1-Q17 DR25 KOI Table</a>,0.91,0.09,-0.05,0.0811849,0.693,,,M-R relationship,<a refstr=CALCULATED_VALUE href=/docs/pscp_calc.html target=_blank>Calculated Value</a>,0.00218,5.05,0.0,,,38.99,637.0,,5383.0,0.842,0.874,0.0,0.0989010989010989
TOI-912 b,TOI-912,1,1,Transit,2025,4.6780691,0.041,88.7,1.7e-06,-1.7e-06,<a refstr=LACEDELLI_ET_AL_2026 href=https://ui.adsabs.harvard.edu/abs/2026A&A...705A.260L/abstract target=ref>Lacedelli et al. 2026</a>,1.93,0.13,-0.13,0.17218336,5.1,0.5,-0.5,Mass,<a refstr=LACEDELLI_ET_AL_2026 href=https://ui.adsabs.harvard.edu/abs/2026A&A...705A.260L/abstract target=ref>Lacedelli et al. 2026</a>,0.01604639,4.0,0.58,0.02,-0.02,15.0,551.0,M3,3572.0,0.419,0.418,-0.19,0.06735751295336788
TOI-913 b,TOI-913,1,1,Transit,2023,11.098644,,89.1,0.000587,-0.000581,<a refstr=MISTRY_ET_AL_2023 href=https://ui.adsabs.harvard.edu/abs/2023AJ....166....9M/abstract target=ref>Mistry et al. 2023</a>,2.4528,0.1269,-0.1009,0.21882454,6.59,,,M-R relationship,<a refstr=CALCULATED_VALUE href=/docs/pscp_calc.html target=_blank>Calculated Value</a>,0.0207,2.45,,,,110.0592,712.01,,4969.0,0.7325,0.82,-0.133,0.05173679060665363
Kepler-559 b,Kepler-559,1,1,Transit,2016,17.58752333,0.1277,89.81,2.056e-05,-2.056e-05,<a refstr=MORTON_ET_AL__2016 href=https://ui.adsabs.harvard.edu/abs/2016ApJ...822...86M/abstract target=ref>Morton et al. 2016</a>,3.61,0.64,-0.36,0.32206263,12.7,,,M-R relationship,<a refstr=CALCULATED_VALUE href=/docs/pscp_calc.html target=_blank>Calculated Value</a>,0.0399,1.48,0.0,,,42.543,706.0,,5630.0,0.95,0.96,0.03,0.1772853185595568
WASP-34 b,WASP-34,1,1,Transit,2010,4.31768,0.0524,85.2,5e-06,-5e-06,<a refstr=STASSUN_ET_AL__2017 href=https://ui.adsabs.harvard.edu/abs/2017AJ....153..136S/abstract target=ref>Stassun et al. 2017</a>,11.209,0.89672,-0.89672,1.0,177.9848,54.0311,-54.0311,Mass,<a refstr=STASSUN_ET_AL__2017 href=https://ui.adsabs.harvard.edu/abs/2017AJ....153..136S/abstract target=ref>Stassun et al. 2017</a>,0.56,0.412,0.04,0.01,-0.01,229.962,1250.0,,5700.0,0.91,0.96,-0.02,0.08
HATS-64 b,HATS-64,1,1,Transit,2018,4.908897,0.06562,87.24,1.3e-05,-1.3e-05,<a refstr=HARTMAN_ET_AL__2019 href=https://ui.adsabs.harvard.edu/abs/2019AJ....157...55H/abstract target=ref>Hartman et al. 2019</a>,18.819911,0.907929,-0.907929,1.679,305.1168,63.566,-63.566,Mass,<a refstr=HARTMAN_ET_AL__2019 href=https://ui.adsabs.harvard.edu/abs/2019AJ....157...55H/abstract target=ref>Hartman et al. 2019</a>,0.96,0.245,0.151,,,1711.0,1793.0,,6554.0,2.113,1.564,0.22,0.04824300178677784
TIC 320419023 b,TIC 320419023,1,1,Transit,2026,5.26375651589,,87.59684,6.044364e-05,-6.771413e-05,<a refstr=LAFARGA_ET_AL_2026 href=https://ui.adsabs.harvard.edu/abs/2026MNRAS.548ag512L/abstract target=ref>Lafarga et al. 2026</a>,2.77280763,0.32201188,-0.2760399,0.24737375,8.11,,,M-R relationship,<a refstr=CALCULATED_VALUE href=/docs/pscp_calc.html target=_blank>Calculated Value</a>,0.0255,2.09,,,,,,,5703.36,0.952319,1.056,,0.11613206647155684
K2-255 b,K2-255,1,1,Transit,2018,1.96417,0.0274,,4e-05,-4e-05,<a refstr=LIVINGSTON_ET_AL__2018 href=https://ui.adsabs.harvard.edu/abs/2018AJ....156...78L/abstract target=ref>Livingston et al. 2018</a>,2.9,0.28,-0.11,0.25872067,8.75,,,M-R relationship,<a refstr=CALCULATED_VALUE href=/docs/pscp_calc.html target=_blank>Calculated Value</a>,0.0275,1.97,,,,215.9107,1034.0,,4676.0,0.69,0.71,-0.14,0.09655172413793105
Kepler-1334 b,Kepler-1334,1,1,Transit,2016,15.64591713,0.1229,89.94,7.265e-05,-7.265e-05,<a refstr=MORTON_ET_AL__2016 href=https://ui.adsabs.harvard.edu/abs/2016ApJ...822...86M/abstract target=ref>Morton et al. 2016</a>,2.29,0.31,-0.18,0.20430012,5.86,,,M-R relationship,<a refstr=CALCULATED_VALUE href=/docs/pscp_calc.html target=_blank>Calculated Value</a>,0.0184,2.68,0.0,,,78.355,710.0,,5614.0,0.91,0.94,-0.03,0.13537117903930132
Kepler-480 b,Kepler-480,1,1,Transit,2016,4.919583795,0.06024,88.43,4.897e-06,-4.897e-06,<a refstr=MORTON_ET_AL__2016 href=https://ui.adsabs.harvard.edu/abs/2016ApJ...822...86M/abstract target=ref>Morton et al. 2016</a>,2.78,0.29,-0.21,0.24801499,8.15,,,M-R relationship,<a refstr=CALCULATED_VALUE href=/docs/pscp_calc.html target=_blank>Calculated Value</a>,0.0256,2.08,0.0,,,764.078,1312.0,,6322.0,1.34,1.25,0.11,0.10431654676258993
TOI-2068 b,TOI-2068,1,1,Transit,2024,7.768915,0.0632,89.01,2.5e-05,-3.7e-05,<a refstr=MISTRY_ET_AL_2024 href=https://ui.adsabs.harvard.edu/abs/2024PASA...41...30M/abstract target=ref>Mistry et al. 2024</a>,1.821,0.162,-0.149,0.16245902,3.97,,,M-R relationship,<a refstr=CALCULATED_VALUE href=/docs/pscp_calc.html target=_blank>Calculated Value</a>,0.0125,3.61,,,,12.23,520.62,,3710.0,0.535,0.559,0.27,0.08896210873146623
Kepler-1030 b,Kepler-1030,1,1,Transit,2016,19.32952416,0.1338,89.99,7.474e-05,-7.474e-05,<a refstr=MORTON_ET_AL__2016 href=https://ui.adsabs.harvard.edu/abs/2016ApJ...822...86M/abstract target=ref>Morton et al. 2016</a>,2.48,0.12,-0.18,0.22125078,6.71,,,M-R relationship,<a refstr=CALCULATED_VALUE href=/docs/pscp_calc.html target=_blank>Calculated Value</a>,0.0211,2.42,0.0,,,16.881,529.0,,4983.0,0.76,0.8,-0.01,0.07258064516129031
CoRoT-11 b,CoRoT-11,1,1,Transit,2010,2.99433,0.0436,83.17,1.1e-05,-1.1e-05,<a refstr=GANDOLFI_ET_AL__2010 href=https://ui.adsabs.harvard.edu/abs/2010A%26A...524A..55G/abstract target=ref> Gandolfi et al. 2010 </a>,16.03,0.34,-0.34,1.43,740.51,108.06,-108.06,Mass,<a refstr=GANDOLFI_ET_AL__2010 href=https://ui.adsabs.harvard.edu/abs/2010A%26A...524A..55G/abstract target=ref> Gandolfi et al. 2010 </a>,2.33,0.99,0.0,,,1890.649,1657.0,F6 V,6440.0,1.37,1.27,-0.03,0.021210230817217717
WASP-74 b,WASP-74,1,1,Transit,2015,2.13775,0.03443,79.81,1e-06,-1e-06,<a refstr=STASSUN_ET_AL__2017 href=https://ui.adsabs.harvard.edu/abs/2017AJ....153..136S/abstract target=ref>Stassun et al. 2017</a>,15.24424,1.1209,-1.1209,1.36,228.8376,38.1396,-38.1396,Mass,<a refstr=STASSUN_ET_AL__2017 href=https://ui.adsabs.harvard.edu/abs/2017AJ....153..136S/abstract target=ref>Stassun et al. 2017</a>,0.72,0.3697,0.0,,,531.159,1865.0,F9,5990.0,1.42,0.98,0.39,0.07352941176470588
KELT-8 b,KELT-8,1,1,Transit,2015,3.24406,0.0455,82.65,0.00016,-0.00016,<a refstr=STASSUN_ET_AL__2017 href=https://ui.adsabs.harvard.edu/abs/2017AJ....153..136S/abstract target=ref>Stassun et al. 2017</a>,18.15858,1.1209,-1.1209,1.62,209.7678,38.1396,-38.1396,Mass,<a refstr=STASSUN_ET_AL__2017 href=https://ui.adsabs.harvard.edu/abs/2017AJ....153..136S/abstract target=ref>Stassun et al. 2017</a>,0.66,0.167,0.04,0.05,-0.05,983.3098,1675.0,G2 V,5754.0,1.46,0.81,0.27,0.06172839506172839
GJ 1214 b,GJ 1214,1,1,Transit,2009,1.580404531,0.01505,88.98,1.8e-08,-1.7e-08,<a refstr=MAHAJAN_ET_AL__2024 href=https://ui.adsabs.harvard.edu/abs/2024ApJ...963L..37M/abstract target=ref>Mahajan et al. 2024</a>,2.733,0.033,-0.031,0.24382235,8.41,0.36,-0.35,Mass,<a refstr=MAHAJAN_ET_AL__2024 href=https://ui.adsabs.harvard.edu/abs/2024ApJ...963L..37M/abstract target=ref>Mahajan et al. 2024</a>,0.02646082,2.26,0.0062,0.0079,-0.0044,17.2,567.0,M4 V,3101.0,0.2162,0.182,0.24,0.012074643249176729
GJ 436 b,GJ 436,1,1,Radial Velocity,2004,2.64388312,0.0291,86.44,5.7e-07,-5.7e-07,<a refstr=MACIEJEWSKI_ET_AL__2014 href=https://ui.adsabs.harvard.edu/abs/2014AcA....64..323M/abstract target=ref>Maciejewski et al. 2014</a>,4.17,0.168,-0.168,0.372,22.1,2.3,-2.3,Mass,<a refstr=MACIEJEWSKI_ET_AL__2014 href=https://ui.adsabs.harvard.edu/abs/2014AcA....64..323M/abstract target=ref>Maciejewski et al. 2014</a>,0.07,1.8,0.13827,0.00018,-0.00018,29.4322,686.0,M2.5 V,3586.11,0.455,0.47,0.0991,0.040287769784172665
HAT-P-12 b,HAT-P-12,1,1,Transit,2009,3.2130598,0.0384,89.0,2.1e-06,-2.1e-06,<a refstr=HARTMAN_ET_AL__2009 href=https://ui.adsabs.harvard.edu/abs/2009ApJ...706..785H/abstract target=ref> Hartman et al. 2009 </a>,10.749,0.325,-0.235,0.959,67.059,3.814,-3.814,Mass,<a refstr=HARTMAN_ET_AL__2009 href=https://ui.adsabs.harvard.edu/abs/2009ApJ...706..785H/abstract target=ref> Hartman et al. 2009 </a>,0.211,0.3192,0.0,,,118.075,963.0,K4,4650.0,0.701,0.733,-0.29,0.03023537073216113
HAT-P-14 b,HAT-P-14,2,1,Transit,2010,4.62767,0.0596,83.5,5e-06,-5e-06,<a refstr=STASSUN_ET_AL__2017 href=https://ui.adsabs.harvard.edu/abs/2017AJ....153..136S/abstract target=ref>Stassun et al. 2017</a>,15.91678,1.34508,-1.34508,1.42,1093.3352,200.2329,-200.2329,Mass,<a refstr=STASSUN_ET_AL__2017 href=https://ui.adsabs.harvard.edu/abs/2017AJ....153..136S/abstract target=ref>Stassun et al. 2017</a>,3.44,1.56,0.11,0.01,-0.01,1038.78,1624.0,F5 V,6600.0,1.82,2.65,0.11,0.08450704225352114
HAT-P-18 b,HAT-P-18,1,1,Transit,2010,5.5080291,0.0559,88.66,3e-07,-3e-07,<a refstr=YEE__VISSAPRAGADA_2026 href=https://ui.adsabs.harvard.edu/abs/2026ApJ..1000L..54Y/abstract target=ref>Yee &amp; Vissapragada 2026</a>,10.70457657,0.35868738,-0.33626942,0.955,55.5246227,1.68449056,-1.65270772,Mass,<a refstr=YEE__VISSAPRAGADA_2026 href=https://ui.adsabs.harvard.edu/abs/2026ApJ..1000L..54Y/abstract target=ref>Yee &amp; Vissapragada 2026</a>,0.1747,0.249,0.03,,,82.2407,841.0,K2,4870.0,0.717,0.77,0.1,0.03350785317424283
HAT-P-1 b,HAT-P-1,2,1,Transit,2006,4.46529976,0.05561,85.634,5.5e-07,-5.5e-07,<a refstr=NIKOLOV_ET_AL__2014 href=https://ui.adsabs.harvard.edu/abs/2014MNRAS.437...46N/abstract target=ref>Nikolov et al. 2014</a>,14.784671,0.212971,-0.212971,1.319,166.86075,6.03877,-6.03877,Mass,<a refstr=NIKOLOV_ET_AL__2014 href=https://ui.adsabs.harvard.edu/abs/2014MNRAS.437...46N/abstract target=ref>Nikolov et al. 2014</a>,0.525,0.282,0.0,,,259.687,1322.0,G0 V,5980.0,1.174,1.151,0.13,0.014404852160727824
HAT-P-26 b,HAT-P-26,1,1,Transit,2010,4.23452,0.04748,88.6,1.5e-05,-1.5e-05,<a refstr=STASSUN_ET_AL__2017 href=https://ui.adsabs.harvard.edu/abs/2017AJ....153..136S/abstract target=ref>Stassun et al. 2017</a>,7.06167,0.44836,-0.44836,0.63,22.2481,6.3566,-6.3566,Mass,<a refstr=STASSUN_ET_AL__2017 href=https://ui.adsabs.harvard.edu/abs/2017AJ....153..136S/abstract target=ref>Stassun et al. 2017</a>,0.07,0.258608,0.12,0.06,-0.06,185.0743,1080.0,K1,5079.0,0.87,1.12,-0.04,0.06349206349206349
HAT-P-30 b,HAT-P-30,2,1,Transit,2011,2.8106,0.0419,83.6,5e-06,-5e-06,<a refstr=STASSUN_ET_AL__2017 href=https://ui.adsabs.harvard.edu/abs/2017AJ....153..136S/abstract target=ref>Stassun et al. 2017</a>,16.14096,1.68135,-1.68135,1.44,263.7989,57.2094,-57.2094,Mass,<a refstr=STASSUN_ET_AL__2017 href=https://ui.adsabs.harvard.edu/abs/2017AJ....153..136S/abstract target=ref>Stassun et al. 2017</a>,0.83,0.309,0.04,0.02,-0.02,1467.9573,1630.0,F7,6304.0,1.31,1.55,0.13,0.10416666666666666
HAT-P-32 b,HAT-P-32,2,1,Transit,2011,2.1500082,0.03397,88.98,1.3e-07,-1.3e-07,<a refstr=WANG_ET_AL__2019 href=https://ui.adsabs.harvard.edu/abs/2019AJ....157...82W/abstract target=ref>Wang et al. 2019</a>,22.19382,0.504405,-0.504405,1.98,216.1244,34.9613,-31.783,Mass,<a refstr=WANG_ET_AL__2019 href=https://ui.adsabs.harvard.edu/abs/2019AJ....157...82W/abstract target=ref>Wang et al. 2019</a>,0.68,0.108,0.159,0.051,-0.028,1841.0,1835.7,,6001.0,1.367,1.132,-0.16,0.022727272727272728
HD 149026 b,HD 149026,1,1,Radial Velocity,2005,2.87589,0.04364,84.55,2e-06,-2e-06,<a refstr=STASSUN_ET_AL__2017 href=https://ui.adsabs.harvard.edu/abs/2017AJ....153..136S/abstract target=ref>Stassun et al. 2017</a>,8.29466,0.22418,-0.22418,0.74,120.7754,19.0698,-19.0698,Mass,<a refstr=STASSUN_ET_AL__2017 href=https://ui.adsabs.harvard.edu/abs/2017AJ....153..136S/abstract target=ref>Stassun et al. 2017</a>,0.38,0.75,0.0,,,1095.91,1626.0,G0,6179.0,1.41,1.42,0.32,0.027027027027027025
HD 189733 b,HD 189733,2,1,Radial Velocity,2005,2.21857567,0.03126,85.71,1.5e-07,-1.5e-07,<a refstr=STASSUN_ET_AL__2017 href=https://ui.adsabs.harvard.edu/abs/2017AJ....153..136S/abstract target=ref>Stassun et al. 2017</a>,12.66617,0.11209,-0.11209,1.13,359.1479,25.4264,-25.4264,Mass,<a refstr=STASSUN_ET_AL__2017 href=https://ui.adsabs.harvard.edu/abs/2017AJ....153..136S/abstract target=ref>Stassun et al. 2017</a>,1.13,0.943,0.0,,,356.0,1209.0,K2 V,5052.0,0.75,0.79,-0.02,0.008849557522123894
HD 209458 b,HD 209458,1,1,Radial Velocity,1999,3.52474859,0.04707,86.71,3.8e-07,-3.8e-07,<a refstr=STASSUN_ET_AL__2017 href=https://ui.adsabs.harvard.edu/abs/2017AJ....153..136S/abstract target=ref>Stassun et al. 2017</a>,15.58051,0.22418,-0.22418,1.39,232.0159,12.7132,-12.7132,Mass,<a refstr=STASSUN_ET_AL__2017 href=https://ui.adsabs.harvard.edu/abs/2017AJ....153..136S/abstract target=ref>Stassun et al. 2017</a>,0.73,0.362,0.0,,,587.098,1459.0,G0 V,6091.0,1.19,1.23,0.01,0.014388489208633093
HD 80606 b,HD 80606,2,1,Radial Velocity,2001,111.436765,0.4603,89.24,7.4e-05,-7.4e-05,<a refstr=PEARSON_ET_AL__2022 href=https://ui.adsabs.harvard.edu/abs/2022AJ....164..178P/abstract target=ref>Pearson et al. 2022</a>,11.56766808,0.16813471,-0.16813471,1.032,1323.46926959,1.49379351,-1.49379351,Mass,<a refstr=PEARSON_ET_AL__2022 href=https://ui.adsabs.harvard.edu/abs/2022AJ....164..178P/abstract target=ref>Pearson et al. 2022</a>,4.1641,5.08,0.93183,0.00014,-0.00014,4.6941,405.0,G5,5565.0,1.05,1.05,0.35,0.01453488368072193
TrES-4 b,TrES-4,2,1,Transit,2007,3.55395,0.05084,82.81,7.5e-05,-7.5e-05,<a refstr=STASSUN_ET_AL__2017 href=https://ui.adsabs.harvard.edu/abs/2017AJ....153..136S/abstract target=ref>Stassun et al. 2017</a>,18.04649,2.01762,-2.01762,1.61,247.9074,60.3877,-60.3877,Mass,<a refstr=STASSUN_ET_AL__2017 href=https://ui.adsabs.harvard.edu/abs/2017AJ....153..136S/abstract target=ref>Stassun et al. 2017</a>,0.78,0.099,0.0,,,2276.295,1778.0,F8 V,6200.0,1.66,1.08,0.14,0.11180124223602485
WASP-12 b,WASP-12,3,1,Transit,2008,1.091418901,0.0234,81.8,1.8e-08,-1.8e-08,<a refstr=LEONARDI_ET_AL__2024 href=https://ui.adsabs.harvard.edu/abs/2024A&A...686A..84L/abstract target=ref>Leonardi et al. 2024</a>,22.02564708,0.9863903,-0.97518132,1.965,467.2101,24.15508,-21.93027,Mass,<a refstr=COLLINS_ET_AL__2017 href=https://ui.adsabs.harvard.edu/abs/2017AJ....153...78C/abstract target=ref>Collins et al. 2017</a>,1.47,0.266,0.0447,0.0043,-0.0043,8220.584,2601.0,,6265.0,1.69,1.325,0.12,0.044783714930930425
WASP-17 b,WASP-17,1,1,Transit,2009,3.73543,0.0515,86.63,8e-06,-8e-06,<a refstr=STASSUN_ET_AL__2017 href=https://ui.adsabs.harvard.edu/abs/2017AJ....153..136S/abstract target=ref>Stassun et al. 2017</a>,20.96083,2.69016,-2.69016,1.87,247.9074,73.1009,-73.1009,Mass,<a refstr=STASSUN_ET_AL__2017 href=https://ui.adsabs.harvard.edu/abs/2017AJ....153..136S/abstract target=ref>Stassun et al. 2017</a>,0.78,0.082,0.0,,,1292.19,1755.0,F4,6550.0,1.49,2.28,-0.25,0.1283422459893048
WASP-18 b,WASP-18,2,1,Transit,2009,0.94145223,0.02024,83.5,2.4e-07,-2.4e-07,<a refstr=CORT_EACUTE_S_ZULETA_ET_AL__2020 href=https://ui.adsabs.harvard.edu/abs/2020A&A...636A..98C/abstract target=ref>Cort&eacute;s-Zuleta et al. 2020</a>,13.89913607,0.88550948,-0.88550948,1.24,3241.8497514,111.23994245,-111.23994245,Mass,<a refstr=CORT_EACUTE_S_ZULETA_ET_AL__2020 href=https://ui.adsabs.harvard.edu/abs/2020A&A...636A..98C/abstract target=ref>Cort&eacute;s-Zuleta et al. 2020</a>,10.2,6.6,0.0051,0.007,-0.0037,5805.0,2429.0,F6 IV-V,6432.0,1.319,1.294,0.107,0.06370967774833791
WASP-19 b,WASP-19,1,1,Transit,2009,0.78883852,0.01652,79.08,7.5e-07,-8.2e-07,<a refstr=CORT_EACUTE_S_ZULETA_ET_AL__2020 href=https://ui.adsabs.harvard.edu/abs/2020A&A...636A..98C/abstract target=ref>Cort&eacute;s-Zuleta et al. 2020</a>,15.86070769,0.49319515,-0.53803107,1.415,366.77398168,24.79061575,-25.42627256,Mass,<a refstr=CORT_EACUTE_S_ZULETA_ET_AL__2020 href=https://ui.adsabs.harvard.edu/abs/2020A&A...636A..98C/abstract target=ref>Cort&eacute;s-Zuleta et al. 2020</a>,1.154,0.506,0.0126,0.014,-0.0089,3320.0,2113.0,G8 V,5616.0,1.006,0.965,0.04,0.03392226125819232
WASP-25 b,WASP-25,1,1,Transit,2010,3.7648337,0.0473,88.19,1.2e-06,-1.2e-06,<a refstr=MCGRUDER_ET_AL__2023 href=https://ui.adsabs.harvard.edu/abs/2023ApJ...944L..56M/abstract target=ref>McGruder et al. 2023</a>,13.80946422,0.15692573,-0.19055267,1.232,179.25522155,8.26353858,-7.94571018,Mass,<a refstr=MCGRUDER_ET_AL__2023 href=https://ui.adsabs.harvard.edu/abs/2023ApJ...944L..56M/abstract target=ref>McGruder et al. 2023</a>,0.564,0.399185,0.0,,,341.0,1217.0,,5697.0,0.884,0.962,-0.2,0.013798701163512627
WASP-39 b,WASP-39,1,1,Transit,2011,4.0552941,0.04828,87.32,3.4e-06,-3.4e-06,<a refstr=MANCINI_ET_AL__2018 href=https://ui.adsabs.harvard.edu/abs/2018A&A...613A..41M/abstract target=ref>Mancini et al. 2018</a>,14.336311,0.44836,-0.44836,1.279,89.31023,10.17056,-10.17056,Mass,<a refstr=MANCINI_ET_AL__2018 href=https://ui.adsabs.harvard.edu/abs/2018A&A...613A..41M/abstract target=ref>Mancini et al. 2018</a>,0.281,0.167,0.0,,,316.269,1166.0,,5485.0,0.939,0.913,0.01,0.03127443315089914
WASP-43 b,WASP-43,1,1,Transit,2011,0.813475,0.0142,82.6,1e-06,-1e-06,<a refstr=HELLIER_ET_AL__2011 href=https://ui.adsabs.harvard.edu/abs/2011arXiv1104.2823H/abstract target=ref> Hellier et al. 2011 </a>,10.424,0.785,-1.009,0.93,565.714,31.782,-31.782,Mass,<a refstr=HELLIER_ET_AL__2011 href=https://ui.adsabs.harvard.edu/abs/2011arXiv1104.2823H/abstract target=ref> Hellier et al. 2011 </a>,1.78,2.939,0.0,,,680.8953,1426.7,K7 V,4400.0,0.6,0.58,-0.05,0.09679585571757482
WASP-6 b,WASP-6,1,1,Transit,2009,3.3610026,0.04217,89.0,6.1e-07,-6.3e-06,<a refstr=MCGRUDER_ET_AL__2023 href=https://ui.adsabs.harvard.edu/abs/2023ApJ...944L..56M/abstract target=ref>McGruder et al. 2023</a>,12.5428494,0.19055267,-0.20176165,1.119,148.42586607,7.62788177,-7.31005336,Mass,<a refstr=MCGRUDER_ET_AL__2023 href=https://ui.adsabs.harvard.edu/abs/2023ApJ...944L..56M/abstract target=ref>McGruder et al. 2023</a>,0.467,0.440298,0.054,0.018,-0.015,288.0,1167.0,,5438.0,0.79,0.854,-0.15,0.016085790681661216
GJ 3470 b,GJ 3470,1,1,Radial Velocity,2012,3.3366496,0.0355,89.13,3.9e-06,-3.3e-06,<a refstr=AWIPHAN_ET_AL__2016 href=https://ui.adsabs.harvard.edu/abs/2016MNRAS.463.2574A/abstract target=ref>Awiphan et al. 2016</a>,4.57,0.18,-0.18,0.40770809,13.9,1.5,-1.5,Mass,<a refstr=AWIPHAN_ET_AL__2016 href=https://ui.adsabs.harvard.edu/abs/2016MNRAS.463.2574A/abstract target=ref>Awiphan et al. 2016</a>,0.04373407,0.8,0.017,0.016,-0.012,29.6584,593.5,M1.5,3600.0,0.547,0.539,0.2,0.039387308533916844
WASP-63 b,WASP-63,1,1,Transit,2012,4.37808,0.0574,87.8,6e-06,-6e-06,<a refstr=STASSUN_ET_AL__2017 href=https://ui.adsabs.harvard.edu/abs/2017AJ....153..136S/abstract target=ref>Stassun et al. 2017</a>,15.80469,1.56926,-1.56926,1.41,117.5971,28.6047,-28.6047,Mass,<a refstr=STASSUN_ET_AL__2017 href=https://ui.adsabs.harvard.edu/abs/2017AJ....153..136S/abstract target=ref>Stassun et al. 2017</a>,0.37,0.173,0.0,,,1103.2708,1469.91,,5550.0,1.86,1.28,0.08,0.09929078014184398
WASP-52 b,WASP-52,1,1,Transit,2012,1.7497798,0.0272,85.35,1.2e-06,-1.2e-06,<a refstr=HEBRARD_ET_AL__2013 href=https://ui.adsabs.harvard.edu/abs/2013A%26A...549A.134H/abstract target=ref> Hebrard et al. 2013 </a>,14.24,0.34,-0.34,1.27,146.2,6.36,-6.36,Mass,<a refstr=HEBRARD_ET_AL__2013 href=https://ui.adsabs.harvard.edu/abs/2013A%26A...549A.134H/abstract target=ref> Hebrard et al. 2013 </a>,0.46,0.29,0.0,,,605.7625,1315.0,K2 V,5000.0,0.79,0.87,0.03,0.023876404494382025
WASP-77 A b,WASP-77 A,2,1,Transit,2012,1.360029395,0.023233633,89.99,5.7e-08,-5.7e-08,<a refstr=NOGUER_ET_AL__2024 href=https://ui.adsabs.harvard.edu/abs/2024PASP..136f4401N/abstract target=ref>Noguer et al. 2024</a>,13.56,0.22,-0.22,1.21,529.31142902,0.14302278,-0.14302278,Mass,<a refstr=NOGUER_ET_AL__2024 href=https://ui.adsabs.harvard.edu/abs/2024PASP..136f4401N/abstract target=ref>Noguer et al. 2024</a>,1.6654,1.33,0.01353,0.0006,-0.0006,1440.0,1674.0,G8 V,5617.0,0.91,0.903,-0.1,0.016224188790560472
WASP-80 b,WASP-80,1,1,Transit,2012,3.06785234,0.0344,89.02,8.3e-07,-7.9e-07,<a refstr=TRIAUD_ET_AL__2015 href=https://ui.adsabs.harvard.edu/abs/2015MNRAS.450.2279T/abstract target=ref>Triaud et al. 2015</a>,11.197791,0.33627,-0.347479,0.999,170.99254,11.12405,-11.44188,Mass,<a refstr=TRIAUD_ET_AL__2015 href=https://ui.adsabs.harvard.edu/abs/2015MNRAS.450.2279T/abstract target=ref>Triaud et al. 2015</a>,0.538,0.717,0.002,0.01,-0.002,72.442,825.0,K7-M0 V,4143.0,0.586,0.577,-0.13,0.03103103103103103
WASP-103 b,WASP-103,1,1,Transit,2014,0.925542,0.01985,86.3,1.9e-05,-1.9e-05,<a refstr=GILLON_ET_AL__2014 href=https://ui.adsabs.harvard.edu/abs/2014A%26A...562L...3G/abstract target=ref> Gillon et al. 2014 </a>,17.127,0.818,-0.527,1.528,473.547,27.968,-27.968,Mass,<a refstr=GILLON_ET_AL__2014 href=https://ui.adsabs.harvard.edu/abs/2014A%26A...562L...3G/abstract target=ref> Gillon et al. 2014 </a>,1.49,0.55,0.0,,,6568.6932,2508.0,F8 V,6110.0,1.436,1.22,0.06,0.04776084544870672
WASP-96 b,WASP-96,1,1,Transit,2014,3.4252602,0.0453,85.6,2.7e-06,-2.7e-06,<a refstr=HELLIER_ET_AL__2014 href=https://ui.adsabs.harvard.edu/abs/2014MNRAS.440.1982H/abstract target=ref> Hellier et al. 2014 </a>,13.45,0.67,-0.67,1.2,152.55,9.53,-9.53,Mass,<a refstr=HELLIER_ET_AL__2014 href=https://ui.adsabs.harvard.edu/abs/2014MNRAS.440.1982H/abstract target=ref> Hellier et al. 2014 </a>,0.48,0.37,0.0,,,517.0,1285.0,G8,5540.0,1.05,1.06,0.14,0.04981412639405205
WASP-20 b,WASP-20,2,1,Transit,2015,4.89964477,0.05999,85.82,5.1e-07,-5.1e-07,<a refstr=KOKORI_ET_AL__2023 href=https://ui.adsabs.harvard.edu/abs/2023ApJS..265....4K/abstract target=ref>Kokori et al. 2023</a>,15.46839337,0.44835923,-0.44835923,1.38,98.841,5.403,-5.403,Mass,<a refstr=ANDERSON_ET_AL__2015 href=https://ui.adsabs.harvard.edu/abs/2015A&A...575A..61A/abstract target=ref>Anderson et al. 2015</a>,0.311,0.156491,0.0,,,259.864,1362.0,F9,5940.0,1.242,1.2,-0.008,0.02898550736817731
HATS-6 b,HATS-6,1,1,Transit,2015,3.3252725,0.03623,88.21,2.1e-06,-2.1e-06,<a refstr=HARTMAN_ET_AL__2015 href=https://ui.adsabs.harvard.edu/abs/2015AJ....149..166H/abstract target=ref>Hartman et al. 2015</a>,11.186582,0.212971,-0.212971,0.998,101.38777,22.2481,-22.2481,Mass,<a refstr=HARTMAN_ET_AL__2015 href=https://ui.adsabs.harvard.edu/abs/2015AJ....149..166H/abstract target=ref>Hartman et al. 2015</a>,0.319,0.399,0.0,,,47.3315,712.8,M1 V,3724.0,0.57,0.574,0.2,0.01903807615230461
KELT-7 b,KELT-7,1,1,Transit,2015,2.73477,0.04415,83.76,4e-06,-4e-06,<a refstr=STASSUN_ET_AL__2017 href=https://ui.adsabs.harvard.edu/abs/2017AJ....153..136S/abstract target=ref>Stassun et al. 2017</a>,17.9344,0.67254,-0.67254,1.6,441.7837,69.9226,-69.9226,Mass,<a refstr=STASSUN_ET_AL__2017 href=https://ui.adsabs.harvard.edu/abs/2017AJ....153..136S/abstract target=ref>Stassun et al. 2017</a>,1.39,0.442,0.0,,,1775.39,2048.0,F,6768.0,1.81,1.76,0.0,0.0375
K2-22 b,K2-22,2,1,Transit,2015,0.381073,0.009,90.6,2.4e-05,-2.4e-05,<a refstr=ADAMS_ET_AL__2021 href=https://ui.adsabs.harvard.edu/abs/2021PSJ.....2..152A/abstract target=ref>Adams et al. 2021</a>,2.3,0.1,-0.1,0.20519261,444.962,,,Mass,<a refstr=SANCHIS_OJEDA_ET_AL__2015 href=https://ui.adsabs.harvard.edu/abs/2015ApJ...812..112S/abstract target=ref>Sanchis-Ojeda et al. 2015</a>,1.4,,0.19,0.221175,-0.152914,114.0,2100.0,M0 V,3879.0,0.58,0.595292,0.032,0.04347826086956522
WASP-76 b,WASP-76,2,1,Transit,2016,1.80988198,0.033,89.623,6.4e-07,-5.6e-07,<a refstr=EHRENREICH_ET_AL__2020 href=https://ui.adsabs.harvard.edu/abs/2020Natur.580..597E/abstract target=ref>Ehrenreich et al. 2020</a>,20.78145022,0.86309151,-0.85188253,1.854,284.13859586,4.4495977,-4.13176929,Mass,<a refstr=EHRENREICH_ET_AL__2020 href=https://ui.adsabs.harvard.edu/abs/2020Natur.580..597E/abstract target=ref>Ehrenreich et al. 2020</a>,0.894,0.17,0.0,,,4104.0,2228.0,F7,6329.0,1.756,1.458,0.366,0.041531822893157065
KELT-4 A b,KELT-4 A,3,1,Transit,2016,2.9895932,0.04317,83.16,4.9e-06,-4.9e-06,<a refstr=EASTMAN_ET_AL__2016 href=https://ui.adsabs.harvard.edu/abs/2016AJ....151...45E/abstract target=ref>Eastman et al. 2016</a>,19.044091,0.515614,-0.504405,1.699,286.68266,19.0698,-18.75197,Mass,<a refstr=EASTMAN_ET_AL__2016 href=https://ui.adsabs.harvard.edu/abs/2016AJ....151...45E/abstract target=ref>Eastman et al. 2016</a>,0.902,0.228,0.0,,,1840.0,1823.0,F,6206.0,1.603,1.201,-0.116,0.02707474985285462
K2-34 b,K2-34,1,1,Transit,2016,2.9956348,0.0442,82.23,2e-07,-2e-07,<a refstr=CASTRO_GONZ_AACUTE_LEZ_ET_AL__2022 href=https://ui.adsabs.harvard.edu/abs/2022MNRAS.509.1075C/abstract target=ref>Castro-Gonz&aacute;lez et al. 2022</a>,13.75,0.58,-0.59,1.22669495,539.67534,19.38763,-15.8915,Mass,<a refstr=BRAHM_ET_AL__2016 href=https://ui.adsabs.harvard.edu/abs/2016PASP..128l4402B/abstract target=ref>Brahm et al. 2016</a>,1.698,0.94,0.0,,,963.566,1687.0,F,6168.0,1.42,1.16,0.01,0.042909090909090904
WASP-121 b,WASP-121,1,1,Transit,2016,1.27492504,0.02571,88.49,1.5e-07,-1.5e-07,<a refstr=SING_ET_AL__2024 href=https://ui.adsabs.harvard.edu/abs/2024AJ....168..231S/abstract target=ref>Sing et al. 2024</a>,19.52604438,0.06725388,-0.06725388,1.742,371.85923619,13.6666215,-13.6666215,Mass,<a refstr=SING_ET_AL__2024 href=https://ui.adsabs.harvard.edu/abs/2024AJ....168..231S/abstract target=ref>Sing et al. 2024</a>,1.17,0.275,0.0085,0.0013,-0.0012,6216.41,2409.0,F6 V,6628.0,1.461,1.33,0.17,0.0034443166619495314
HAT-P-65 b,HAT-P-65,1,1,Transit,2016,2.60544751,0.04042,88.3,5e-07,-4.9e-07,<a refstr=KANG_ET_AL_2024 href=https://ui.adsabs.harvard.edu/abs/2024MNRAS.528.1930K/abstract target=ref>Kang et al. 2024</a>,18.05766791,0.26901554,-0.26901554,1.611,176.07693748,29.24021344,-28.92238504,Mass,<a refstr=KANG_ET_AL_2024 href=https://ui.adsabs.harvard.edu/abs/2024MNRAS.528.1930K/abstract target=ref>Kang et al. 2024</a>,0.554,0.164,0.304,,,1821.0,1818.0,G2,5872.0,1.666,1.297,0.208,0.014897579318701736
WASP-131 b,WASP-131,1,1,Transit,2016,5.3220125,0.0608,84.96,1e-06,-1e-06,<a refstr=DOYLE_ET_AL__2023 href=https://ui.adsabs.harvard.edu/abs/2023MNRAS.522.4499D/abstract target=ref>Doyle et al. 2023</a>,13.74221034,0.41473229,-0.41473229,1.226,86.76715511,6.03873973,-6.03873973,Mass,<a refstr=DOYLE_ET_AL__2023 href=https://ui.adsabs.harvard.edu/abs/2023MNRAS.522.4499D/abstract target=ref>Doyle et al. 2023</a>,0.273,0.196277,0.0,,,995.3724,1460.0,G0,5990.0,1.561,1.06,-0.2,0.030179445645131933
WASP-139 b,WASP-139,2,1,Transit,2016,5.924262,0.062,88.9,4e-06,-4e-06,<a refstr=HELLIER_ET_AL__2017 href=https://ui.adsabs.harvard.edu/abs/2017MNRAS.465.3693H/abstract target=ref>Hellier et al. 2017</a>,8.9672,0.56045,-0.56045,0.8,37.18611,5.40311,-5.40311,Mass,<a refstr=HELLIER_ET_AL__2017 href=https://ui.adsabs.harvard.edu/abs/2017MNRAS.465.3693H/abstract target=ref>Hellier et al. 2017</a>,0.117,0.31,0.0,,,120.7076,910.0,K0,5310.0,0.8,0.92,0.2,0.0625
WASP-127 b,WASP-127,2,1,Transit,2016,4.17806203,0.0484,87.84,8.8e-07,-5.3e-07,<a refstr=SEIDEL_ET_AL__2020 href=https://ui.adsabs.harvard.edu/abs/2020A&A...643A..45S/abstract target=ref>Seidel et al. 2020</a>,14.694999,0.280225,-0.325061,1.311,52.346601,6.801562,-5.466676,Mass,<a refstr=SEIDEL_ET_AL__2020 href=https://ui.adsabs.harvard.edu/abs/2020A&A...643A..45S/abstract target=ref>Seidel et al. 2020</a>,0.1647,0.097,0.0,,,703.971,1400.0,,5620.0,1.333,0.95,-0.193,0.02212051868802441
KELT-11 b,KELT-11,1,1,Transit,2017,4.73620865,0.0623,85.3,3.77e-06,-3.77e-06,<a refstr=MOUNZER_ET_AL__2022 href=https://ui.adsabs.harvard.edu/abs/2022A&A...668A...1M/abstract target=ref>Mounzer et al. 2022</a>,15.13212395,1.12089807,-1.12089807,1.35,65.15482343,5.40308292,-5.40308292,Mass,<a refstr=MOUNZER_ET_AL__2022 href=https://ui.adsabs.harvard.edu/abs/2022A&A...668A...1M/abstract target=ref>Mounzer et al. 2022</a>,0.205,0.093,0.0,,,1433.0,1712.0,G8/K0 IV,5375.0,2.69,1.44,0.17,0.0740740740495983
KELT-9 b,KELT-9,2,1,Transit,2017,1.4811235,0.03368,86.79,1.1e-06,-1.1e-06,<a refstr=BORSA_ET_AL_2019 href=https://ui.adsabs.harvard.edu/abs/2019A&A...631A..34B/abstract target=ref>Borsa et al. 2019</a>,21.70058664,0.52682209,-0.52682209,1.936,915.34581216,111.23994245,-111.23994245,Mass,<a refstr=BORSA_ET_AL_2019 href=https://ui.adsabs.harvard.edu/abs/2019A&A...631A..34B/abstract target=ref>Borsa et al. 2019</a>,2.88,0.491,0.0,,,44900.0,3921.0,A,9270.0,2.418,2.32,0.07,0.024276859365125438
KELT-20 b,KELT-20,1,1,Transit,2017,3.4741085,0.0542,86.12,1.9e-06,-1.9e-06,<a refstr=LUND_ET_AL__2017 href=https://ui.adsabs.harvard.edu/abs/2017AJ....154..194L/abstract target=ref>Lund et al. 2017</a>,19.514869,0.773421,-0.829466,1.741,1074.90106,,,Mass,<a refstr=LUND_ET_AL__2017 href=https://ui.adsabs.harvard.edu/abs/2017AJ....154..194L/abstract target=ref>Lund et al. 2017</a>,3.382,0.806,0.0,,,4362.5,2262.0,A2 V,8720.0,1.565,1.76,-0.29,0.04250430786904078
NGTS-2 b,NGTS-2,1,1,Transit,2018,4.511164,0.063,88.5,6.1e-05,-6.1e-05,<a refstr=RAYNARD_ET_AL__2018 href=https://ui.adsabs.harvard.edu/abs/2018MNRAS.481.4960R/abstract target=ref>Raynard et al. 2018</a>,17.878355,0.526823,-0.504405,1.595,235.1942,41.3179,-38.1396,Mass,<a refstr=RAYNARD_ET_AL__2018 href=https://ui.adsabs.harvard.edu/abs/2018MNRAS.481.4960R/abstract target=ref>Raynard et al. 2018</a>,0.74,0.226,0.0,,,1085.35,1468.0,F5 V,6478.0,1.702,1.64,-0.06,0.029467084639498438
WASP-164 b,WASP-164,1,1,Transit,2018,1.7771255,0.02818,82.73,2.8e-06,-2.8e-06,<a refstr=LENDL_ET_AL__2019 href=https://ui.adsabs.harvard.edu/abs/2019MNRAS.482..301L/abstract target=ref>Lendl et al. 2019</a>,12.643752,0.459569,-0.481987,1.128,676.9779,38.1396,-41.3179,Mass,<a refstr=LENDL_ET_AL__2019 href=https://ui.adsabs.harvard.edu/abs/2019MNRAS.482..301L/abstract target=ref>Lendl et al. 2019</a>,2.13,1.96,0.0,,,1043.2122,1610.0,G2 V,5806.0,0.932,0.946,-0.01,0.038120567375886524
K2-287 b,K2-287,1,1,Transit,2018,14.893291,0.1206,88.13,2.5e-05,-2.5e-05,<a refstr=JORD_AACUTE_N_ET_AL__2019 href=https://ui.adsabs.harvard.edu/abs/2019AJ....157..100J/abstract target=ref>Jord&aacute;n et al. 2019</a>,9.494023,0.145717,-0.145717,0.847,100.11645,8.58141,-8.58141,Mass,<a refstr=JORD_AACUTE_N_ET_AL__2019 href=https://ui.adsabs.harvard.edu/abs/2019AJ....157..100J/abstract target=ref>Jord&aacute;n et al. 2019</a>,0.315,0.63,0.478,0.025,-0.026,53.5814,804.0,,5695.0,1.07,1.056,0.2,0.015348288075560804
LHS 3844 b,LHS 3844,1,1,Transit,2019,0.462929709,0.00624,88.9,4.4e-08,-4.2e-08,<a refstr=NAGEL_ET_AL_2026 href=https://ui.adsabs.harvard.edu/abs/2026A&A...710A.311N/abstract target=ref>Nagel et al. 2026</a>,1.286,0.043,-0.044,0.11472943,2.37,0.25,-0.25,Mass,<a refstr=NAGEL_ET_AL_2026 href=https://ui.adsabs.harvard.edu/abs/2026A&A...710A.311N/abstract target=ref>Nagel et al. 2026</a>,0.00745685,6.15,0.0,,,73.67,816.0,M4.5-M5.0,3080.0,0.189,0.151,0.22,0.03421461897356143
WASP-166 b,WASP-166,1,1,Transit,2019,5.44354,0.0641,88.0,4e-06,-4e-06,<a refstr=HELLIER_ET_AL__2019 href=https://ui.adsabs.harvard.edu/abs/2019MNRAS.488.3067H/abstract target=ref>Hellier et al. 2019</a>,7.06167,0.33627,-0.33627,0.63,32.10083,1.58915,-1.58915,Mass,<a refstr=HELLIER_ET_AL__2019 href=https://ui.adsabs.harvard.edu/abs/2019MNRAS.488.3067H/abstract target=ref>Hellier et al. 2019</a>,0.101,0.54,0.0,,,440.0,1270.0,F9 V,6050.0,1.22,1.19,0.19,0.047619047619047616
WASP-178 b,WASP-178,1,1,Transit,2019,3.3448285,0.0558,85.7,1.2e-06,-1.2e-06,<a refstr=HELLIER_ET_AL__2019 href=https://ui.adsabs.harvard.edu/abs/2019MNRAS.490.1479H/abstract target=ref>Hellier et al. 2019</a>,20.28829,1.00881,-1.00881,1.81,527.5978,38.1396,-38.1396,Mass,<a refstr=HELLIER_ET_AL__2019 href=https://ui.adsabs.harvard.edu/abs/2019MNRAS.490.1479H/abstract target=ref>Hellier et al. 2019</a>,1.66,0.37,0.0,,,5550.0,2470.0,A1 IV-V,9360.0,1.67,2.07,0.21,0.049723756906077346
L 168-9 b,L 168-9,1,1,Transit,2020,1.40152604,0.0208,84.27,7.4e-07,-8.2e-07,<a refstr=HOBSON_ET_AL_2024 href=https://ui.adsabs.harvard.edu/abs/2024A&A...688A.216H/abstract target=ref>Hobson et al. 2024</a>,1.63,0.14,-0.14,0.14541911,4.07,0.45,-0.45,Mass,<a refstr=HOBSON_ET_AL_2024 href=https://ui.adsabs.harvard.edu/abs/2024A&A...688A.216H/abstract target=ref>Hobson et al. 2024</a>,0.01280565,5.18,0.0,,,149.3748,998.0,M0.5 V,3842.0,0.604,0.614,-0.03,0.08588957055214726
HATS-48 A b,HATS-48 A,2,1,Transit,2020,3.1316666,0.03769,89.58,3.7e-06,-3.7e-06,<a refstr=HARTMAN_ET_AL__2020 href=https://ui.adsabs.harvard.edu/abs/2020AJ....159..173H/abstract target=ref>Hartman et al. 2020</a>,8.9672,0.168135,-0.168135,0.8,77.23269,6.99226,-9.5349,Mass,<a refstr=HARTMAN_ET_AL__2020 href=https://ui.adsabs.harvard.edu/abs/2020AJ....159..173H/abstract target=ref>Hartman et al. 2020</a>,0.243,0.589,0.162,,,137.6,954.6,,4546.0,0.7152,0.7279,0.186,0.01875
HATS-72 b,HATS-72,1,1,Transit,2020,7.3279474,0.066517,89.56,1.6e-06,-1.6e-06,<a refstr=HARTMAN_ET_AL__2020 href=https://ui.adsabs.harvard.edu/abs/2020AJ....159..173H/abstract target=ref>Hartman et al. 2020</a>,8.0973816,0.0358688,-0.0358688,0.7224,39.855882,1.239537,-1.239537,Mass,<a refstr=HARTMAN_ET_AL__2020 href=https://ui.adsabs.harvard.edu/abs/2020AJ....159..173H/abstract target=ref>Hartman et al. 2020</a>,0.1254,0.411,0.013,,,49.58,739.3,,4656.1,0.7214,0.7311,0.099,0.004429678848283499
NGTS-10 b,NGTS-10,2,1,Transit,2020,0.7668944,0.0143,79.4,,,<a refstr=PARMENTIER_ET_AL_2026 href=https://ui.adsabs.harvard.edu/abs/2026NatAs..10.1011P/abstract target=ref>Parmentier et al. 2026</a>,13.89913607,0.56044903,-0.56044903,1.24,687.14846,29.24036,-34.00781,Mass,<a refstr=MCCORMAC_ET_AL__2020 href=https://ui.adsabs.harvard.edu/abs/2020MNRAS.493..126M/abstract target=ref>McCormac et al. 2020</a>,2.162,1.43,0.0,,,3716.1785,1508.0,K,4567.0,0.7,0.696,-0.02,0.04032258027962453
TOI-677 b,TOI-677,1,1,Transit,2020,11.2365985,0.1041,85.77,1.9e-06,-1.9e-06,<a refstr=HU_ET_AL__2024 href=https://ui.adsabs.harvard.edu/abs/2024AJ....167..175H/abstract target=ref>Hu et al. 2024</a>,13.11450742,0.32506044,-0.33626942,1.17,392.20025424,26.69758619,-26.37975778,Mass,<a refstr=HU_ET_AL__2024 href=https://ui.adsabs.harvard.edu/abs/2024AJ....167..175H/abstract target=ref>Hu et al. 2024</a>,1.234,0.955,0.46,0.019,-0.018,37.6345,1252.0,F8,6295.0,1.28,1.181,0.0,0.02564102556281904
NGTS-11 b,NGTS-11,1,1,Transit,2020,35.45533,0.201,89.16,0.00019,-0.00019,<a refstr=GILL_ET_AL__2020 href=https://ui.adsabs.harvard.edu/abs/2020ApJ...898L..11G/abstract target=ref>Gill et al. 2020</a>,9.157753,0.313852,-0.358688,0.817,109.33352,29.24036,-23.20159,Mass,<a refstr=GILL_ET_AL__2020 href=https://ui.adsabs.harvard.edu/abs/2020ApJ...898L..11G/abstract target=ref>Gill et al. 2020</a>,0.344,0.78,0.13,0.1,-0.09,9.242,435.0,K,5050.0,0.832,0.862,0.22,0.039167686658506735
TOI-849 b,TOI-849,1,1,Transit,2020,0.765548,0.0155,86.8,5.3e-05,-5.3e-05,<a refstr=POLANSKI_ET_AL__2024 href=https://ui.adsabs.harvard.edu/abs/2024ApJS..272...32P/abstract target=ref>Polanski et al. 2024</a>,3.64,0.38,-0.38,0.32473961,41.8,2.5,-2.4,Mass,<a refstr=POLANSKI_ET_AL__2024 href=https://ui.adsabs.harvard.edu/abs/2024ApJS..272...32P/abstract target=ref>Polanski et al. 2024</a>,0.13151751,5.6,0.0,,,2314.06,1932.0,G,5257.0,0.97,0.97,0.19,0.1043956043956044
TOI-1899 b,TOI-1899,1,1,Transit,2020,29.090312,0.1525,89.64,3.6e-05,-3.5e-05,<a refstr=LIN_ET_AL__2023 href=https://ui.adsabs.harvard.edu/abs/2023AJ....166...90L/abstract target=ref>Lin et al. 2023</a>,11.09689089,0.33626942,-0.33626942,0.99,212.94503269,12.71313628,-12.71313628,Mass,<a refstr=LIN_ET_AL__2023 href=https://ui.adsabs.harvard.edu/abs/2023AJ....166...90L/abstract target=ref>Lin et al. 2023</a>,0.67,0.85,0.044,0.029,-0.027,3.4,378.0,M0,3926.0,0.607,0.632,0.28,0.030303030221107276
WD 1856+534 b,WD 1856+534,3,1,Transit,2020,1.4079405,0.0204,88.778,1.1e-06,-1.1e-06,<a refstr=VANDERBURG_ET_AL__2020 href=https://ui.adsabs.harvard.edu/abs/2020Natur.585..363V/abstract target=ref>Vanderburg et al. 2020</a>,10.4,1.0,-1.0,0.92782585,4386.054,,,Mass,<a refstr=VANDERBURG_ET_AL__2020 href=https://ui.adsabs.harvard.edu/abs/2020Natur.585..363V/abstract target=ref>Vanderburg et al. 2020</a>,13.8,21.4,0.0,,,0.181,163.0,DC,4710.0,0.0131,0.518,,0.09615384615384615
LTT 9779 b,LTT 9779,1,1,Transit,2020,0.792052,0.01679,76.39,9.3e-06,-9.3e-06,<a refstr=JENKINS_ET_AL_2020 href=https://ui.adsabs.harvard.edu/abs/2020NatAs...4.1148J/abstract target=ref>Jenkins et al. 2020</a>,4.72,0.23,-0.23,0.4210902,29.32,0.78,-0.81,Mass,<a refstr=JENKINS_ET_AL_2020 href=https://ui.adsabs.harvard.edu/abs/2020NatAs...4.1148J/abstract target=ref>Jenkins et al. 2020</a>,0.09225057,1.536,0.0,,,1781.1556,1978.0,G7 V,5443.0,0.949,1.02,0.27,0.048728813559322036
TOI-824 b,TOI-824,1,1,Transit,2020,1.392978,0.02177,83.65,1.8e-05,-1.7e-05,<a refstr=BURT_ET_AL__2020 href=https://ui.adsabs.harvard.edu/abs/2020AJ....160..153B/abstract target=ref>Burt et al. 2020</a>,2.926,0.202,-0.191,0.26104024,18.467,1.843,-1.875,Mass,<a refstr=BURT_ET_AL__2020 href=https://ui.adsabs.harvard.edu/abs/2020AJ....160..153B/abstract target=ref>Burt et al. 2020</a>,0.05810339,4.03,,,,412.0,1253.0,K4 V,4600.0,0.695,0.71,-0.092,0.06903622693096377
GJ 486 b,GJ 486,1,1,Radial Velocity,2021,1.46712127,0.01714,89.39,3.1e-07,-3.5e-07,<a refstr=WEINER_MANSFIELD_ET_AL__2024 href=https://ui.adsabs.harvard.edu/abs/2024ApJ...975L..22W/abstract target=ref>Weiner Mansfield et al. 2024</a>,1.289,0.019,-0.014,0.11499708,2.77,0.076,-0.073,Mass,<a refstr=WEINER_MANSFIELD_ET_AL__2024 href=https://ui.adsabs.harvard.edu/abs/2024ApJ...975L..22W/abstract target=ref>Weiner Mansfield et al. 2024</a>,0.00871539,6.66,0.00086,0.0016,-0.00043,39.2,696.3,M3.5 V,3317.0,0.3243,0.312,-0.15,0.014740108611326611
TOI-1231 b,TOI-1231,1,1,Transit,2021,24.245586,0.1288,89.73,6.4e-05,-6.6e-05,<a refstr=BURT_ET_AL__2021 href=https://ui.adsabs.harvard.edu/abs/2021AJ....162...87B/abstract target=ref>Burt et al. 2021</a>,3.65,0.16,-0.15,0.32563175,15.4,3.3,-3.3,Mass,<a refstr=BURT_ET_AL__2021 href=https://ui.adsabs.harvard.edu/abs/2021AJ....162...87B/abstract target=ref>Burt et al. 2021</a>,0.04845382,1.74,0.087,0.12,-0.061,1.93,329.6,M3 V,3553.0,0.476,0.485,0.041,0.043835616438356165
TOI-674 b,TOI-674,1,1,Transit,2021,1.977143,0.025,87.21,3e-06,-3e-06,<a refstr=MURGAS_ET_AL__2021 href=https://ui.adsabs.harvard.edu/abs/2021A&A...653A..60M/abstract target=ref>Murgas et al. 2021</a>,5.25,0.17,-0.17,0.46837443,23.6,3.3,-3.3,Mass,<a refstr=MURGAS_ET_AL__2021 href=https://ui.adsabs.harvard.edu/abs/2021A&A...653A..60M/abstract target=ref>Murgas et al. 2021</a>,0.0742539,0.91,0.0,,,38.4,635.0,M2 V,3514.0,0.42,0.42,0.17,0.032380952380952385
TOI-1807 b,TOI-1807,1,1,Transit,2021,0.54937097,0.0122,77.7,7.2e-07,-7.2e-07,<a refstr=POLANSKI_ET_AL__2024 href=https://ui.adsabs.harvard.edu/abs/2024ApJS..272...32P/abstract target=ref>Polanski et al. 2024</a>,1.49681583,0.08089145,-0.06779467,0.13353719,2.44,0.6,-0.57,Mass,<a refstr=POLANSKI_ET_AL__2024 href=https://ui.adsabs.harvard.edu/abs/2024ApJS..272...32P/abstract target=ref>Polanski et al. 2024</a>,0.0076771,3.98,0.0,,,1407.22,1694.1,,4914.0,0.746,0.8048,0.044,0.054042353360199295
TOI-2109 b,TOI-2109,1,1,Transit,2021,0.67247414,0.01791,70.74,2.8e-08,-2.8e-07,<a refstr=WONG_ET_AL__2021 href=https://ui.adsabs.harvard.edu/abs/2021AJ....162..256W/abstract target=ref>Wong et al. 2021</a>,15.098497,0.52682209,-0.52682209,1.347,1595.49860314,238.37130525,-238.37130525,Mass,<a refstr=WONG_ET_AL__2021 href=https://ui.adsabs.harvard.edu/abs/2021AJ....162..256W/abstract target=ref>Wong et al. 2021</a>,5.02,2.55,,,,17880.9883,3646.0,F,6540.0,1.698,1.453,0.068,0.03489235319250651
HATS-75 b,HATS-75,1,1,Transit,2021,2.7886556,0.032742,88.07,1.1e-06,-1.1e-06,<a refstr=JORD_AACUTE_N_ET_AL__2022 href=https://ui.adsabs.harvard.edu/abs/2022AJ....163..125J/abstract target=ref>Jord&aacute;n et al. 2022</a>,9.90873894,0.14571675,-0.14571675,0.884,156.05374784,12.39530787,-12.39530787,Mass,<a refstr=JORD_AACUTE_N_ET_AL__2022 href=https://ui.adsabs.harvard.edu/abs/2022AJ....163..125J/abstract target=ref>Jord&aacute;n et al. 2022</a>,0.491,0.878,0.064,,,59.26,772.3,,3790.4,0.5848,0.6017,0.522,0.014705882441989133
TOI-1075 b,TOI-1075,1,1,Transit,2022,0.6047328,0.01159,84.67,3.2e-06,-3.2e-06,<a refstr=ESSACK_ET_AL_2023 href=https://ui.adsabs.harvard.edu/abs/2023AJ....165...47E/abstract target=ref>Essack et al. 2023</a>,1.791,0.116,-0.081,0.15978259,9.95,1.36,-1.3,Mass,<a refstr=ESSACK_ET_AL_2023 href=https://ui.adsabs.harvard.edu/abs/2023AJ....165...47E/abstract target=ref>Essack et al. 2023</a>,0.0313062,9.32,0.0,,,509.2,1323.0,K9 V/M0 V,3875.0,0.581,0.604,-0.08,0.06476828587381352
TOI-2260 b,TOI-2260,1,1,Transit,2022,0.3524728,0.0097,,4.7e-06,-4.7e-06,<a refstr=GIACALONE_ET_AL__2022 href=https://ui.adsabs.harvard.edu/abs/2022AJ....163...99G/abstract target=ref>Giacalone et al. 2022</a>,1.62,0.13,-0.13,0.14452697,3.26,,,M-R relationship,<a refstr=CALCULATED_VALUE href=/docs/pscp_calc.html target=_blank>Calculated Value</a>,0.0102,4.21,,,,1844.98,2609.0,G V,5534.0,0.94,0.99,0.22,0.08024691358024691
TOI-2445 b,TOI-2445,1,1,Transit,2022,0.3711281,0.0064,,5e-07,-5e-07,<a refstr=GIACALONE_ET_AL__2022 href=https://ui.adsabs.harvard.edu/abs/2022AJ....163...99G/abstract target=ref>Giacalone et al. 2022</a>,1.25,0.08,-0.08,0.11151772,2.1,,,M-R relationship,<a refstr=CALCULATED_VALUE href=/docs/pscp_calc.html target=_blank>Calculated Value</a>,0.0066,5.91,,,,204.4874,1060.0,,3333.0,0.27,0.25,,0.064
WASP-189 b,WASP-189,1,1,Transit,2020,2.724033,0.05053,84.03,,,<a refstr=LENDL_ET_AL__2020 href=https://ui.adsabs.harvard.edu/abs/2020A&A...643A..94L/abstract target=ref>Lendl et al. 2020</a>,18.14733975,0.23538859,-0.23538859,1.619,632.47852993,50.85254512,-44.49597698,Mass,<a refstr=LENDL_ET_AL__2020 href=https://ui.adsabs.harvard.edu/abs/2020A&A...643A..94L/abstract target=ref>Lendl et al. 2020</a>,1.99,0.621987,0.0,,,8083.7169,3353.0,,8000.0,2.36,2.03,0.29,0.012970969477771528
TOI-3714 b,TOI-3714,2,1,Transit,2022,2.154849,0.027,88.7,1e-06,-1e-06,<a refstr=CANAS_ET_AL_2022 href=https://ui.adsabs.harvard.edu/abs/2022AJ....164...50C/abstract target=ref>Ca&ntilde;as et al. 2022</a>,11.32107051,0.33626942,-0.33626942,1.01,222.4798849,9.53485221,-9.53485221,Mass,<a refstr=CANAS_ET_AL_2022 href=https://ui.adsabs.harvard.edu/abs/2022AJ....164...50C/abstract target=ref>Ca&ntilde;as et al. 2022</a>,0.7,0.85,0.03,0.03,-0.02,54.0,750.0,M2,3660.0,0.51,0.53,0.1,0.029702970200827763
TOI-181 b,TOI-181,1,1,Transit,2023,4.532,0.0539,88.28,2e-06,-2e-06,<a refstr=MISTRY_ET_AL_2023 href=https://ui.adsabs.harvard.edu/abs/2023MNRAS.521.1066M/abstract target=ref>Mistry et al. 2023</a>,6.9559,0.087,-0.101,0.6339,46.1687,2.71,-7.83,Mass,<a refstr=MISTRY_ET_AL_2023 href=https://ui.adsabs.harvard.edu/abs/2023MNRAS.521.1066M/abstract target=ref>Mistry et al. 2023</a>,0.1452,0.7562,0.1543,0.06,-0.03,102.43,895.1,K,4994.0,0.745,0.822,0.272,0.014520047729265805
LHS 475 b,LHS 475,1,1,Transit,2023,2.029088,0.02037,87.194,6e-06,-6e-06,<a refstr=LUSTIG_YAEGER_ET_AL_2023 href=https://ui.adsabs.harvard.edu/abs/2023NatAs...7.1317L/abstract target=ref>Lustig-Yaeger et al. 2023</a>,0.991,0.05,-0.05,0.08841125,0.941,,,M-R relationship,<a refstr=CALCULATED_VALUE href=/docs/pscp_calc.html target=_blank>Calculated Value</a>,0.00296,5.31,0.0,,,20.8,586.0,M3.5 V,3300.0,0.2789,0.262,,0.050454086781029264
TOI-1173 b,TOI-1173,2,1,Transit,2024,7.0643971,0.071,87.228,1.7e-06,-1.7e-06,<a refstr=YEE__VISSAPRAGADA_2026 href=https://ui.adsabs.harvard.edu/abs/2026ApJ..1000L..54Y/abstract target=ref>Yee &amp; Vissapragada 2026</a>,8.77663189,0.28022452,-0.25780656,0.783,28.28672822,1.04883374,-1.0170509,Mass,<a refstr=YEE__VISSAPRAGADA_2026 href=https://ui.adsabs.harvard.edu/abs/2026ApJ..1000L..54Y/abstract target=ref>Yee &amp; Vissapragada 2026</a>,0.089,0.23,0.037,,,132.0,868.0,G9,5350.0,0.934,0.911,0.191,0.031928480482277574
TOI-1416 b,TOI-1416,1,1,Transit,2023,1.0697568,0.019,85.7,2.8e-06,-2.8e-06,<a refstr=DEEG_ET_AL_2023 href=https://ui.adsabs.harvard.edu/abs/2023A&A...677A..12D/abstract target=ref>Deeg et al. 2023</a>,1.62,0.08,-0.08,0.14452697,3.48,0.47,-0.47,Mass,<a refstr=DEEG_ET_AL_2023 href=https://ui.adsabs.harvard.edu/abs/2023A&A...677A..12D/abstract target=ref>Deeg et al. 2023</a>,0.0109493,4.5,0.0,,,883.0,1517.0,G9 V,4884.0,0.793,0.798,0.08,0.04938271604938271
TOI-1420 b,TOI-1420,1,1,Transit,2023,6.9561063,0.071,88.58,1.7e-06,-1.7e-06,<a refstr=YOSHIDA_ET_AL__2023 href=https://ui.adsabs.harvard.edu/abs/2023AJ....166..181Y/abstract target=ref>Yoshida et al. 2023</a>,11.89,0.33,-0.33,1.06075658,25.1,3.8,-3.8,Mass,<a refstr=YOSHIDA_ET_AL__2023 href=https://ui.adsabs.harvard.edu/abs/2023AJ....166..181Y/abstract target=ref>Yoshida et al. 2023</a>,0.07897343,0.082,0.17,,,139.0,957.0,,5510.0,0.923,0.987,0.28,0.027754415475189236
TOI-1801 b,TOI-1801,2,1,Transit,2023,10.64387,0.075,89.507,5e-05,-6e-05,<a refstr=MALLORQUIN_ET_AL_2023 href=https://ui.adsabs.harvard.edu/abs/2023A&A...680A..76M/abstract target=ref>Mallorqu&iacute;n et al. 2023</a>,2.079,0.124,-0.11,0.186,5.738,1.455,-1.428,Mass,<a refstr=MALLORQUIN_ET_AL_2023 href=https://ui.adsabs.harvard.edu/abs/2023A&A...680A..76M/abstract target=ref>Mallorqu&iacute;n et al. 2023</a>,0.01805377,3.701,0.0,,,10.7276,493.7,M0.5+/-0.5 V,3863.0,0.547,0.556,-0.19,0.05964405964405964
TOI-1823 b,TOI-1823,1,1,Transit,2024,38.8,0.212,,0.01,-0.01,<a refstr=POLANSKI_ET_AL__2024 href=https://ui.adsabs.harvard.edu/abs/2024ApJS..272...32P/abstract target=ref>Polanski et al. 2024</a>,7.5406241,0.33185186,-0.25202617,0.67273058,67.4,8.1,-8.3,Mass,<a refstr=POLANSKI_ET_AL__2024 href=https://ui.adsabs.harvard.edu/abs/2024ApJS..272...32P/abstract target=ref>Polanski et al. 2024</a>,0.21206412,0.86,0.0,,,9.2972,423.63,,4927.0,0.8049,0.8414,0.243,0.044008540354106764
TOI-2031 A b,TOI-2031 A,2,1,Transit,2025,5.71548654,0.066,88.32,7.6e-07,-7.5e-07,<a refstr=YEE_ET_AL_2025 href=https://ui.adsabs.harvard.edu/abs/2025ApJS..280...30Y/abstract target=ref>Yee et al. 2025</a>,14.20177855,0.26901554,-0.26901554,1.267,254.2627256,73.10053361,-73.10053361,Mass,<a refstr=YEE_ET_AL_2025 href=https://ui.adsabs.harvard.edu/abs/2025ApJS..280...30Y/abstract target=ref>Yee et al. 2025</a>,0.8,0.49,0.076,,,567.0,1358.0,,6490.0,1.241,1.174,-0.24,0.01894238380445666
TOI-2374 b,TOI-2374,2,1,Transit,2024,4.3136193,0.04818,87.2,1.5e-06,-1.5e-06,<a refstr=YEE_ET_AL_2025 href=https://ui.adsabs.harvard.edu/abs/2025AJ....170..275Y/abstract target=ref>Yee et al. 2025</a>,7.48759911,0.20176165,-0.20176165,0.668,61.65871096,4.4495977,-4.76742611,Mass,<a refstr=YEE_ET_AL_2025 href=https://ui.adsabs.harvard.edu/abs/2025AJ....170..275Y/abstract target=ref>Yee et al. 2025</a>,0.194,0.803,0.13,,,122.9,926.0,,5002.0,0.711,0.802,0.128,0.02694610742855329
TOI-2431 b,TOI-2431,1,1,Transit,2026,0.22419578,0.0063,74.0,5e-08,-5e-08,<a refstr=TAS_ET_AL_2026 href=https://ui.adsabs.harvard.edu/abs/2026A&A...707A.238T/abstract target=ref>Ta&#x219; et al. 2026</a>,1.534,0.034,-0.033,0.13685455,6.2,1.6,-1.6,Mass,<a refstr=TAS_ET_AL_2026 href=https://ui.adsabs.harvard.edu/abs/2026A&A...707A.238T/abstract target=ref>Ta&#x219; et al. 2026</a>,0.01950738,9.4,0.0,,,2649.15,2063.0,K7 V,4109.0,0.651,0.661,-0.02,0.02216427640156454
TOI-3235 b,TOI-3235,1,1,Transit,2023,2.59261842,0.02709,88.14,4.1e-07,-4.1e-07,<a refstr=HOBSON_ET_AL_2023 href=https://ui.adsabs.harvard.edu/abs/2023ApJ...946L...4H/abstract target=ref>Hobson et al. 2023</a>,11.39953337,0.49319515,-0.49319515,1.017,211.35589065,7.94571018,-7.94571018,Mass,<a refstr=HOBSON_ET_AL_2023 href=https://ui.adsabs.harvard.edu/abs/2023ApJ...946L...4H/abstract target=ref>Hobson et al. 2023</a>,0.665,0.78,0.029,,,13.8883,604.0,M V,3388.8,0.3697,0.3939,0.264,0.04326450337852733
TOI-3757 b,TOI-3757,1,1,Transit,2022,3.438753,0.03845,86.76,4e-06,-4e-06,<a refstr=KANODIA_ET_AL__2022 href=https://ui.adsabs.harvard.edu/abs/2022AJ....164...81K/abstract target=ref>Kanodia et al. 2022</a>,12.0,0.4,-0.5,1.07057014,85.3,8.8,-8.7,Mass,<a refstr=KANODIA_ET_AL__2022 href=https://ui.adsabs.harvard.edu/abs/2022AJ....164...81K/abstract target=ref>Kanodia et al. 2022</a>,0.26838381,0.27,0.14,0.06,-0.06,55.4,759.0,M0 V,3913.0,0.62,0.64,0.0,0.041666666666666664
TOI-3884 b,TOI-3884,1,1,Transit,2022,4.5445828,0.0361,89.81,9.8e-06,-9.8e-06,<a refstr=LIBBY_ROBERTS_ET_AL__2023 href=https://ui.adsabs.harvard.edu/abs/2023AJ....165..249L/abstract target=ref>Libby-Roberts et al. 2023</a>,6.43,0.2,-0.2,0.57364716,32.59,7.31,-7.38,Mass,<a refstr=LIBBY_ROBERTS_ET_AL__2023 href=https://ui.adsabs.harvard.edu/abs/2023AJ....165..249L/abstract target=ref>Libby-Roberts et al. 2023</a>,0.10253961,0.67,0.06,0.06,-0.04,6.29,441.0,M4,3180.0,0.302,0.298,0.04,0.03110419906687403
TOI-3984 A b,TOI-3984 A,2,1,Transit,2023,4.353326,0.041,89.5,5e-06,-5e-06,<a refstr=CA_NTILDE_AS_ET_AL__2023 href=https://ui.adsabs.harvard.edu/abs/2023AJ....166...30C/abstract target=ref>Ca&ntilde;as et al. 2023</a>,7.9,0.24,-0.24,0.71,44.0,8.7,-8.0,Mass,<a refstr=CA_NTILDE_AS_ET_AL__2023 href=https://ui.adsabs.harvard.edu/abs/2023AJ....166...30C/abstract target=ref>Ca&ntilde;as et al. 2023</a>,0.14,0.49,0.23,,,16.7,563.0,M4+/-0.5,3476.0,0.47,0.49,0.18,0.030379746835443037
HD 20329 b,HD 20329,1,1,Transit,2022,0.926118,0.018,76.01,5e-05,-4.3e-05,<a refstr=MURGAS_ET_AL_2022 href=https://ui.adsabs.harvard.edu/abs/2022A&A...668A.158M/abstract target=ref>Murgas et al. 2022</a>,1.72,0.07,-0.07,0.15344839,7.42,1.09,-1.09,Mass,<a refstr=MURGAS_ET_AL_2022 href=https://ui.adsabs.harvard.edu/abs/2022A&A...668A.158M/abstract target=ref>Murgas et al. 2022</a>,0.02334593,8.06,0.0,,,3474.0,2141.0,,5596.0,1.13,0.9,-0.07,0.040697674418604654
TOI-5205 b,TOI-5205,1,1,Transit,2023,1.630757,0.0199,88.21,1e-06,-1e-06,<a refstr=KANODIA_ET_AL__2023 href=https://ui.adsabs.harvard.edu/abs/2023AJ....165..120K/abstract target=ref>Kanodia et al. 2023</a>,11.6,0.3,-0.3,1.03,343.0,18.0,-17.0,Mass,<a refstr=KANODIA_ET_AL__2023 href=https://ui.adsabs.harvard.edu/abs/2023AJ....165..120K/abstract target=ref>Kanodia et al. 2023</a>,1.08,1.21,0.02,0.02,-0.014,49.0,737.0,M4.0,3430.0,0.394,0.392,0.0,0.02586206896551724
TOI-5293 A b,TOI-5293 A,2,1,Transit,2023,2.930289,0.034,88.8,4e-06,-4e-06,<a refstr=CA_NTILDE_AS_ET_AL__2023 href=https://ui.adsabs.harvard.edu/abs/2023AJ....166...30C/abstract target=ref>Ca&ntilde;as et al. 2023</a>,11.9,0.4,-0.4,1.06,170.4,21.8,-21.9,Mass,<a refstr=CA_NTILDE_AS_ET_AL__2023 href=https://ui.adsabs.harvard.edu/abs/2023AJ....166...30C/abstract target=ref>Ca&ntilde;as et al. 2023</a>,0.54,0.56,0.38,,,34.6,675.0,M3+/-1,3586.0,0.52,0.54,-0.03,0.03361344537815126
TOI-6255 b,TOI-6255,1,1,Transit,2024,0.23818244,,74.4,1.2e-07,-1.2e-07,<a refstr=DAI_ET_AL__2024 href=https://ui.adsabs.harvard.edu/abs/2024AJ....168..101D/abstract target=ref>Dai et al. 2024</a>,1.079,0.065,-0.065,0.0962621,1.44,0.14,-0.14,Mass,<a refstr=DAI_ET_AL__2024 href=https://ui.adsabs.harvard.edu/abs/2024AJ....168..101D/abstract target=ref>Dai et al. 2024</a>,0.00453075,6.3,0.0,,,588.9944,1256.46,,3421.0,0.37,0.353,-0.14,0.06024096385542169
WASP-193 b,WASP-193,2,1,Transit,2023,6.2463475,0.0668,89.25,1.5e-06,-1.5e-06,<a refstr=YEE_ET_AL__2025 href=https://ui.adsabs.harvard.edu/abs/2025AJ....169..225Y/abstract target=ref>Yee et al. 2025</a>,14.78464554,0.62770292,-0.53803107,1.319,35.59678158,9.2170238,-10.80616584,Mass,<a refstr=YEE_ET_AL__2025 href=https://ui.adsabs.harvard.edu/abs/2025AJ....169..225Y/abstract target=ref>Yee et al. 2025</a>,0.112,0.06,0.081,0.076,-0.055,402.0,1250.0,F9,6080.0,1.213,1.018,-0.108,0.042456406432047615
TOI-6324 b,TOI-6324,1,1,Transit,2025,0.279221,,74.6,1e-07,-1e-07,<a refstr=LEE_ET_AL__2025 href=https://ui.adsabs.harvard.edu/abs/2025ApJ...983L..36L/abstract target=ref>Lee et al. 2025</a>,1.059,0.041,-0.041,0.09447781,1.17,0.22,-0.22,Mass,<a refstr=LEE_ET_AL__2025 href=https://ui.adsabs.harvard.edu/abs/2025ApJ...983L..36L/abstract target=ref>Lee et al. 2025</a>,0.00368123,5.41,0.0,,,284.211,1216.0,,3247.0,0.293,0.269,-0.32,0.03871576959395657
HD 207496 b,HD 207496,1,1,Transit,2023,6.441008,0.0629,88.79,1.1e-05,-1.1e-05,<a refstr=BARROS_ET_AL__2023 href=https://ui.adsabs.harvard.edu/abs/2023A&A...673A...4B/abstract target=ref>Barros et al. 2023</a>,2.25,0.12,-0.1,0.2007319,6.1,1.6,-1.6,Mass,<a refstr=BARROS_ET_AL__2023 href=https://ui.adsabs.harvard.edu/abs/2023A&A...673A...4B/abstract target=ref>Barros et al. 2023</a>,0.01919275,3.17,0.231,0.042,-0.049,72.9,743.0,K2.5 V,4819.0,0.769,0.8,0.095,0.05333333333333333
GJ 341 b,GJ 341,1,1,Transit,2025,7.57686,,89.24,3.4e-05,-2e-05,<a refstr=DITOMASSO_ET_AL__2025 href=https://ui.adsabs.harvard.edu/abs/2025ApJ...979..214D/abstract target=ref>DiTomasso et al. 2025</a>,0.88,0.05,-0.05,0.07850848,4.0,,,Mass,<a refstr=DITOMASSO_ET_AL__2025 href=https://ui.adsabs.harvard.edu/abs/2025ApJ...979..214D/abstract target=ref>DiTomasso et al. 2025</a>,0.01258541,,0.0,,,13.8,629.0,M1,3770.0,0.5066,0.48,-0.16,0.05681818181818182
TOI-6894 b,TOI-6894,1,1,Transit,2025,3.37077196,0.02604,89.58,5.9e-07,-5.9e-07,<a refstr=BRYANT_ET_AL_2025 href=https://ui.adsabs.harvard.edu/abs/2025NatAs...9.1031B/abstract target=ref>Bryant et al. 2025</a>,9.5836785,0.24659758,-0.24659758,0.855,53.39517238,6.99222495,-6.99222495,Mass,<a refstr=BRYANT_ET_AL_2025 href=https://ui.adsabs.harvard.edu/abs/2025NatAs...9.1031B/abstract target=ref>Bryant et al. 2025</a>,0.168,0.334,0.029,0.03,-0.03,5.54,417.9,,3007.0,0.2276,0.207,0.142,0.025730994628002185
IRAS 04125+2902 b,IRAS 04125+2902,2,1,Transit,2024,8.834978,0.077,88.3,2.8e-05,-2.8e-05,<a refstr=BARBER_ET_AL__2024 href=https://ui.adsabs.harvard.edu/abs/2024Natur.635..574B/abstract target=ref>Barber et al. 2024</a>,10.73820351,0.86309151,-0.84067355,0.958,80.8,,,M-R relationship,<a refstr=CALCULATED_VALUE href=/docs/pscp_calc.html target=_blank>Calculated Value</a>,0.254,0.359,,,,41.4199,854.0,,4080.0,1.45,0.7,,0.08037578252230386
TOI-260 b,TOI-260,1,1,Transit,2024,13.475853,0.0943,88.84,1.3e-05,-1.1e-05,<a refstr=HOBSON_ET_AL_2024 href=https://ui.adsabs.harvard.edu/abs/2024A&A...688A.216H/abstract target=ref>Hobson et al. 2024</a>,1.71,0.08,-0.08,0.15255624,4.23,1.6,-1.6,Mass,<a refstr=HOBSON_ET_AL_2024 href=https://ui.adsabs.harvard.edu/abs/2024A&A...688A.216H/abstract target=ref>Hobson et al. 2024</a>,0.01330907,4.66,0.0,,,10.1838,493.0,K8 V,4026.0,0.607,0.616,-0.47,0.046783625730994156
Kepler-12 b,Kepler-12,1,1,Transit,2011,4.4379629,0.0553,88.796,6e-07,-6e-07,<a refstr=ESTEVES_ET_AL__2015 href=https://ui.adsabs.harvard.edu/abs/2015ApJ...804..150E/abstract target=ref>Esteves et al. 2015</a>,19.660586,0.347479,-0.403524,1.754,137.30256,16.84499,-16.20933,Mass,<a refstr=ESTEVES_ET_AL__2015 href=https://ui.adsabs.harvard.edu/abs/2015ApJ...804..150E/abstract target=ref>Esteves et al. 2015</a>,0.432,0.11,0.0,,,877.539,1480.0,,5947.0,1.483,1.166,0.07,0.020524515393386546
PH2 b,PH2,1,1,Transit,2013,282.52542,0.833,89.898,0.00011,-0.00011,<a refstr=DALBA_ET_AL__2024 href=https://ui.adsabs.harvard.edu/abs/2024ApJS..271...16D/abstract target=ref>Dalba et al. 2024</a>,9.33708092,0.2914335,-0.26901554,0.833,87.08498352,20.97667486,-21.29450327,Mass,<a refstr=DALBA_ET_AL__2024 href=https://ui.adsabs.harvard.edu/abs/2024ApJS..271...16D/abstract target=ref>Dalba et al. 2024</a>,0.274,0.58,0.215,0.095,-0.082,1.2,295.1,G3,5734.0,0.949,0.966,0.017,0.03121248519714018
K2-33 b,K2-33,1,1,Transit,2016,5.424865,0.0409,89.1,3.5e-05,-3.1e-05,<a refstr=MANN_ET_AL__2016 href=https://ui.adsabs.harvard.edu/abs/2016AJ....152...61M/abstract target=ref>Mann et al. 2016</a>,5.04,0.34,-0.37,0.44963868,1175.971,,,Mass,<a refstr=MANN_ET_AL__2016 href=https://ui.adsabs.harvard.edu/abs/2016AJ....152...61M/abstract target=ref>Mann et al. 2016</a>,3.7,,0.0,,,89.6695,850.0,M3.3,3540.0,1.05,0.56,,0.07341269841269842
TOI-1806.01,TOI-1806,1,1,Transit,2024,15.1454693,0.087735044,,,,<a refstr=HORD_ET_AL__2024 href=https://ui.adsabs.harvard.edu/abs/2024AJ....167..233H/abstract target=ref>Hord et al. 2024</a>,3.4095367,0.3512672,-0.3512672,0.30384891,11.5,,,M-R relationship,<a refstr=CALCULATED_VALUE href=/docs/pscp_calc.html target=_blank>Calculated Value</a>,0.0362,1.59,,,,2.1473,337.47,,3272.0,0.401575,0.392935,,0.10302490658041605
TOI-4443.01,TOI-4443,1,1,Transit,2024,1.8498567,0.029962645,,,,<a refstr=HORD_ET_AL__2024 href=https://ui.adsabs.harvard.edu/abs/2024AJ....167..233H/abstract target=ref>Hord et al. 2024</a>,1.7193265,0.1346603,-0.1346603,0.15322184,3.6,,,M-R relationship,<a refstr=CALCULATED_VALUE href=/docs/pscp_calc.html target=_blank>Calculated Value</a>,0.0113,3.89,,,,1194.2104,1638.82,,5834.0,1.01733,1.049133,,0.0783215404403992
HAT-P-52 b,HAT-P-52,1,1,Transit,2015,2.7535953,0.03694,87.02,9.4e-06,-9.4e-06,<a refstr=HARTMAN_ET_AL__2015 href=https://ui.adsabs.harvard.edu/abs/2015AJ....150..168H/abstract target=ref>Hartman et al. 2015</a>,11.309881,0.807048,-0.807048,1.009,259.98494,9.21707,-9.21707,Mass,<a refstr=HARTMAN_ET_AL__2015 href=https://ui.adsabs.harvard.edu/abs/2015AJ....150..168H/abstract target=ref>Hartman et al. 2015</a>,0.818,0.98,0.047,,,227.759,1218.0,K1,5131.0,0.893,0.887,0.28,0.07135777998017839
TOI-4747 b,TOI-4747,1,1,Transit,2026,5.21924158592,,88.42032,2.758578e-05,-3.625849e-05,<a refstr=LAFARGA_ET_AL_2026 href=https://ui.adsabs.harvard.edu/abs/2026MNRAS.548ag512L/abstract target=ref>Lafarga et al. 2026</a>,3.95803201,0.35272904,-0.32280843,0.35311257,14.8,,,M-R relationship,<a refstr=CALCULATED_VALUE href=/docs/pscp_calc.html target=_blank>Calculated Value</a>,0.0467,1.31,,,,190.795,1035.0,,5595.08,0.988751,1.01,,0.08911727826071826
HATS-18 b,HATS-18,1,1,Transit,2016,0.83784,0.0174,85.29,4.7e-07,-4.7e-07,<a refstr=CHAKRABARTY__AMP__SENGUPTA_2019 href=https://ui.adsabs.harvard.edu/abs/2019AJ....158...39C/abstract target=ref>Chakrabarty &amp; Sengupta 2019</a>,14.896761,0.840675,-0.840675,1.329,629.144485,24.15508,-24.15508,Mass,<a refstr=CHAKRABARTY__AMP__SENGUPTA_2019 href=https://ui.adsabs.harvard.edu/abs/2019AJ....158...39C/abstract target=ref>Chakrabarty &amp; Sengupta 2019</a>,1.9795,1.1169,0.166,,,2990.0,2069.48,G V,5600.0,1.02,1.037,0.28,0.056433408577878104
Kepler-889 b,Kepler-889,1,1,Transit,2016,3.744439,0.04975,89.01,1.366e-05,-1.366e-05,<a refstr=MORTON_ET_AL__2016 href=https://ui.adsabs.harvard.edu/abs/2016ApJ...822...86M/abstract target=ref>Morton et al. 2016</a>,1.09,0.19,-0.13,0.09724329,1.32,,,M-R relationship,<a refstr=CALCULATED_VALUE href=/docs/pscp_calc.html target=_blank>Calculated Value</a>,0.00416,5.6,0.0,,,954.588,1328.0,,5961.0,1.25,1.14,0.19,0.17431192660550457
HR 2562 b,HR 2562,1,1,Imaging,2016,,22.2,86.7,,,,12.44199,1.23299,-1.23299,1.11,6992.224954,,,Mass,<a refstr=ROBERTS_ET_AL_2025 href=https://ui.adsabs.harvard.edu/abs/2025AJ....170..273R/abstract target=ref>Roberts et al. 2025</a>,22.0,,0.34,0.23,-0.18,0.0069,1255.0,F5 V,6597.0,1.334,1.3,0.02,0.0990990990990991
Kepler-1281 b,Kepler-1281,1,1,Transit,2016,3.11602791,0.0415,89.17,1.3e-05,-1.3e-05,<a refstr=MORTON_ET_AL__2016 href=https://ui.adsabs.harvard.edu/abs/2016ApJ...822...86M/abstract target=ref>Morton et al. 2016</a>,1.64,0.13,-0.14,0.146311,3.33,,,M-R relationship,<a refstr=CALCULATED_VALUE href=/docs/pscp_calc.html target=_blank>Calculated Value</a>,0.0105,4.15,0.0,,,375.55,1123.0,,5353.0,0.83,0.87,-0.04,0.08536585365853659
Kepler-1036 b,Kepler-1036,1,1,Transit,2016,122.8808058,0.47726,89.24,0.000709,-0.000709,<a refstr=MORTON_ET_AL__2016 href=https://ui.adsabs.harvard.edu/abs/2016ApJ...822...86M/abstract target=ref>Morton et al. 2016</a>,3.01,0.14,-0.53,0.26853421,9.32,,,M-R relationship,<a refstr=CALCULATED_VALUE href=/docs/pscp_calc.html target=_blank>Calculated Value</a>,0.0293,1.88,0.0,,,2.821,326.0,,5533.0,0.89,0.95,0.04,0.17607973421926912
Kepler-1191 b,Kepler-1191,1,1,Transit,2016,5.60014851,0.0587,89.84,1.909e-05,-1.909e-05,<a refstr=MORTON_ET_AL__2016 href=https://ui.adsabs.harvard.edu/abs/2016ApJ...822...86M/abstract target=ref>Morton et al. 2016</a>,1.51,0.13,-0.11,0.13471318,2.89,,,M-R relationship,<a refstr=CALCULATED_VALUE href=/docs/pscp_calc.html target=_blank>Calculated Value</a>,0.00909,4.61,0.0,,,167.184,952.0,,5308.0,0.81,0.85,-0.08,0.08609271523178808
XO-5 b,XO-5,1,1,Transit,2008,4.1877558,0.0515,86.8,6e-07,-6e-07,<a refstr=SMITH_2015 href=https://ui.adsabs.harvard.edu/abs/2015AcA....65..117S/abstract target=ref>Smith 2015</a>,12.78,0.34,-0.34,1.14,378.2,9.53,-9.53,Mass,<a refstr=SMITH_2015 href=https://ui.adsabs.harvard.edu/abs/2015AcA....65..117S/abstract target=ref>Smith 2015</a>,1.19,1.06,0.0,,,397.4799,1230.0,G8 V,5430.0,1.13,1.04,0.05,0.026604068857589987
Kepler-1074 b,Kepler-1074,1,1,Transit,2016,5.94566534,0.0536,89.37,1.443e-05,-1.443e-05,<a refstr=MORTON_ET_AL__2016 href=https://ui.adsabs.harvard.edu/abs/2016ApJ...822...86M/abstract target=ref>Morton et al. 2016</a>,1.25,0.24,-0.09,0.11151753,2.1,,,M-R relationship,<a refstr=CALCULATED_VALUE href=/docs/pscp_calc.html target=_blank>Calculated Value</a>,0.0066,5.91,0.0,,,27.569,568.0,,4002.0,0.57,0.6,-0.06,0.192
TIC 183374187 b,TIC 183374187,1,1,Transit,2026,5.05907,,,0.00059,-0.00059,<a refstr=ROTH_ET_AL_2026 href=https://ui.adsabs.harvard.edu/abs/2026ApJS..284...19R/abstract target=ref>Roth et al. 2026</a>,14.03364384,0.78462865,-0.78462865,1.252,177.98390792,60.38739733,-60.38739733,Mass,<a refstr=ROTH_ET_AL_2026 href=https://ui.adsabs.harvard.edu/abs/2026ApJS..284...19R/abstract target=ref>Roth et al. 2026</a>,0.56,0.35,0.506,,,,1379.0,,5768.0,1.344,0.853,-0.39,0.05591054318790522
TOI-5720 b,TOI-5720,1,1,Transit,2024,1.4344555,0.018288,89.3,3.6e-06,-3.6e-06,<a refstr=BARKAOUI_ET_AL_2024 href=https://ui.adsabs.harvard.edu/abs/2024A&A...687A.264B/abstract target=ref>Barkaoui et al. 2024</a>,1.09,0.07,-0.07,0.09724345,4.3,,,Mass,<a refstr=BARKAOUI_ET_AL_2024 href=https://ui.adsabs.harvard.edu/abs/2024A&A...687A.264B/abstract target=ref>Barkaoui et al. 2024</a>,0.01352931,,,,,41.7,708.0,M3.5 +/- 1.0,3325.0,0.383,0.383,0.03,0.06422018348623854
Kepler-472 b,Kepler-472,1,1,Transit,2016,4.176255514,0.04823,83.75,1.844e-06,-1.844e-06,<a refstr=MORTON_ET_AL__2016 href=https://ui.adsabs.harvard.edu/abs/2016ApJ...822...86M/abstract target=ref>Morton et al. 2016</a>,3.22,0.13,-0.28,0.28726916,10.5,,,M-R relationship,<a refstr=CALCULATED_VALUE href=/docs/pscp_calc.html target=_blank>Calculated Value</a>,0.0329,1.73,0.0,,,139.236,876.0,,4996.0,0.78,0.85,0.16,0.08695652173913043
K2-386 b,K2-386,1,1,Transit,2022,7.473223,,,0.000374,-0.000312,<a refstr=CHRISTIANSEN_ET_AL_2022 href=https://ui.adsabs.harvard.edu/abs/2022AJ....163..244C/abstract target=ref>Christiansen et al. 2022</a>,2.32,0.071,-0.067,0.20697689,5.99,,,M-R relationship,<a refstr=CALCULATED_VALUE href=/docs/pscp_calc.html target=_blank>Calculated Value</a>,0.0189,2.64,,,,,,,5749.0,0.97,0.911,0.074,0.030603448275862068
Kepler-1342 b,Kepler-1342,1,1,Transit,2016,2.215710358,0.0313,82.3,8.123e-06,-8.123e-06,<a refstr=MORTON_ET_AL__2016 href=https://ui.adsabs.harvard.edu/abs/2016ApJ...822...86M/abstract target=ref>Morton et al. 2016</a>,1.66,0.22,-0.13,0.14809528,3.39,,,M-R relationship,<a refstr=CALCULATED_VALUE href=/docs/pscp_calc.html target=_blank>Calculated Value</a>,0.0107,4.07,0.0,,,559.275,1283.0,,5527.0,0.9,0.93,0.03,0.13253012048192772
WASP-174 b,WASP-174,1,1,Transit,2018,4.2337005,0.05503,83.78,1.8e-06,-1.8e-06,<a refstr=MANCINI_ET_AL__2020 href=https://ui.adsabs.harvard.edu/abs/2020A&A...633A..30M/abstract target=ref>Mancini et al. 2020</a>,16.10730527,0.56044903,-0.56044903,1.437,104.88337431,28.92238504,-28.92238504,Mass,<a refstr=MANCINI_ET_AL__2020 href=https://ui.adsabs.harvard.edu/abs/2020A&A...633A..30M/abstract target=ref>Mancini et al. 2020</a>,0.33,0.135,0.0,,,901.9,1528.0,F6 V,6399.0,1.347,1.24,0.06,0.034794710884622104
Kepler-1195 b,Kepler-1195,1,1,Transit,2016,8.49642241,0.0726,88.49,2.872e-05,-2.872e-05,<a refstr=MORTON_ET_AL__2016 href=https://ui.adsabs.harvard.edu/abs/2016ApJ...822...86M/abstract target=ref>Morton et al. 2016</a>,2.08,0.19,-0.17,0.18556517,4.98,,,M-R relationship,<a refstr=CALCULATED_VALUE href=/docs/pscp_calc.html target=_blank>Calculated Value</a>,0.0157,3.04,0.0,,,79.03,702.0,,4965.0,0.71,0.74,-0.25,0.09134615384615384
Kepler-1178 b,Kepler-1178,1,1,Transit,2016,31.80634,0.1596,89.5,0.0003857,-0.0003857,<a refstr=MORTON_ET_AL__2016 href=https://ui.adsabs.harvard.edu/abs/2016ApJ...822...86M/abstract target=ref>Morton et al. 2016</a>,1.07,0.06,-0.08,0.09545901,1.24,,,M-R relationship,<a refstr=CALCULATED_VALUE href=/docs/pscp_calc.html target=_blank>Calculated Value</a>,0.0039,5.56,0.0,,,23.237,378.0,,4990.0,0.75,0.8,-0.05,0.07476635514018691
WASP-151 b,WASP-151,1,1,Transit,2017,4.5334775,0.055,88.25,2.3e-06,-2.3e-06,<a refstr=MO__X10D_NIK_ET_AL__2020 href=https://ui.adsabs.harvard.edu/abs/2020PASP..132a4401M/abstract target=ref>Mo&#x10D;nik et al. 2020</a>,13.30506009,0.23538859,-0.23538859,1.187,100.43377661,9.85268062,-9.85268062,Mass,<a refstr=MO__X10D_NIK_ET_AL__2020 href=https://ui.adsabs.harvard.edu/abs/2020PASP..132a4401M/abstract target=ref>Mo&#x10D;nik et al. 2020</a>,0.316,0.250651,0.0,,,460.0,1312.0,G1,5871.0,1.181,1.081,0.1,0.01769165929411447
K2-289 b,K2-289,1,1,Transit,2019,13.156969,0.107,88.48,4.7e-05,-5.1e-05,<a refstr=LIVINGSTON_ET_AL__2019 href=https://ui.adsabs.harvard.edu/abs/2019AJ....157..102L/abstract target=ref>Livingston et al. 2019</a>,9.1,0.3,-0.3,0.81184762,61.0,,,M-R relationship,<a refstr=CALCULATED_VALUE href=/docs/pscp_calc.html target=_blank>Calculated Value</a>,0.192,0.445,,,,27.3178,753.0,,5529.0,1.025,0.953,0.162,0.03296703296703297
TOI-2587 A b,TOI-2587 A,2,1,Transit,2023,5.45664,0.0635,84.81,1.1e-05,-1.1e-05,<a refstr=YEE_ET_AL__2023 href=https://ui.adsabs.harvard.edu/abs/2023ApJS..265....1Y/abstract target=ref>Yee et al. 2023</a>,12.07207221,0.47077719,-0.44835923,1.077,69.28659273,17.16273398,-14.62010672,Mass,<a refstr=YEE_ET_AL__2023 href=https://ui.adsabs.harvard.edu/abs/2023ApJS..265....1Y/abstract target=ref>Yee et al. 2023</a>,0.218,0.216,0.0,,,728.0,1445.0,,5760.0,1.726,1.15,0.13,0.03899721454697959
TOI-871 b,TOI-871,1,1,Transit,2024,14.362565,0.1054,89.26,9e-05,-9e-05,<a refstr=MISTRY_ET_AL_2024 href=https://ui.adsabs.harvard.edu/abs/2024PASA...41...30M/abstract target=ref>Mistry et al. 2024</a>,1.664,0.114,-0.113,0.14845239,3.41,,,M-R relationship,<a refstr=CALCULATED_VALUE href=/docs/pscp_calc.html target=_blank>Calculated Value</a>,0.0107,4.07,,,,24.78,621.0,,4929.0,0.719,0.758,-0.07,0.06850961538461539
TOI-4914 b,TOI-4914,1,1,Transit,2024,10.60057,0.098,86.35,1e-05,-1e-05,<a refstr=MANTOVAN_ET_AL_2024 href=https://ui.adsabs.harvard.edu/abs/2024A&A...691A..67M/abstract target=ref>Mantovan et al. 2024</a>,12.87,0.36,-0.36,1.14818647,227.0,13.0,-13.0,Mass,<a refstr=MANTOVAN_ET_AL_2024 href=https://ui.adsabs.harvard.edu/abs/2024A&A...691A..67M/abstract target=ref>Mantovan et al. 2024</a>,0.71422187,0.59,0.408,0.023,-0.023,18.1082,894.0,,5805.0,1.0,1.03,-0.13,0.027972027972027972
Kepler-1200 b,Kepler-1200,1,1,Transit,2016,1.118549717,0.0188,87.68,3.12e-06,-3.12e-06,<a refstr=MORTON_ET_AL__2016 href=https://ui.adsabs.harvard.edu/abs/2016ApJ...822...86M/abstract target=ref>Morton et al. 2016</a>,1.06,0.06,-0.08,0.09456687,1.2,,,M-R relationship,<a refstr=CALCULATED_VALUE href=/docs/pscp_calc.html target=_blank>Calculated Value</a>,0.00377,5.54,0.0,,,544.534,1174.0,,4612.0,0.7,0.74,0.04,0.07547169811320754
TOI-4137 b,TOI-4137,1,1,Transit,2022,3.8016122,0.05222,85.7,6.5e-06,-6.5e-06,<a refstr=YEE_ET_AL__2022 href=https://ui.adsabs.harvard.edu/abs/2022AJ....164...70Y/abstract target=ref>Yee et al. 2022</a>,13.57407563,0.44835923,-0.43715025,1.211,457.67290608,54.03082919,-47.67426105,Mass,<a refstr=YEE_ET_AL__2022 href=https://ui.adsabs.harvard.edu/abs/2022AJ....164...70Y/abstract target=ref>Yee et al. 2022</a>,1.44,1.01,0.0,0.048,-0.052,1013.0,1570.0,,6202.0,1.438,1.313,0.182,0.0330305534035101
Kepler-1630 b,Kepler-1630,1,1,Transit,2016,509.997402,1.1218,89.95,0.003256,-0.003256,<a refstr=MORTON_ET_AL__2016 href=https://ui.adsabs.harvard.edu/abs/2016ApJ...822...86M/abstract target=ref>Morton et al. 2016</a>,2.19,0.2,-0.1,0.19537871,5.43,,,M-R relationship,<a refstr=CALCULATED_VALUE href=/docs/pscp_calc.html target=_blank>Calculated Value</a>,0.0171,2.84,0.0,,,0.26,182.0,,4736.0,0.63,0.66,-0.46,0.09132420091324202
Kepler-475 b,Kepler-475,1,1,Transit,2016,3.105508189,0.03989,84.85,1.042e-06,-1.042e-06,<a refstr=MORTON_ET_AL__2016 href=https://ui.adsabs.harvard.edu/abs/2016ApJ...822...86M/abstract target=ref>Morton et al. 2016</a>,2.49,0.05,-0.18,0.22214292,6.76,,,M-R relationship,<a refstr=CALCULATED_VALUE href=/docs/pscp_calc.html target=_blank>Calculated Value</a>,0.0213,2.41,0.0,,,215.462,980.0,,5009.0,0.79,0.86,0.21,0.07228915662650602
Kepler-1978 b,Kepler-1978,1,1,Transit,2023,10.84969477,0.0914,88.49,2.777e-05,-2.777e-05,<a refstr=Q1_Q17_DR25_KOI_TABLE href=https://exoplanetarchive.ipac.caltech.edu/docs/Kepler_KOI_docs.html target=ref>Q1-Q17 DR25 KOI Table</a>,2.67,0.38,-0.21,0.23820186,7.61,,,M-R relationship,<a refstr=CALCULATED_VALUE href=/docs/pscp_calc.html target=_blank>Calculated Value</a>,0.0239,2.2,0.0,,,49.3,676.0,,5251.0,0.778,0.869,-0.04,0.14232209737827717
Kepler-816 b,Kepler-816,1,1,Transit,2016,10.506825646,0.0895,88.93,3.817e-06,-3.817e-06,<a refstr=MORTON_ET_AL__2016 href=https://ui.adsabs.harvard.edu/abs/2016ApJ...822...86M/abstract target=ref>Morton et al. 2016</a>,10.24,0.68,-0.54,0.91355161,74.5,,,M-R relationship,<a refstr=CALCULATED_VALUE href=/docs/pscp_calc.html target=_blank>Calculated Value</a>,0.234,0.381,0.0,,,50.563,668.0,,5286.0,0.85,0.9,0.16,0.06640625
TOI-1768.01,TOI-1768,1,1,Transit,2024,7.337703649,0.076381,,2.1404e-05,-2.2443e-05,<a refstr=CROSSFIELD_ET_AL_2025 href=https://ui.adsabs.harvard.edu/abs/2025AJ....169...89C/abstract target=ref>Crossfield et al. 2025</a>,3.453,0.423,-0.287,0.30805656,11.8,,,M-R relationship,<a refstr=CALCULATED_VALUE href=/docs/pscp_calc.html target=_blank>Calculated Value</a>,0.037,1.57,,,,240.87,1566.0,,5994.0,1.1,1.1,,0.12250217202432667
TOI-205 b,TOI-205,1,1,Transit,2026,4.25300773815,,86.62587,3.426367e-05,-3.486458e-05,<a refstr=LAFARGA_ET_AL_2026 href=https://ui.adsabs.harvard.edu/abs/2026MNRAS.548ag512L/abstract target=ref>Lafarga et al. 2026</a>,2.50121142,0.23968778,-0.21681012,0.22314352,6.81,,,M-R relationship,<a refstr=CALCULATED_VALUE href=/docs/pscp_calc.html target=_blank>Calculated Value</a>,0.0214,2.39,,,,1740.9224,1799.55,,6302.74,1.45382,1.2,0.13,0.09582867648989063
K2-401 b,K2-401,1,1,Transit,2022,6.293099,,,0.000571,-0.000707,<a refstr=CHRISTIANSEN_ET_AL_2022 href=https://ui.adsabs.harvard.edu/abs/2022AJ....163..244C/abstract target=ref>Christiansen et al. 2022</a>,2.262,0.209,-0.192,0.20180247,5.74,,,M-R relationship,<a refstr=CALCULATED_VALUE href=/docs/pscp_calc.html target=_blank>Calculated Value</a>,0.0181,2.73,,,,,,K7,4213.0,0.675,0.87,-0.098,0.09239610963748894
Kepler-931 b,Kepler-931,1,1,Transit,2016,8.03755877,0.0719,86.29,2.315e-05,-2.315e-05,<a refstr=MORTON_ET_AL__2016 href=https://ui.adsabs.harvard.edu/abs/2016ApJ...822...86M/abstract target=ref>Morton et al. 2016</a>,1.33,0.14,-0.09,0.11865465,2.33,,,M-R relationship,<a refstr=CALCULATED_VALUE href=/docs/pscp_calc.html target=_blank>Calculated Value</a>,0.00733,5.44,0.0,,,72.44,744.0,,5241.0,0.81,0.86,-0.01,0.10526315789473685
Kepler-1102 b,Kepler-1102,1,1,Transit,2016,51.3285623,0.2731,89.06,0.0003326,-0.0003326,<a refstr=MORTON_ET_AL__2016 href=https://ui.adsabs.harvard.edu/abs/2016ApJ...822...86M/abstract target=ref>Morton et al. 2016</a>,2.66,0.53,-0.23,0.23730931,7.56,,,M-R relationship,<a refstr=CALCULATED_VALUE href=/docs/pscp_calc.html target=_blank>Calculated Value</a>,0.0238,2.21,0.0,,,22.981,546.0,,5724.0,0.94,0.96,-0.08,0.19924812030075187
K2-338 b,K2-338,1,1,Transit,2021,3.850614,,,1.2e-05,-1.2e-05,<a refstr=DE_LEON_ET_AL_2021 href=https://ui.adsabs.harvard.edu/abs/2021MNRAS.508..195D/abstract target=ref>de Leon et al. 2021</a>,1.03,0.11,-0.05,0.0918906,1.08,,,M-R relationship,<a refstr=CALCULATED_VALUE href=/docs/pscp_calc.html target=_blank>Calculated Value</a>,0.0034,5.43,,,,,783.0,,4558.0,0.63,0.66,-0.23,0.10679611650485436
KELT-16 b,KELT-16,2,1,Transit,2017,0.9689951,0.02044,84.4,2.4e-06,-2.4e-06,<a refstr=OBERST_ET_AL__2017 href=https://ui.adsabs.harvard.edu/abs/2017AJ....153...97O/abstract target=ref>Oberst et al. 2017</a>,15.860735,0.941556,-0.751003,1.415,874.0325,50.8528,-47.6745,Mass,<a refstr=OBERST_ET_AL__2017 href=https://ui.adsabs.harvard.edu/abs/2017AJ....153...97O/abstract target=ref>Oberst et al. 2017</a>,2.75,1.2,0.0,,,6992.0328,2453.0,F7 V,6236.0,1.36,1.211,-0.002,0.05936395759717314
K2-86 b,K2-86,1,1,Transit,2016,8.77683,0.077,88.56037,0.00098,-0.00098,<a refstr=CROSSFIELD_ET_AL__2016 href=https://ui.adsabs.harvard.edu/abs/2016ApJS..226....7C/abstract target=ref>Crossfield et al. 2016</a>,1.96,0.27,-0.27,0.17485949,4.5,,,M-R relationship,<a refstr=CALCULATED_VALUE href=/docs/pscp_calc.html target=_blank>Calculated Value</a>,0.0142,3.28,,,,78.0,830.49,,5482.0,0.76,0.79,-0.35,0.13775510204081634
Kepler-564 b,Kepler-564,1,1,Transit,2016,3.750832285,0.0484,90.0,1.219e-06,-1.219e-06,<a refstr=MORTON_ET_AL__2016 href=https://ui.adsabs.harvard.edu/abs/2016ApJ...822...86M/abstract target=ref>Morton et al. 2016</a>,4.63,0.66,-0.36,0.41306093,19.4,,,M-R relationship,<a refstr=CALCULATED_VALUE href=/docs/pscp_calc.html target=_blank>Calculated Value</a>,0.0609,1.07,0.0,,,389.404,1129.0,,5626.0,0.92,0.95,-0.01,0.14254859611231102
Kepler-878 b,Kepler-878,1,1,Transit,2016,25.9422033,0.165,89.2,0.0001029,-0.0001029,<a refstr=MORTON_ET_AL__2016 href=https://ui.adsabs.harvard.edu/abs/2016ApJ...822...86M/abstract target=ref>Morton et al. 2016</a>,1.93,0.12,-0.1,0.17218307,4.38,,,M-R relationship,<a refstr=CALCULATED_VALUE href=/docs/pscp_calc.html target=_blank>Calculated Value</a>,0.0138,3.35,0.0,,,27.009,501.0,,5044.0,0.77,0.81,-0.03,0.06217616580310881
TOI-2384 b,TOI-2384,2,1,Transit,2024,2.13570304,0.02793,88.37,3.8e-07,-3.8e-07,<a refstr=BRYANT_ET_AL__2024 href=https://ui.adsabs.harvard.edu/abs/2024MNRAS.533.3893B/abstract target=ref>Bryant et al. 2024</a>,11.48920522,0.23538859,-0.23538859,1.025,624.85064816,18.75187601,-18.75187601,Mass,<a refstr=BRYANT_ET_AL__2024 href=https://ui.adsabs.harvard.edu/abs/2024MNRAS.533.3893B/abstract target=ref>Bryant et al. 2024</a>,1.966,2.26,0.0,,,104.3,889.7,,3943.0,0.6113,0.635,0.332,0.02048780446451108
K2-87 b,K2-87,1,1,Transit,2016,9.726618,0.094,87.74,5.5e-05,-5.5e-05,<a refstr=LIVINGSTON_ET_AL__2019 href=https://ui.adsabs.harvard.edu/abs/2019AJ....157..102L/abstract target=ref>Livingston et al. 2019</a>,7.6,0.4,-0.4,0.67802659,44.9,,,M-R relationship,<a refstr=CALCULATED_VALUE href=/docs/pscp_calc.html target=_blank>Calculated Value</a>,0.141,0.562,,,,85.0,979.0,,5747.0,1.401,1.164,0.328,0.052631578947368425
Kepler-983 b,Kepler-983,1,1,Transit,2016,60.0855082,0.3148,88.93,0.0002611,-0.0002611,<a refstr=MORTON_ET_AL__2016 href=https://ui.adsabs.harvard.edu/abs/2016ApJ...822...86M/abstract target=ref>Morton et al. 2016</a>,2.36,0.07,-0.18,0.2105451,6.17,,,M-R relationship,<a refstr=CALCULATED_VALUE href=/docs/pscp_calc.html target=_blank>Calculated Value</a>,0.0194,2.58,0.0,,,30.997,485.0,,6052.0,1.08,1.13,0.12,0.07627118644067797
Kepler-1608 b,Kepler-1608,1,1,Transit,2016,16.4735686,0.1126,89.97,0.0001698,-0.0001698,<a refstr=MORTON_ET_AL__2016 href=https://ui.adsabs.harvard.edu/abs/2016ApJ...822...86M/abstract target=ref>Morton et al. 2016</a>,1.73,0.16,-0.19,0.15434026,3.64,,,M-R relationship,<a refstr=CALCULATED_VALUE href=/docs/pscp_calc.html target=_blank>Calculated Value</a>,0.0115,3.86,0.0,,,33.22,612.0,,4992.0,0.72,0.75,-0.24,0.10982658959537572
EPIC 212499991 b,EPIC 212499991,1,1,Transit,2019,34.885,,,0.011,-0.01,<a refstr=HELLER_ET_AL__2019 href=https://ui.adsabs.harvard.edu/abs/2019A&A...627A..66H/abstract target=ref>Heller et al. 2019</a>,1.6,0.13,-0.16,0.14274244,3.19,,,M-R relationship,<a refstr=CALCULATED_VALUE href=/docs/pscp_calc.html target=_blank>Calculated Value</a>,0.01,4.28,,,,,,,4982.79,0.757541,0.912,,0.09999999999999999
Kepler-563 b,Kepler-563,1,1,Transit,2016,22.18432708,0.1418,89.97,2.5e-05,-2.5e-05,<a refstr=MORTON_ET_AL__2016 href=https://ui.adsabs.harvard.edu/abs/2016ApJ...822...86M/abstract target=ref>Morton et al. 2016</a>,3.09,0.17,-0.2,0.27567134,9.75,,,M-R relationship,<a refstr=CALCULATED_VALUE href=/docs/pscp_calc.html target=_blank>Calculated Value</a>,0.0307,1.82,0.0,,,18.738,546.0,,5066.0,0.77,0.8,-0.08,0.06472491909385114
TOI-512 b,TOI-512,1,1,Transit,2025,7.18886,,88.92,6.9e-05,-7.7e-05,<a refstr=RODRIGUES_ET_AL_2025 href=https://ui.adsabs.harvard.edu/abs/2025A&A...695A.237R/abstract target=ref>Rodrigues et al. 2025</a>,1.54,0.1,-0.1,0.13738983,3.57,0.53,-0.55,Mass,<a refstr=RODRIGUES_ET_AL_2025 href=https://ui.adsabs.harvard.edu/abs/2025A&A...695A.237R/abstract target=ref>Rodrigues et al. 2025</a>,0.01123248,5.623888,0.02,0.06,-0.03,127.0,1009.0,,5277.0,0.89,0.74,-0.11,0.06493506493506494
Kepler-1115 b,Kepler-1115,1,1,Transit,2016,23.5540725,0.2134,88.34,0.0001356,-0.0001356,<a refstr=MORTON_ET_AL__2016 href=https://ui.adsabs.harvard.edu/abs/2016ApJ...822...86M/abstract target=ref>Morton et al. 2016</a>,1.7,0.29,-0.2,0.15166384,3.53,,,M-R relationship,<a refstr=CALCULATED_VALUE href=/docs/pscp_calc.html target=_blank>Calculated Value</a>,0.0111,3.95,0.0,,,516.101,1381.0,,8480.0,1.73,1.6,-0.51,0.17058823529411765
WASP-108 b,WASP-108,1,1,Transit,2020,2.67555212374,,89.2,4.8124e-07,-4.8124e-07,<a refstr=EXOFOP href=https://exofop.ipac.caltech.edu/tess/view_toi.php target=ref>ExoFOP</a>,15.13212395,0.44835923,-0.44835923,1.35,283.50293904,,,Mass,<a refstr=BOHN_ET_AL__2020 href=https://ui.adsabs.harvard.edu/abs/2020A&A...635A..73B/abstract target=ref>Bohn et al. 2020</a>,0.892,0.477431,0.0,,,1360.1641,1589.0,F9,6783.0,1.34415,1.167,0.1478,0.029629629752008474
Kepler-1521 b,Kepler-1521,1,1,Transit,2016,47.14840805,0.23476,89.58,7.919e-05,-7.919e-05,<a refstr=MORTON_ET_AL__2016 href=https://ui.adsabs.harvard.edu/abs/2016ApJ...822...86M/abstract target=ref>Morton et al. 2016</a>,2.5,0.09,-0.1,0.22303506,6.8,,,M-R relationship,<a refstr=CALCULATED_VALUE href=/docs/pscp_calc.html target=_blank>Calculated Value</a>,0.0214,2.39,0.0,,,5.122,391.0,,5042.0,0.76,0.81,-0.05,0.04
TOI-2989 b,TOI-2989,1,1,Transit,2025,3.122832,0.0384,88.1,1e-06,-1e-06,<a refstr=FRENSCH_ET_AL_2025 href=https://ui.adsabs.harvard.edu/abs/2025A&A...700A.118F/abstract target=ref>Frensch et al. 2025</a>,12.55405838,0.56044903,-0.56044903,1.12,953.485221,63.5656814,-63.5656814,Mass,<a refstr=FRENSCH_ET_AL_2025 href=https://ui.adsabs.harvard.edu/abs/2025A&A...700A.118F/abstract target=ref>Frensch et al. 2025</a>,3.0,2.7,0.0,,,124.0,1001.0,K4 V,4672.0,0.76,0.77,-0.04,0.04464285675880376
Kepler-832 b,Kepler-832,1,1,Transit,2016,7.1396941,0.075,89.89,2.817e-05,-2.817e-05,<a refstr=MORTON_ET_AL__2016 href=https://ui.adsabs.harvard.edu/abs/2016ApJ...822...86M/abstract target=ref>Morton et al. 2016</a>,2.06,0.32,-0.17,0.18378089,4.9,,,M-R relationship,<a refstr=CALCULATED_VALUE href=/docs/pscp_calc.html target=_blank>Calculated Value</a>,0.0154,3.08,0.0,,,256.828,965.0,,5596.0,0.9,0.92,-0.08,0.1553398058252427
TOI-1898 b,TOI-1898,1,1,Transit,2024,45.52234,0.269,87.531,6.1e-05,-6.1e-05,<a refstr=POLANSKI_ET_AL__2024 href=https://ui.adsabs.harvard.edu/abs/2024ApJS..272...32P/abstract target=ref>Polanski et al. 2024</a>,9.39553231,0.2342915,-0.30913881,0.83821469,129.0,7.0,-8.0,Mass,<a refstr=POLANSKI_ET_AL__2024 href=https://ui.adsabs.harvard.edu/abs/2024ApJS..272...32P/abstract target=ref>Polanski et al. 2024</a>,0.40587939,0.85,0.485,0.039,-0.039,51.0074,674.54,,6241.0,1.6131,1.2484,-0.095,0.03290274566678596
Kepler-1376 b,Kepler-1376,1,1,Transit,2016,5.30880656,0.0598,89.26,4.525e-05,-4.525e-05,<a refstr=MORTON_ET_AL__2016 href=https://ui.adsabs.harvard.edu/abs/2016ApJ...822...86M/abstract target=ref>Morton et al. 2016</a>,1.05,0.21,-0.09,0.09367473,1.16,,,M-R relationship,<a refstr=CALCULATED_VALUE href=/docs/pscp_calc.html target=_blank>Calculated Value</a>,0.00364,5.51,0.0,,,278.902,1042.0,,5659.0,0.97,0.98,0.07,0.19999999999999998
Kepler-1190 b,Kepler-1190,1,1,Transit,2016,10.45843441,0.0845,89.98,5.281e-05,-5.281e-05,<a refstr=MORTON_ET_AL__2016 href=https://ui.adsabs.harvard.edu/abs/2016ApJ...822...86M/abstract target=ref>Morton et al. 2016</a>,1.33,0.05,-0.11,0.11865465,2.33,,,M-R relationship,<a refstr=CALCULATED_VALUE href=/docs/pscp_calc.html target=_blank>Calculated Value</a>,0.00733,5.44,0.0,,,24.211,609.0,,4730.0,0.72,0.76,-0.02,0.08270676691729323
HAT-P-47 b,HAT-P-47,1,1,Transit,2026,4.73217441,,84.56,5.5e-07,-5.5e-07,<a refstr=WANG_ET_AL_2026 href=https://ui.adsabs.harvard.edu/abs/2026A&A...710A.409W/abstract target=ref>Wang et al. 2026</a>,14.71739166,0.50440413,-0.50440413,1.313,65.47265184,12.39530787,-12.39530787,Mass,<a refstr=WANG_ET_AL_2026 href=https://ui.adsabs.harvard.edu/abs/2026A&A...710A.409W/abstract target=ref>Wang et al. 2026</a>,0.206,0.113,,,,379.567,1605.0,F,6703.0,1.515,1.387,-0.026,0.03427265793101819
TOI-2211.01,TOI-2211,1,1,Transit,2024,3.092686757,0.04011,87.169,1.2941e-05,-1.2424e-05,<a refstr=CROSSFIELD_ET_AL_2025 href=https://ui.adsabs.harvard.edu/abs/2025AJ....169...89C/abstract target=ref>Crossfield et al. 2025</a>,1.561,0.198,-0.144,0.13926333,3.06,,,M-R relationship,<a refstr=CALCULATED_VALUE href=/docs/pscp_calc.html target=_blank>Calculated Value</a>,0.00962,4.42,,,,296.13,1056.92,,5253.0,0.834,0.9,,0.1268417680973735
Kepler-1259 b,Kepler-1259,1,1,Transit,2016,0.663085258,0.0141,71.76,8.74e-07,-8.74e-07,<a refstr=MORTON_ET_AL__2016 href=https://ui.adsabs.harvard.edu/abs/2016ApJ...822...86M/abstract target=ref>Morton et al. 2016</a>,1.43,0.07,-0.1,0.12757605,2.63,,,M-R relationship,<a refstr=CALCULATED_VALUE href=/docs/pscp_calc.html target=_blank>Calculated Value</a>,0.00829,4.94,0.0,,,2460.582,1681.0,,5053.0,0.77,0.8,-0.07,0.06993006993006994
TOI-1859 b,TOI-1859,1,1,Transit,2023,63.48347,0.337,88.64,0.0001,-0.0001,<a refstr=DONG_ET_AL_2023 href=https://ui.adsabs.harvard.edu/abs/2023ApJ...951L..29D/abstract target=ref>Dong et al. 2023</a>,9.75181321,0.78462865,-0.78462865,0.87,68.6,,,M-R relationship,<a refstr=CALCULATED_VALUE href=/docs/pscp_calc.html target=_blank>Calculated Value</a>,0.216,0.406,0.57,0.12,-0.16,23.786,615.0,,6341.0,1.36,1.287,0.12,0.08045977020923682
Kepler-1008 b,Kepler-1008,2,1,Transit,2016,12.43931193,0.09755,88.35,2.837e-05,-2.837e-05,<a refstr=MORTON_ET_AL__2016 href=https://ui.adsabs.harvard.edu/abs/2016ApJ...822...86M/abstract target=ref>Morton et al. 2016</a>,1.28,0.07,-0.05,0.11419395,2.18,,,M-R relationship,<a refstr=CALCULATED_VALUE href=/docs/pscp_calc.html target=_blank>Calculated Value</a>,0.00687,5.71,0.0,,,35.408,627.0,,5066.0,0.78,0.81,-0.01,0.05468750000000001
TOI-2133 b,TOI-2133,1,1,Transit,2026,3.8266472,0.041,89.5,5e-06,-4e-06,<a refstr=MORELLO_ET_AL_2026 href=https://ui.adsabs.harvard.edu/abs/2026MNRAS.549ag183M/abstract target=ref>Morello et al. 2026</a>,2.37,0.09,-0.09,0.2114376,6.21,,,M-R relationship,<a refstr=CALCULATED_VALUE href=/docs/pscp_calc.html target=_blank>Calculated Value</a>,0.0195,2.56,,,,81.1072,798.0,,4250.0,0.62,0.644,-0.01,0.03797468354430379
TOI-2406 b,TOI-2406,1,1,Transit,2021,3.0766891,0.02267,89.8,2.4e-06,-2.4e-06,<a refstr=HORI_ET_AL_2024 href=https://ui.adsabs.harvard.edu/abs/2024AJ....167..289H/abstract target=ref>Hori et al. 2024</a>,2.86,0.063,-0.069,0.25515255,15.6,,,Mass,<a refstr=HORI_ET_AL_2024 href=https://ui.adsabs.harvard.edu/abs/2024AJ....167..289H/abstract target=ref>Hori et al. 2024</a>,0.04908309,,0.17,0.11,-0.05,6.69,449.0,M4 V,3100.0,0.204,0.166,-0.26,0.02412587412587413
WASP-157 b,WASP-157,1,1,Transit,2016,3.951623,0.0499,85.09039,1.8e-05,-1.8e-05,<a refstr=LIVINGSTON_ET_AL__2018 href=https://ui.adsabs.harvard.edu/abs/2018AJ....156..277L/abstract target=ref>Livingston et al. 2018</a>,11.19,0.28,-0.28,0.99830493,182.43442,29.55819,-29.55819,Mass,<a refstr=MO__X10D_NIK_ET_AL__2016 href=https://ui.adsabs.harvard.edu/abs/2016PASP..128l4403M/abstract target=ref>Mo&#x10D;nik et al. 2016</a>,0.574,0.64,0.0,,,482.1005,1193.0,G2 V,5772.0,1.1,1.06,0.25,0.02502234137622878
Kepler-1183 b,Kepler-1183,1,1,Transit,2016,28.5057189,0.1793,88.47,0.0003031,-0.0003031,<a refstr=MORTON_ET_AL__2016 href=https://ui.adsabs.harvard.edu/abs/2016ApJ...822...86M/abstract target=ref>Morton et al. 2016</a>,2.82,0.52,-0.3,0.25158355,8.35,,,M-R relationship,<a refstr=CALCULATED_VALUE href=/docs/pscp_calc.html target=_blank>Calculated Value</a>,0.0263,2.05,0.0,,,61.663,555.0,,5765.0,0.99,1.0,0.04,0.1843971631205674
LHS 1478 b,LHS 1478,1,1,Transit,2021,1.94953941,0.01872,87.69,5e-07,-5e-07,<a refstr=AUGUST_ET_AL_2025 href=https://ui.adsabs.harvard.edu/abs/2025A&A...695A.171A/abstract target=ref>August et al. 2025</a>,1.174,0.055,-0.055,0.10473745,2.27,0.45,-0.45,Mass,<a refstr=AUGUST_ET_AL_2025 href=https://ui.adsabs.harvard.edu/abs/2025A&A...695A.171A/abstract target=ref>August et al. 2025</a>,0.00714222,7.7,0.038,0.16,-0.033,20.9,597.3,m3 V,3415.0,0.2462,0.2301,-0.38,0.046848381601362864
TOI-1685 b,TOI-1685,1,1,Transit,2021,0.66913923,0.01164,86.62,3.9e-07,-3.9e-07,<a refstr=EGGER_ET_AL__2025 href=https://ui.adsabs.harvard.edu/abs/2025A&A...696A..28E/abstract target=ref>Egger et al. 2025</a>,1.421,0.06,-0.06,0.12677335,3.07,0.34,-0.33,Mass,<a refstr=EGGER_ET_AL__2025 href=https://ui.adsabs.harvard.edu/abs/2025A&A...696A..28E/abstract target=ref>Egger et al. 2025</a>,0.0096593,5.3,0.0,,,213.0,1000.0,M3 V,3470.0,0.462,0.466,0.01,0.0422237860661506
TOI-1296 b,TOI-1296,1,1,Transit,2021,3.9443736,0.051,88.81,1.6e-06,-1.6e-06,<a refstr=POLANSKI_ET_AL__2024 href=https://ui.adsabs.harvard.edu/abs/2024ApJS..272...32P/abstract target=ref>Polanski et al. 2024</a>,14.11645916,0.28454324,-0.26287755,1.2593883,95.3,4.7,-4.6,Mass,<a refstr=POLANSKI_ET_AL__2024 href=https://ui.adsabs.harvard.edu/abs/2024ApJS..272...32P/abstract target=ref>Polanski et al. 2024</a>,0.29984733,0.19,0.0,,,1078.5971,1414.84,,5567.0,1.7031,1.1576,0.405,0.02015684222048215
TOI-1442 b,TOI-1442,1,1,Transit,2022,0.4090677,0.0071,,3e-07,-3e-07,<a refstr=GIACALONE_ET_AL__2022 href=https://ui.adsabs.harvard.edu/abs/2022AJ....163...99G/abstract target=ref>Giacalone et al. 2022</a>,1.17,0.06,-0.06,0.10438059,1.71,,,M-R relationship,<a refstr=CALCULATED_VALUE href=/docs/pscp_calc.html target=_blank>Calculated Value</a>,0.00537,5.87,,,,207.0246,1072.0,,3330.0,0.31,0.29,,0.05128205128205128
TOI-1135 b,TOI-1135,1,1,Transit,2024,8.0277327,0.0815,89.3,1.9e-06,-1.8e-06,<a refstr=DUGAN_ET_AL_2025 href=https://ui.adsabs.harvard.edu/abs/2025ApJ...994L..23D/abstract target=ref>Dugan et al. 2025</a>,9.91994792,0.31385146,-0.31385146,0.885,58.79825529,,,Mass,<a refstr=DUGAN_ET_AL_2025 href=https://ui.adsabs.harvard.edu/abs/2025ApJ...994L..23D/abstract target=ref>Dugan et al. 2025</a>,0.185,0.15,0.062,0.12,-0.045,310.0,1171.0,G0,6320.0,1.202,1.119,-0.039,0.031638418117824155
TOI-1452 b,TOI-1452,2,1,Transit,2022,11.06201,0.061,89.77,2e-05,-2e-05,<a refstr=CADIEUX_ET_AL__2022 href=https://ui.adsabs.harvard.edu/abs/2022AJ....164...96C/abstract target=ref>Cadieux et al. 2022</a>,1.672,0.071,-0.071,0.14916611,4.82,1.3,-1.3,Mass,<a refstr=CADIEUX_ET_AL__2022 href=https://ui.adsabs.harvard.edu/abs/2022AJ....164...96C/abstract target=ref>Cadieux et al. 2022</a>,0.01516542,5.6,0.0,,,1.8,326.0,M4 +/- 0.5 V,3185.0,0.275,0.249,-0.07,0.042464114832535885
TOI-1695 b,TOI-1695,1,1,Transit,2022,3.1342791,0.033548,87.2,7.1e-06,-6.3e-06,<a refstr=CHERUBIM_ET_AL_2023 href=https://ui.adsabs.harvard.edu/abs/2023AJ....165..167C/abstract target=ref>Cherubim et al. 2023</a>,1.9,0.16,-0.14,0.16950694,6.36,1.0,-1.0,Mass,<a refstr=CHERUBIM_ET_AL_2023 href=https://ui.adsabs.harvard.edu/abs/2023AJ....165..167C/abstract target=ref>Cherubim et al. 2023</a>,0.0200108,5.0,0.097,,,39.0,698.0,M1 V,3690.0,0.515,0.513,0.0,0.08421052631578949
TOI-2025 b,TOI-2025,1,1,Transit,2022,8.8720982,0.0892,88.65,7.7e-06,-7.7e-06,<a refstr=RODRIGUEZ_ET_AL_2023 href=https://ui.adsabs.harvard.edu/abs/2023MNRAS.521.2765R/abstract target=ref>Rodriguez et al. 2023</a>,11.89272852,0.36989636,-0.3474784,1.061,1144.1822652,104.88337431,-104.88337431,Mass,<a refstr=RODRIGUEZ_ET_AL_2023 href=https://ui.adsabs.harvard.edu/abs/2023MNRAS.521.2765R/abstract target=ref>Rodriguez et al. 2023</a>,3.6,3.74,0.394,0.035,-0.038,343.716,1166.0,,5977.0,1.459,1.199,0.15,0.031102733016897283
TOI-2449 b,TOI-2449,1,1,Transit,2025,106.14468,0.45,89.55,0.00022,-0.00021,<a refstr=ULMER_MOLL_ET_AL_2025 href=https://ui.adsabs.harvard.edu/abs/2025A&A...703A.258U/abstract target=ref>Ulmer-Moll et al. 2025</a>,11.24,0.1,-0.1,1.002,222.0,13.0,-13.0,Mass,<a refstr=ULMER_MOLL_ET_AL_2025 href=https://ui.adsabs.harvard.edu/abs/2025A&A...703A.258U/abstract target=ref>Ulmer-Moll et al. 2025</a>,0.7,0.859,0.098,0.028,-0.03,362.642,400.0,G,6021.0,1.065,1.079,-0.03,0.008896797153024912
TOI-3688 A b,TOI-3688 A,2,1,Transit,2023,3.246075,0.0456,87.9,1.2e-05,-1.2e-05,<a refstr=YEE_ET_AL__2023 href=https://ui.adsabs.harvard.edu/abs/2023ApJS..265....1Y/abstract target=ref>Yee et al. 2023</a>,13.08088048,0.53803107,-0.49319515,1.167,311.47183886,31.7828407,-34.96112477,Mass,<a refstr=YEE_ET_AL__2023 href=https://ui.adsabs.harvard.edu/abs/2023ApJS..265....1Y/abstract target=ref>Yee et al. 2023</a>,0.98,0.76,0.0,,,924.3,1534.0,,5950.0,1.302,1.199,0.262,0.04113110511349921
WASP-104 b,WASP-104,2,1,Transit,2014,1.7554137,0.02918,83.63,1.8e-06,-3.6e-06,<a refstr=SMITH_ET_AL__2014 href=https://ui.adsabs.harvard.edu/abs/2014A&A...570A..64S/abstract target=ref>Smith et al. 2014</a>,12.745,0.415,-0.415,1.137,404.263,14.937,-14.937,Mass,<a refstr=SMITH_ET_AL__2014 href=https://ui.adsabs.harvard.edu/abs/2014A&A...570A..64S/abstract target=ref>Smith et al. 2014</a>,1.272,1.074,0.0,,,867.7365,1516.0,G8,5475.0,0.963,1.076,0.32,0.032561788936837976
WASP-69 b,WASP-69,1,1,Transit,2014,3.86813881,0.0453,86.79,1.3e-07,-1.3e-07,<a refstr=ALLART_ET_AL__2025 href=https://ui.adsabs.harvard.edu/abs/2025A&A...700A...7A/abstract target=ref>Allart et al. 2025</a>,11.21,0.22,-0.22,1.0,82.58,5.37,-5.37,Mass,<a refstr=ALLART_ET_AL__2025 href=https://ui.adsabs.harvard.edu/abs/2025A&A...700A...7A/abstract target=ref>Allart et al. 2025</a>,0.26,0.291,0.0,,,180.5564,971.0,K,4792.0,0.801,0.83,0.35,0.019625334522747544
NGTS-5 b,NGTS-5,1,1,Transit,2019,3.3569866,0.0382,86.6,2.6e-06,-2.6e-06,<a refstr=EIGM_UUML_LLER_ET_AL__2019 href=https://ui.adsabs.harvard.edu/abs/2019A&A...625A.142E/abstract target=ref>Eigm&uuml;ller et al. 2019</a>,12.733424,0.257807,-0.257807,1.136,72.78307,11.75971,-11.75971,Mass,<a refstr=EIGM_UUML_LLER_ET_AL__2019 href=https://ui.adsabs.harvard.edu/abs/2019A&A...625A.142E/abstract target=ref>Eigm&uuml;ller et al. 2019</a>,0.229,0.194,0.0,,,101.253,952.0,K2 V,4987.0,0.739,0.661,0.12,0.020246478873239437
TOI-5322 b,TOI-5322,1,1,Transit,2025,5.4233207,0.0604,89.19,3.9e-06,-3.8e-06,<a refstr=YEE_ET_AL_2025 href=https://ui.adsabs.harvard.edu/abs/2025ApJS..280...30Y/abstract target=ref>Yee et al. 2025</a>,16.6117094,0.3474784,-0.30264248,1.482,184.02264765,25.74410097,-25.74410097,Mass,<a refstr=YEE_ET_AL_2025 href=https://ui.adsabs.harvard.edu/abs/2025ApJS..280...30Y/abstract target=ref>Yee et al. 2025</a>,0.579,0.22,0.055,,,554.0,1350.0,,5692.0,1.462,0.998,-0.048,0.020917678706804253
Kepler-1647 b,Kepler-1647,2,1,Transit,2016,1107.5923,2.7205,90.0972,0.0227,-0.0227,<a refstr=KOSTOV_ET_AL__2016 href=https://ui.adsabs.harvard.edu/abs/2016ApJ...827...86K/abstract target=ref>Kostov et al. 2016</a>,11.8739,0.1377,-0.1377,1.0593184,483.0,206.0,-206.0,Mass,<a refstr=KOSTOV_ET_AL__2016 href=https://ui.adsabs.harvard.edu/abs/2016ApJ...827...86K/abstract target=ref>Kostov et al. 2016</a>,1.51968033,1.59,0.0581,0.0689,-0.0689,0.5956,242.92,,6210.0,1.7903,1.2207,-0.14,0.011596863709480456
Kepler-1197 b,Kepler-1197,1,1,Transit,2016,2.03231845,0.02869,89.96,3.751e-06,-3.751e-06,<a refstr=MORTON_ET_AL__2016 href=https://ui.adsabs.harvard.edu/abs/2016ApJ...822...86M/abstract target=ref>Morton et al. 2016</a>,1.25,0.03,-0.09,0.11151753,2.1,,,M-R relationship,<a refstr=CALCULATED_VALUE href=/docs/pscp_calc.html target=_blank>Calculated Value</a>,0.0066,5.91,0.0,,,267.142,1011.0,,4708.0,0.72,0.78,0.06,0.072
TIC 117642575 b,TIC 117642575,1,1,Transit,2026,4.94459060181,,86.90564,5.001113e-05,-4.37439e-05,<a refstr=LAFARGA_ET_AL_2026 href=https://ui.adsabs.harvard.edu/abs/2026MNRAS.548ag512L/abstract target=ref>Lafarga et al. 2026</a>,2.82716337,0.28514319,-0.25773518,0.25222306,8.38,,,M-R relationship,<a refstr=CALCULATED_VALUE href=/docs/pscp_calc.html target=_blank>Calculated Value</a>,0.0264,2.04,,,,,,,5719.98,1.08102,1.06,,0.10085840564636347
Kepler-621 b,Kepler-621,1,1,Transit,2016,2.628113746,0.031,86.15,1.772e-06,-1.772e-06,<a refstr=MORTON_ET_AL__2016 href=https://ui.adsabs.harvard.edu/abs/2016ApJ...822...86M/abstract target=ref>Morton et al. 2016</a>,2.3,0.07,-0.19,0.20519226,5.9,,,M-R relationship,<a refstr=CALCULATED_VALUE href=/docs/pscp_calc.html target=_blank>Calculated Value</a>,0.0186,2.66,0.0,,,69.56,737.0,,4521.0,0.68,0.72,-0.02,0.08260869565217392
Kepler-662 b,Kepler-662,1,1,Transit,2016,21.67697486,0.1408,87.91,6.711e-05,-6.711e-05,<a refstr=MORTON_ET_AL__2016 href=https://ui.adsabs.harvard.edu/abs/2016ApJ...822...86M/abstract target=ref>Morton et al. 2016</a>,2.18,0.11,-0.12,0.19448657,5.39,,,M-R relationship,<a refstr=CALCULATED_VALUE href=/docs/pscp_calc.html target=_blank>Calculated Value</a>,0.017,2.86,0.0,,,23.824,530.0,,4897.0,0.74,0.79,-0.03,0.055045871559633024
Kepler-1210 b,Kepler-1210,1,1,Transit,2016,8.07124073,0.0753,89.39,4.899e-05,-4.899e-05,<a refstr=MORTON_ET_AL__2016 href=https://ui.adsabs.harvard.edu/abs/2016ApJ...822...86M/abstract target=ref>Morton et al. 2016</a>,1.7,0.3,-0.13,0.15166384,3.53,,,M-R relationship,<a refstr=CALCULATED_VALUE href=/docs/pscp_calc.html target=_blank>Calculated Value</a>,0.0111,3.95,0.0,,,152.047,856.0,,5568.0,0.92,0.94,0.04,0.17647058823529413
Kepler-91 b,Kepler-91,1,1,Transit,2013,6.24658,0.0731,69.68,8e-05,-8e-05,<a refstr=ESTEVES_ET_AL__2015 href=https://ui.adsabs.harvard.edu/abs/2015ApJ...804..150E/abstract target=ref>Esteves et al. 2015</a>,15.322703,0.773421,-0.67254,1.367,257.4423,57.2094,-54.0311,Mass,<a refstr=ESTEVES_ET_AL__2015 href=https://ui.adsabs.harvard.edu/abs/2015ApJ...804..150E/abstract target=ref>Esteves et al. 2015</a>,0.81,0.4,0.0519,0.0095,-0.0088,3273.324,2040.0,K3,4550.0,6.3,1.31,0.11,0.05047549378200439
Kepler-1061 b,Kepler-1061,1,1,Transit,2016,2.757982666,0.0388,80.18,3.883e-06,-3.883e-06,<a refstr=MORTON_ET_AL__2016 href=https://ui.adsabs.harvard.edu/abs/2016ApJ...822...86M/abstract target=ref>Morton et al. 2016</a>,1.98,0.11,-0.37,0.17664377,4.58,,,M-R relationship,<a refstr=CALCULATED_VALUE href=/docs/pscp_calc.html target=_blank>Calculated Value</a>,0.0144,3.24,0.0,,,788.501,1332.0,,6067.0,1.07,1.09,-0.03,0.18686868686868688
Kepler-473 b,Kepler-473,1,1,Transit,2016,14.55731705,0.12048,89.86,1.399e-05,-1.399e-05,<a refstr=MORTON_ET_AL__2016 href=https://ui.adsabs.harvard.edu/abs/2016ApJ...822...86M/abstract target=ref>Morton et al. 2016</a>,4.08,0.79,-0.67,0.36399322,15.6,,,M-R relationship,<a refstr=CALCULATED_VALUE href=/docs/pscp_calc.html target=_blank>Calculated Value</a>,0.0492,1.26,0.0,,,243.376,879.0,,5816.0,1.34,1.06,0.12,0.19362745098039216
WASP-106 b,WASP-106,1,1,Transit,2014,9.28969,0.0901,88.3,1e-05,-1e-05,<a refstr=WRIGHT_ET_AL__2023 href=https://ui.adsabs.harvard.edu/abs/2023AJ....166..217W/abstract target=ref>Wright et al. 2023</a>,12.10569916,0.17934369,-0.19055267,1.08,613.40882551,47.67426105,-47.67426105,Mass,<a refstr=WRIGHT_ET_AL__2023 href=https://ui.adsabs.harvard.edu/abs/2023AJ....166..217W/abstract target=ref>Wright et al. 2023</a>,1.93,1.86,0.023,0.027,-0.016,327.8307,1140.0,F9 D,6002.0,1.47,1.175,-0.02,0.01574074057858877
kap And b,kap And,1,1,Imaging,2012,,55.0,,,,,15.91675259,0.67253884,-0.67253884,1.42,5498.4314411,572.0911326,-572.0911326,Mass,<a refstr=GODOY_ET_AL_2025 href=https://ui.adsabs.harvard.edu/abs/2025A&A...702A...4G/abstract target=ref>Godoy et al. 2025</a>,17.3,7.49,,,,0.0207,1791.0,B9 IVn,11327.0,2.109,2.768,0.0,0.04225352101172542
TOI-2578 b,TOI-2578,1,1,Transit,2026,3.4579667,0.0495,81.32,3.3e-06,-3.3e-06,<a refstr=GUENTHER_ET_AL_2026 href=https://ui.adsabs.harvard.edu/abs/2026AJ....172...54G/abstract target=ref>Guenther et al. 2026</a>,19.66055215,0.65012088,-0.6389119,1.754,167.17774208,22.5658169,-21.61233168,Mass,<a refstr=GUENTHER_ET_AL_2026 href=https://ui.adsabs.harvard.edu/abs/2026AJ....172...54G/abstract target=ref>Guenther et al. 2026</a>,0.526,0.121,0.098,0.043,-0.042,1667.0,1778.0,,6333.0,1.64,1.27,0.01,0.033067274766237935
Kepler-624 b,Kepler-624,1,1,Transit,2016,14.58649607,0.11638,88.22,2.876e-05,-2.876e-05,<a refstr=MORTON_ET_AL__2016 href=https://ui.adsabs.harvard.edu/abs/2016ApJ...822...86M/abstract target=ref>Morton et al. 2016</a>,2.31,0.33,-0.24,0.2060844,5.95,,,M-R relationship,<a refstr=CALCULATED_VALUE href=/docs/pscp_calc.html target=_blank>Calculated Value</a>,0.0187,2.65,0.0,,,130.757,852.0,,6117.0,1.18,1.1,-0.06,0.14285714285714285
TOI-5349 b,TOI-5349,1,1,Transit,2026,3.317921,0.0369,87.9,2e-06,-2e-06,<a refstr=SANDOVAL_ET_AL_2026 href=https://ui.adsabs.harvard.edu/abs/2026AJ....171...43S/abstract target=ref>Sandoval et al. 2026</a>,10.2,0.3,-0.3,0.91,127.4,5.8,-5.5,Mass,<a refstr=SANDOVAL_ET_AL_2026 href=https://ui.adsabs.harvard.edu/abs/2026AJ....171...43S/abstract target=ref>Sandoval et al. 2026</a>,0.4,0.66,0.03,0.03,-0.02,44.5,719.0,M1+/-0.5,3751.0,0.58,0.61,0.5,0.029411764705882353
Kepler-1039 b,Kepler-1039,1,1,Transit,2016,0.934884242,0.01714,78.54,8.75e-07,-8.75e-07,<a refstr=MORTON_ET_AL__2016 href=https://ui.adsabs.harvard.edu/abs/2016ApJ...822...86M/abstract target=ref>Morton et al. 2016</a>,1.46,0.09,-0.22,0.13025248,2.73,,,M-R relationship,<a refstr=CALCULATED_VALUE href=/docs/pscp_calc.html target=_blank>Calculated Value</a>,0.00859,4.82,0.0,,,668.128,2080.0,,4870.0,0.74,0.79,0.01,0.1506849315068493
HAT-P-60 b,HAT-P-60,1,1,Transit,2021,4.7947813,0.06277,83.75,2.4e-06,-2.4e-06,<a refstr=BAKOS_ET_AL__2021 href=https://ui.adsabs.harvard.edu/abs/2021AJ....162....7B/abstract target=ref>Bakos et al. 2021</a>,18.28184752,0.26901554,-0.26901554,1.631,182.43350562,12.07747947,-12.07747947,Mass,<a refstr=BAKOS_ET_AL__2021 href=https://ui.adsabs.harvard.edu/abs/2021AJ....162....7B/abstract target=ref>Bakos et al. 2021</a>,0.574,0.164,0.25,,,1634.0,1772.0,,6212.0,2.197,1.435,0.037,0.014714899011475838
HD 88986 b,HD 88986,1,1,Radial Velocity,2023,146.05,0.58,89.9,0.43,-0.4,<a refstr=HEIDARI_ET_AL_2024 href=https://ui.adsabs.harvard.edu/abs/2024A&A...681A..55H/abstract target=ref>Heidari et al. 2024</a>,2.49,0.18,-0.18,0.2221433,17.2,4.0,-3.8,Mass,<a refstr=HEIDARI_ET_AL_2024 href=https://ui.adsabs.harvard.edu/abs/2024A&A...681A..55H/abstract target=ref>Heidari et al. 2024</a>,0.05411725,6.1,0.24,0.05,-0.05,7.3543,460.0,G2 V,5861.0,1.543,1.25,0.06,0.07228915662650602
K2-385 b,K2-385,1,1,Transit,2022,2.380867,,,0.000161,-0.000216,<a refstr=CHRISTIANSEN_ET_AL_2022 href=https://ui.adsabs.harvard.edu/abs/2022AJ....163..244C/abstract target=ref>Christiansen et al. 2022</a>,1.539,0.145,-0.126,0.13730062,2.98,,,M-R relationship,<a refstr=CALCULATED_VALUE href=/docs/pscp_calc.html target=_blank>Calculated Value</a>,0.00939,4.49,,,,,,,4844.0,0.761,0.927,-0.224,0.09421702404158544
Kepler-950 b,Kepler-950,1,1,Transit,2016,98.7180406,0.3982,89.68,0.0001748,-0.0001748,<a refstr=MORTON_ET_AL__2016 href=https://ui.adsabs.harvard.edu/abs/2016ApJ...822...86M/abstract target=ref>Morton et al. 2016</a>,8.98,1.56,-0.83,0.80114194,59.6,,,M-R relationship,<a refstr=CALCULATED_VALUE href=/docs/pscp_calc.html target=_blank>Calculated Value</a>,0.188,0.452,0.0,,,3.97,360.0,,5857.0,1.02,1.02,0.02,0.17371937639198218
HD 207897 b,HD 207897,1,1,Transit,2021,16.20166,0.117,88.757,1.6e-05,-1.6e-05,<a refstr=POLANSKI_ET_AL__2024 href=https://ui.adsabs.harvard.edu/abs/2024ApJS..272...32P/abstract target=ref>Polanski et al. 2024</a>,2.34302132,0.123646,-0.09173373,0.20903072,14.8,1.5,-1.4,Mass,<a refstr=POLANSKI_ET_AL__2024 href=https://ui.adsabs.harvard.edu/abs/2024ApJS..272...32P/abstract target=ref>Polanski et al. 2024</a>,0.04656601,6.29,0.0,,,26.5,581.75,K0 V,5106.0,0.7827,0.8208,-0.03,0.05277203367487924
Kepler-1459 b,Kepler-1459,1,1,Transit,2016,62.8691611,0.2829,87.89,0.0009586,-0.0009586,<a refstr=MORTON_ET_AL__2016 href=https://ui.adsabs.harvard.edu/abs/2016ApJ...822...86M/abstract target=ref>Morton et al. 2016</a>,1.36,0.1,-0.08,0.12133107,2.42,,,M-R relationship,<a refstr=CALCULATED_VALUE href=/docs/pscp_calc.html target=_blank>Calculated Value</a>,0.00761,5.29,0.0,,,3.511,349.0,,4828.0,0.74,0.78,0.01,0.07352941176470588
Kepler-1358 b,Kepler-1358,1,1,Transit,2016,7.06317341,0.0656,88.31,2.9e-05,-2.9e-05,<a refstr=MORTON_ET_AL__2016 href=https://ui.adsabs.harvard.edu/abs/2016ApJ...822...86M/abstract target=ref>Morton et al. 2016</a>,1.12,0.07,-0.1,0.09991971,1.46,,,M-R relationship,<a refstr=CALCULATED_VALUE href=/docs/pscp_calc.html target=_blank>Calculated Value</a>,0.00459,5.71,0.0,,,98.834,827.0,,5181.0,0.79,0.82,-0.08,0.08928571428571429
TOI-4030 b,TOI-4030,1,1,Transit,2026,2.50900199461,,86.89273,3.606078e-05,-3.509911e-05,<a refstr=LAFARGA_ET_AL_2026 href=https://ui.adsabs.harvard.edu/abs/2026MNRAS.548ag512L/abstract target=ref>Lafarga et al. 2026</a>,5.8462559,0.41681993,-0.40038434,0.52156891,28.8,,,M-R relationship,<a refstr=CALCULATED_VALUE href=/docs/pscp_calc.html target=_blank>Calculated Value</a>,0.0905,0.792,,,,609.961,1384.0,,5640.37,0.991737,0.98,,0.07129690132106602
Kepler-1048 b,Kepler-1048,1,1,Transit,2016,6.92101021,0.059,84.6,2.415e-05,-2.415e-05,<a refstr=MORTON_ET_AL__2016 href=https://ui.adsabs.harvard.edu/abs/2016ApJ...822...86M/abstract target=ref>Morton et al. 2016</a>,1.61,0.09,-0.08,0.14363458,3.22,,,M-R relationship,<a refstr=CALCULATED_VALUE href=/docs/pscp_calc.html target=_blank>Calculated Value</a>,0.0101,4.24,0.0,,,96.976,619.0,,4651.0,0.7,0.75,0.01,0.05590062111801242
Kepler-749 b,Kepler-749,1,1,Transit,2016,17.31716585,0.1054,88.8,4.602e-05,-4.602e-05,<a refstr=MORTON_ET_AL__2016 href=https://ui.adsabs.harvard.edu/abs/2016ApJ...822...86M/abstract target=ref>Morton et al. 2016</a>,3.1,0.23,-0.26,0.27656348,9.8,,,M-R relationship,<a refstr=CALCULATED_VALUE href=/docs/pscp_calc.html target=_blank>Calculated Value</a>,0.0308,1.81,0.0,,,24.631,454.0,,5009.0,0.75,0.79,-0.11,0.08387096774193549
TOI-1194 b,TOI-1194,1,1,Transit,2023,2.3106446,0.034,83.98,5.4e-07,-5.4e-07,<a refstr=POLANSKI_ET_AL__2024 href=https://ui.adsabs.harvard.edu/abs/2024ApJS..272...32P/abstract target=ref>Polanski et al. 2024</a>,8.71664516,0.15541841,-0.14858263,0.77764833,120.0,5.6,-5.7,Mass,<a refstr=POLANSKI_ET_AL__2024 href=https://ui.adsabs.harvard.edu/abs/2024ApJS..272...32P/abstract target=ref>Polanski et al. 2024</a>,0.37756222,0.99,0.0,,,203.685,1264.29,,5394.0,0.9608,0.9835,0.348,0.01783007190807799
Kepler-1305 b,Kepler-1305,1,1,Transit,2016,13.5630972,0.1109,87.13,0.0001385,-0.0001385,<a refstr=MORTON_ET_AL__2016 href=https://ui.adsabs.harvard.edu/abs/2016ApJ...822...86M/abstract target=ref>Morton et al. 2016</a>,1.88,0.35,-0.19,0.16772237,4.19,,,M-R relationship,<a refstr=CALCULATED_VALUE href=/docs/pscp_calc.html target=_blank>Calculated Value</a>,0.0132,3.47,0.0,,,103.51,733.0,,5701.0,0.96,0.97,0.01,0.18617021276595744
Kepler-954 b,Kepler-954,1,1,Transit,2016,16.78176602,0.1202,89.07,1.593e-05,-1.593e-05,<a refstr=MORTON_ET_AL__2016 href=https://ui.adsabs.harvard.edu/abs/2016ApJ...822...86M/abstract target=ref>Morton et al. 2016</a>,2.32,0.05,-0.11,0.20697654,5.99,,,M-R relationship,<a refstr=CALCULATED_VALUE href=/docs/pscp_calc.html target=_blank>Calculated Value</a>,0.0189,2.64,0.0,,,21.531,545.0,,4990.0,0.76,0.82,0.02,0.04741379310344828
HATS-38 b,HATS-38,1,1,Transit,2020,4.375021,0.05036,87.21,1e-05,-1e-05,<a refstr=JORD_AACUTE_N_ET_AL__2020 href=https://ui.adsabs.harvard.edu/abs/2020AJ....160..222J/abstract target=ref>Jord&aacute;n et al. 2020</a>,6.882326,0.190553,-0.190553,0.614,23.51942,3.49613,-3.49613,Mass,<a refstr=JORD_AACUTE_N_ET_AL__2020 href=https://ui.adsabs.harvard.edu/abs/2020AJ....160..222J/abstract target=ref>Jord&aacute;n et al. 2020</a>,0.074,0.403,0.0,,,464.7,1294.0,,5732.0,1.105,0.89,-0.102,0.027687296416938113
Gliese 12 b,Gliese 12,1,1,Transit,2024,12.761418,0.067,89.25,6e-05,-5.5e-05,<a refstr=TURNER_ET_AL_2026 href=https://ui.adsabs.harvard.edu/abs/2026MNRAS.545f1703T/abstract target=ref>Turner et al. 2026</a>,0.93,0.06,-0.06,0.08296919,0.95,0.29,-0.3,Mass,<a refstr=TURNER_ET_AL_2026 href=https://ui.adsabs.harvard.edu/abs/2026MNRAS.545f1703T/abstract target=ref>Turner et al. 2026</a>,0.00298903,6.4,0.24,0.13,-0.13,1.62,314.6,M4 V,3328.0,0.265,0.255,-0.24,0.06451612903225806
NGTS-30 b,NGTS-30,1,1,Transit,2024,98.29838,0.408,89.483,0.0001,-9e-05,<a refstr=BATTLEY_ET_AL_2024 href=https://ui.adsabs.harvard.edu/abs/2024A&A...686A.230B/abstract target=ref>Battley et al. 2024</a>,10.40193409,0.35868738,-0.35868738,0.928,305.11527072,17.79839079,-17.79839079,Mass,<a refstr=BATTLEY_ET_AL_2024 href=https://ui.adsabs.harvard.edu/abs/2024A&A...686A.230B/abstract target=ref>Battley et al. 2024</a>,0.96,1.49,0.294,0.014,-0.01,172.857,500.0,,5455.0,0.913,0.94,-0.03,0.03448275838863732
TOI-4029 b,TOI-4029,1,1,Transit,2026,5.88498234631,,87.20391,2.444049e-05,-2.268084e-05,<a refstr=LAFARGA_ET_AL_2026 href=https://ui.adsabs.harvard.edu/abs/2026MNRAS.548ag512L/abstract target=ref>Lafarga et al. 2026</a>,6.73756618,0.48174093,-0.46193929,0.60108643,36.6,,,M-R relationship,<a refstr=CALCULATED_VALUE href=/docs/pscp_calc.html target=_blank>Calculated Value</a>,0.115,0.658,,,,282.509,1142.0,,5662.53,1.17834,1.018,0.1007,0.0715007344091127
Kepler-1247 b,Kepler-1247,1,1,Transit,2016,13.71220213,0.1091,88.82,6.363e-05,-6.363e-05,<a refstr=MORTON_ET_AL__2016 href=https://ui.adsabs.harvard.edu/abs/2016ApJ...822...86M/abstract target=ref>Morton et al. 2016</a>,2.33,0.21,-0.16,0.20786868,6.04,,,M-R relationship,<a refstr=CALCULATED_VALUE href=/docs/pscp_calc.html target=_blank>Calculated Value</a>,0.019,2.62,0.0,,,41.472,676.0,,5303.0,0.82,0.86,-0.05,0.09012875536480686
Kepler-1406 b,Kepler-1406,1,1,Transit,2016,11.62905828,0.0987,85.67,6.904e-05,-6.904e-05,<a refstr=MORTON_ET_AL__2016 href=https://ui.adsabs.harvard.edu/abs/2016ApJ...822...86M/abstract target=ref>Morton et al. 2016</a>,1.1,0.18,-0.13,0.09813543,1.37,,,M-R relationship,<a refstr=CALCULATED_VALUE href=/docs/pscp_calc.html target=_blank>Calculated Value</a>,0.0043,5.66,0.0,,,125.89,854.0,,5892.0,1.12,1.05,0.04,0.1636363636363636
NGTS-21 b,NGTS-21,1,1,Transit,2022,1.5433897,0.0236,83.85,1.6e-06,-1.6e-06,<a refstr=ALVES_ET_AL_2022 href=https://ui.adsabs.harvard.edu/abs/2022MNRAS.517.4447A/abstract target=ref>Alves et al. 2022</a>,14.90794433,0.33626942,-0.33626942,1.33,750.07504052,66.74396547,-66.74396547,Mass,<a refstr=ALVES_ET_AL_2022 href=https://ui.adsabs.harvard.edu/abs/2022MNRAS.517.4447A/abstract target=ref>Alves et al. 2022</a>,2.36,1.25,0.0,,,514.2853,1357.0,K3 V,4660.0,0.86,0.72,-0.26,0.022556390911878325
Kepler-1519 b,Kepler-1519,1,1,Transit,2016,240.7989397,0.7655,89.6,0.0006117,-0.0006117,<a refstr=MORTON_ET_AL__2016 href=https://ui.adsabs.harvard.edu/abs/2016ApJ...822...86M/abstract target=ref>Morton et al. 2016</a>,7.06,0.81,-0.54,0.62985101,39.6,,,M-R relationship,<a refstr=CALCULATED_VALUE href=/docs/pscp_calc.html target=_blank>Calculated Value</a>,0.125,0.618,0.0,,,3.944,342.0,,5644.0,0.91,0.94,-0.07,0.11473087818696885
TOI-2459 b,TOI-2459,1,1,Transit,2023,19.104718,,89.59,2.3e-05,-2.4e-05,<a refstr=MISTRY_ET_AL_2023 href=https://ui.adsabs.harvard.edu/abs/2023AJ....166....9M/abstract target=ref>Mistry et al. 2023</a>,2.9531,0.0916,-0.0658,0.26345839,9.03,,,M-R relationship,<a refstr=CALCULATED_VALUE href=/docs/pscp_calc.html target=_blank>Calculated Value</a>,0.0284,1.93,,,,8.5187,445.01,,4195.0,0.6751,0.66,,0.031018252006366192
TOI-3082 b,TOI-3082,1,1,Transit,2023,1.926907,,87.63,0.000128,-0.000134,<a refstr=MISTRY_ET_AL_2023 href=https://ui.adsabs.harvard.edu/abs/2023AJ....166....9M/abstract target=ref>Mistry et al. 2023</a>,3.6621,0.1464,-0.1448,0.32671124,13.0,,,M-R relationship,<a refstr=CALCULATED_VALUE href=/docs/pscp_calc.html target=_blank>Calculated Value</a>,0.0409,1.45,,,,131.648,1032.78,,4263.0,0.6847,0.664,0.17,0.039977062341279596
Kepler-1037 b,Kepler-1037,1,1,Transit,2016,1.063788673,0.0198,86.11,1.265e-06,-1.265e-06,<a refstr=MORTON_ET_AL__2016 href=https://ui.adsabs.harvard.edu/abs/2016ApJ...822...86M/abstract target=ref>Morton et al. 2016</a>,1.28,0.09,-0.07,0.11419395,2.18,,,M-R relationship,<a refstr=CALCULATED_VALUE href=/docs/pscp_calc.html target=_blank>Calculated Value</a>,0.00687,5.71,0.0,,,1015.434,1650.0,,5105.0,0.78,0.82,-0.03,0.0703125
TOI-1448 b,TOI-1448,1,1,Transit,2024,8.112245,0.0567,89.62,1.8e-05,-1.8e-05,<a refstr=HORI_ET_AL_2024 href=https://ui.adsabs.harvard.edu/abs/2024AJ....167..289H/abstract target=ref>Hori et al. 2024</a>,2.749,0.067,-0.063,0.24524978,19.5,,,Mass,<a refstr=HORI_ET_AL_2024 href=https://ui.adsabs.harvard.edu/abs/2024AJ....167..289H/abstract target=ref>Hori et al. 2024</a>,0.06135386,,0.36,,,5.45,426.0,,3412.0,0.38,0.372,0.37,0.024372499090578394
TIC 294329732 b,TIC 294329732,1,1,Transit,2026,9.7565876181,,88.31142,8.044472e-05,-8.746034e-05,<a refstr=LAFARGA_ET_AL_2026 href=https://ui.adsabs.harvard.edu/abs/2026MNRAS.548ag512L/abstract target=ref>Lafarga et al. 2026</a>,2.07692266,0.22293792,-0.18647061,0.18529095,4.97,,,M-R relationship,<a refstr=CALCULATED_VALUE href=/docs/pscp_calc.html target=_blank>Calculated Value</a>,0.0156,3.05,,,,,,,5201.93,0.920172,0.89,0.228,0.1073405015476118
K2-272 b,K2-272,1,1,Transit,2018,14.4536756,0.1007,,2.43e-05,-2.4e-05,<a refstr=CASTRO_GONZ_AACUTE_LEZ_ET_AL__2022 href=https://ui.adsabs.harvard.edu/abs/2022MNRAS.509.1075C/abstract target=ref>Castro-Gonz&aacute;lez et al. 2022</a>,3.13,0.38,-0.21,0.27924038,9.96,,,M-R relationship,<a refstr=CALCULATED_VALUE href=/docs/pscp_calc.html target=_blank>Calculated Value</a>,0.0313,1.78,,,,49.181,747.0,,5397.0,0.83,0.86,-0.09,0.12140575079872205
TOI-3474 b,TOI-3474,1,1,Transit,2025,3.8795105,0.0502,89.33,4.5e-06,-4.5e-06,<a refstr=YEE_ET_AL_2025 href=https://ui.adsabs.harvard.edu/abs/2025ApJS..280...30Y/abstract target=ref>Yee et al. 2025</a>,14.67255574,0.36989636,-0.35868738,1.309,193.87532827,44.49597698,-47.67426105,Mass,<a refstr=YEE_ET_AL_2025 href=https://ui.adsabs.harvard.edu/abs/2025ApJS..280...30Y/abstract target=ref>Yee et al. 2025</a>,0.61,0.337,0.13,,,740.0,1451.0,,6020.0,1.256,1.121,0.146,0.025210083815977377
Kepler-691 b,Kepler-691,1,1,Transit,2016,8.114379,0.0649,88.61,1.125e-05,-1.125e-05,<a refstr=MORTON_ET_AL__2016 href=https://ui.adsabs.harvard.edu/abs/2016ApJ...822...86M/abstract target=ref>Morton et al. 2016</a>,2.09,0.09,-0.09,0.18645731,5.02,,,M-R relationship,<a refstr=CALCULATED_VALUE href=/docs/pscp_calc.html target=_blank>Calculated Value</a>,0.0158,3.02,0.0,,,12.995,460.0,,3715.0,0.5,0.53,0.04,0.0430622009569378
WASP-167 b,WASP-167,1,1,Transit,2017,2.0219596,0.0365,79.9,6e-07,-6e-07,<a refstr=TEMPLE_ET_AL__2017 href=https://ui.adsabs.harvard.edu/abs/2017MNRAS.471.2743T/abstract target=ref>Temple et al. 2017</a>,17.71022,0.56045,-0.56045,1.58,2542.64,,,Mass,<a refstr=TEMPLE_ET_AL__2017 href=https://ui.adsabs.harvard.edu/abs/2017MNRAS.471.2743T/abstract target=ref>Temple et al. 2017</a>,8.0,,,,,3208.41,2329.0,F1 V,7000.0,1.79,1.59,0.1,0.03164556962025317
K2-412 b,K2-412,1,1,Transit,2022,5.9382,0.0586,89.998,0.0006,-0.0004,<a refstr=DEL_SER_ET_AL_2023 href=https://ui.adsabs.harvard.edu/abs/2023MNRAS.518..669D/abstract target=ref>del Ser et al. 2023</a>,2.116,0.105,-0.1052,0.1887772,5.13,,,M-R relationship,<a refstr=CALCULATED_VALUE href=/docs/pscp_calc.html target=_blank>Calculated Value</a>,0.0161,2.98,,,,243.518,1100.64,,5590.0,0.977,0.893,0.014,0.049716446124763704
Kepler-1441 b,Kepler-1441,1,1,Transit,2016,39.4419839,0.2346,89.39,0.0005327,-0.0005327,<a refstr=MORTON_ET_AL__2016 href=https://ui.adsabs.harvard.edu/abs/2016ApJ...822...86M/abstract target=ref>Morton et al. 2016</a>,1.31,0.22,-0.13,0.11687037,2.27,,,M-R relationship,<a refstr=CALCULATED_VALUE href=/docs/pscp_calc.html target=_blank>Calculated Value</a>,0.00714,5.55,0.0,,,33.046,682.0,,5802.0,1.0,1.0,0.01,0.16793893129770993
CoRoT-28 b,CoRoT-28,1,1,Transit,2015,5.20851,0.0603,88.1,0.00038,-0.00038,<a refstr=CABRERA_ET_AL__2015 href=https://ui.adsabs.harvard.edu/abs/2015A&A...579A..36C/abstract target=ref>Cabrera et al. 2015</a>,10.704595,0.739794,-0.739794,0.955,153.82972,27.65121,-27.65121,Mass,<a refstr=CABRERA_ET_AL__2015 href=https://ui.adsabs.harvard.edu/abs/2015A&A...579A..36C/abstract target=ref>Cabrera et al. 2015</a>,0.484,0.69,0.047,0.055,-0.038,672.7522,1349.25,G8/9 IV,5150.0,1.78,1.01,0.15,0.06910994764397906
Kepler-835 b,Kepler-835,1,1,Transit,2016,11.41909375,0.107,81.99,7.116e-05,-7.116e-05,<a refstr=MORTON_ET_AL__2016 href=https://ui.adsabs.harvard.edu/abs/2016ApJ...822...86M/abstract target=ref>Morton et al. 2016</a>,2.79,0.54,-0.29,0.24890713,8.2,,,M-R relationship,<a refstr=CALCULATED_VALUE href=/docs/pscp_calc.html target=_blank>Calculated Value</a>,0.0258,2.07,0.0,,,170.33,921.0,,5954.0,1.11,1.08,0.08,0.19354838709677422
KOI-4777.01,KOI-4777,1,1,Transit,2022,0.412,0.008,87.0,1e-06,-1e-06,<a refstr=CA_NTILDE_AS_ET_AL__2022 href=https://ui.adsabs.harvard.edu/abs/2022AJ....163....3C/abstract target=ref>Ca&ntilde;as et al. 2022</a>,0.51,0.03,-0.03,0.04549923,99.2,,,Mass,<a refstr=CA_NTILDE_AS_ET_AL__2022 href=https://ui.adsabs.harvard.edu/abs/2022AJ....163....3C/abstract target=ref>Ca&ntilde;as et al. 2022</a>,0.3121181,,0.0,,,320.0,1180.0,,3515.0,0.4,0.41,0.1,0.058823529411764705
NGTS-17 b,NGTS-17,1,1,Transit,2021,3.24253,0.0391,,1e-05,-1e-05,<a refstr=TILBROOK_ET_AL_2021 href=https://ui.adsabs.harvard.edu/abs/2021MNRAS.504.6018T/abstract target=ref>Tilbrook et al. 2021</a>,13.89913607,1.23298788,-1.23298788,1.24,242.82090295,61.97653937,-52.12385875,Mass,<a refstr=TILBROOK_ET_AL_2021 href=https://ui.adsabs.harvard.edu/abs/2021MNRAS.504.6018T/abstract target=ref>Tilbrook et al. 2021</a>,0.764,0.5,0.0,,,1160.0,1457.0,G4 V,5650.0,1.337,1.025,0.15,0.08870967762243082
TIC 198190129 b,TIC 198190129,1,1,Transit,2026,7.94804910667,,88.9679,2.317701e-05,-2.452378e-05,<a refstr=LAFARGA_ET_AL_2026 href=https://ui.adsabs.harvard.edu/abs/2026MNRAS.548ag512L/abstract target=ref>Lafarga et al. 2026</a>,2.92284949,0.21251203,-0.20166389,0.26075962,8.87,,,M-R relationship,<a refstr=CALCULATED_VALUE href=/docs/pscp_calc.html target=_blank>Calculated Value</a>,0.0279,1.95,,,,,,,4377.53,0.640675,0.638,,0.07270714100300799
TOI-5811 B b,TOI-5811 B,3,1,Transit,2026,6.25663,0.0731,76.72,0.00012,-0.00012,<a refstr=LILLO_BOX_ET_AL_2026 href=https://ui.adsabs.harvard.edu/abs/2026arXiv260719756L/abstract target=ref>Lillo-Box et al. 2026</a>,21.96960217,2.01761653,-2.01761653,1.96,257.44100967,34.96112477,-31.7828407,Mass,<a refstr=LILLO_BOX_ET_AL_2026 href=https://ui.adsabs.harvard.edu/abs/2026arXiv260719756L/abstract target=ref>Lillo-Box et al. 2026</a>,0.81,0.134,,,,1320.0,1530.0,K2 IV+,4840.0,3.73,1.08,-0.06,0.09183673488430764
KIC 10525077 b,KIC 10525077,1,1,Transit,2015,854.083,,89.861,0.01628,-0.01697,<a refstr=WANG_ET_AL__2015 href=https://ui.adsabs.harvard.edu/abs/2015ApJ...815..127W/abstract target=ref>Wang et al. 2015</a>,5.5,0.9,-0.8,0.49067713,25.9,,,M-R relationship,<a refstr=CALCULATED_VALUE href=/docs/pscp_calc.html target=_blank>Calculated Value</a>,0.0816,0.855,,,,,,,6091.0,1.01,1.01,-0.04,0.16363636363636364
K2-70 b,K2-70,1,1,Transit,2016,13.97896,0.1112,89.14508,0.00095,-0.00095,<a refstr=CROSSFIELD_ET_AL__2016 href=https://ui.adsabs.harvard.edu/abs/2016ApJS..226....7C/abstract target=ref>Crossfield et al. 2016</a>,2.89,0.47,-0.47,0.25782853,8.7,,,M-R relationship,<a refstr=CALCULATED_VALUE href=/docs/pscp_calc.html target=_blank>Calculated Value</a>,0.0274,1.98,,,,62.0,783.99,,5622.0,0.93,0.94,0.06,0.16262975778546712
TOI-5704 b,TOI-5704,1,1,Transit,2023,3.771116,,88.94,1.15e-05,-1.07e-05,<a refstr=MISTRY_ET_AL_2023 href=https://ui.adsabs.harvard.edu/abs/2023AJ....166....9M/abstract target=ref>Mistry et al. 2023</a>,3.2274,0.1873,-0.1398,0.28792984,10.5,,,M-R relationship,<a refstr=CALCULATED_VALUE href=/docs/pscp_calc.html target=_blank>Calculated Value</a>,0.033,1.72,,,,125.0643,949.07,,4590.0,0.7575,0.73,0.428,0.058034331040466014
HATS-4 b,HATS-4,1,1,Transit,2014,2.516729,0.0362,88.5,2e-06,-2e-06,<a refstr=JORDAN_ET_AL__2014 href=https://ui.adsabs.harvard.edu/abs/2014AJ....148...29J/abstract target=ref> Jordan et al. 2014 </a>,11.433,0.415,-0.415,1.02,420.471,8.899,-8.899,Mass,<a refstr=JORDAN_ET_AL__2014 href=https://ui.adsabs.harvard.edu/abs/2014AJ....148...29J/abstract target=ref> Jordan et al. 2014 </a>,1.323,1.55,0.013,0.016,-0.016,558.828,1315.0,G,5403.0,0.925,1.001,0.43,0.03629843435668678
TOI-7393 b,TOI-7393,1,1,Transit,2026,3.33708,0.03664,86.43,9.5e-07,-9.4e-07,<a refstr=PREMNATH_ET_AL_2026 href=https://ui.adsabs.harvard.edu/abs/2026AJ....172...92P/abstract target=ref>Premnath et al. 2026</a>,11.3,0.69,-0.65,1.01,194.78,20.95,-20.86,Mass,<a refstr=PREMNATH_ET_AL_2026 href=https://ui.adsabs.harvard.edu/abs/2026AJ....172...92P/abstract target=ref>Premnath et al. 2026</a>,0.61,0.74,0.1198,0.0651,-0.0627,51.8,747.0,M0 V,3927.0,0.582,0.6,-0.35,0.06106194690265486
TOI-892 b,TOI-892,1,1,Transit,2020,10.62656,0.092,88.2,7e-05,-7e-05,<a refstr=BRAHM_ET_AL__2020 href=https://ui.adsabs.harvard.edu/abs/2020AJ....160..235B/abstract target=ref>Brahm et al. 2020</a>,11.99363,0.22418,-0.22418,1.07,301.9385,22.2481,-22.2481,Mass,<a refstr=BRAHM_ET_AL__2020 href=https://ui.adsabs.harvard.edu/abs/2020AJ....160..235B/abstract target=ref>Brahm et al. 2020</a>,0.95,0.962,0.125,,,571.007,1397.0,F,6261.0,1.39,1.28,0.24,0.018691588785046728
Kepler-1274 b,Kepler-1274,1,1,Transit,2016,6.98152703,0.08161,83.27,6.708e-05,-6.708e-05,<a refstr=MORTON_ET_AL__2016 href=https://ui.adsabs.harvard.edu/abs/2016ApJ...822...86M/abstract target=ref>Morton et al. 2016</a>,1.42,0.1,-0.1,0.12668391,2.6,,,M-R relationship,<a refstr=CALCULATED_VALUE href=/docs/pscp_calc.html target=_blank>Calculated Value</a>,0.00819,4.99,0.0,,,975.81,1384.0,,6179.0,2.17,1.45,0.11,0.07042253521126761
G 9-40 b,G 9-40,1,1,Transit,2019,5.7459982,0.0418,89.03,2e-06,-2e-06,<a refstr=LUQUE_ET_AL__2022 href=https://ui.adsabs.harvard.edu/abs/2022A&A...666A.154L/abstract target=ref>Luque et al. 2022</a>,1.9,0.065,-0.065,0.16950694,4.0,0.63,-0.63,Mass,<a refstr=LUQUE_ET_AL__2022 href=https://ui.adsabs.harvard.edu/abs/2022A&A...666A.154L/abstract target=ref>Luque et al. 2022</a>,0.01258541,3.2,0.0,,,6.27,440.6,M2.5 V,3395.0,0.3026,0.2952,-0.07,0.034210526315789476
K2-46 b,K2-46,1,1,Transit,2016,19.1541,0.13821,88.64866,0.0041,-0.0041,<a refstr=CROSSFIELD_ET_AL__2016 href=https://ui.adsabs.harvard.edu/abs/2016ApJS..226....7C/abstract target=ref>Crossfield et al. 2016</a>,2.05,0.24,-0.24,0.18288875,4.86,,,M-R relationship,<a refstr=CALCULATED_VALUE href=/docs/pscp_calc.html target=_blank>Calculated Value</a>,0.0153,3.1,,,,119.0,889.0,,6256.0,1.29,0.96,-0.32,0.11707317073170732
TOI-2005 b,TOI-2005,1,1,Transit,2025,17.305904,0.16,87.1,2.3e-05,-2e-05,<a refstr=BIERYLA_ET_AL__2025 href=https://ui.adsabs.harvard.edu/abs/2025AJ....169..273B/abstract target=ref>Bieryla et al. 2025</a>,11.99360935,0.67253884,-1.23298788,1.07,2034.1018048,,,Mass,<a refstr=BIERYLA_ET_AL__2025 href=https://ui.adsabs.harvard.edu/abs/2025AJ....169..273B/abstract target=ref>Bieryla et al. 2025</a>,6.4,,0.597,0.097,-0.065,525.9409,1221.39,,7130.0,2.02,1.59,0.0,0.10280373855931868
TOI-7394 B b,TOI-7394 B,2,1,Transit,2026,1.252995,0.01913,83.93,3.1e-07,-3.1e-07,<a refstr=PREMNATH_ET_AL_2026 href=https://ui.adsabs.harvard.edu/abs/2026AJ....172...92P/abstract target=ref>Premnath et al. 2026</a>,11.5,0.69,-0.62,1.02,668.74,41.56,-46.37,Mass,<a refstr=PREMNATH_ET_AL_2026 href=https://ui.adsabs.harvard.edu/abs/2026AJ....172...92P/abstract target=ref>Premnath et al. 2026</a>,2.1,2.44,0.0271,0.0305,-0.0193,156.7,986.0,M1 V,3717.0,0.609,0.624,0.5,0.06
TOI-5614 b,TOI-5614,1,1,Transit,2026,4.17221328949,,87.46899,3.080132e-05,-2.994998e-05,<a refstr=LAFARGA_ET_AL_2026 href=https://ui.adsabs.harvard.edu/abs/2026MNRAS.548ag512L/abstract target=ref>Lafarga et al. 2026</a>,3.21759316,0.36584065,-0.29787539,0.28705493,10.4,,,M-R relationship,<a refstr=CALCULATED_VALUE href=/docs/pscp_calc.html target=_blank>Calculated Value</a>,0.0329,1.72,,,,74.1594,817.0,,4553.0,0.734919,0.674,,0.11370009563297306
Kepler-613 b,Kepler-613,1,1,Transit,2016,15.77979614,0.1232,89.95,4.258e-05,-4.258e-05,<a refstr=MORTON_ET_AL__2016 href=https://ui.adsabs.harvard.edu/abs/2016ApJ...822...86M/abstract target=ref>Morton et al. 2016</a>,2.29,0.4,-0.17,0.20430012,5.86,,,M-R relationship,<a refstr=CALCULATED_VALUE href=/docs/pscp_calc.html target=_blank>Calculated Value</a>,0.0184,2.68,0.0,,,66.269,713.0,,5723.0,0.96,0.98,-0.01,0.17467248908296945
Kepler-1634 b,Kepler-1634,1,1,Transit,2016,374.876239,1.0525,89.84,0.007107,-0.007107,<a refstr=MORTON_ET_AL__2016 href=https://ui.adsabs.harvard.edu/abs/2016ApJ...822...86M/abstract target=ref>Morton et al. 2016</a>,3.19,0.52,-0.6,0.28459274,10.3,,,M-R relationship,<a refstr=CALCULATED_VALUE href=/docs/pscp_calc.html target=_blank>Calculated Value</a>,0.0324,1.74,0.0,,,0.544,282.0,,5474.0,0.89,0.92,0.02,0.18808777429467086
HD 715 b,HD 715,2,1,Transit,2026,56.4,0.336,88.91,0.19,-0.23,<a refstr=VENNER_ET_AL_2026 href=https://ui.adsabs.harvard.edu/abs/2026AJ....172..162V/abstract target=ref>Venner et al. 2026</a>,11.99360935,0.44835923,-0.44835923,1.07,201.82103844,17.79839079,-17.79839079,Mass,<a refstr=VENNER_ET_AL_2026 href=https://ui.adsabs.harvard.edu/abs/2026AJ....172..162V/abstract target=ref>Venner et al. 2026</a>,0.635,0.69,0.21,0.07,-0.08,67.3,798.0,F8 IV,6070.0,2.5,1.6,0.09,0.03738317773373201
Kepler-1024 b,Kepler-1024,1,1,Transit,2016,66.4162133,0.3033,89.7,0.0003538,-0.0003538,<a refstr=MORTON_ET_AL__2016 href=https://ui.adsabs.harvard.edu/abs/2016ApJ...822...86M/abstract target=ref>Morton et al. 2016</a>,3.91,0.27,-0.26,0.34882684,14.5,,,M-R relationship,<a refstr=CALCULATED_VALUE href=/docs/pscp_calc.html target=_blank>Calculated Value</a>,0.0457,1.33,0.0,,,5.446,376.0,,5143.0,0.78,0.81,-0.1,0.0690537084398977
Kepler-1545 b,Kepler-1545,1,1,Transit,2016,163.692349,0.5442,89.99,0.001383,-0.001383,<a refstr=MORTON_ET_AL__2016 href=https://ui.adsabs.harvard.edu/abs/2016ApJ...822...86M/abstract target=ref>Morton et al. 2016</a>,2.7,0.22,-0.18,0.24087787,7.75,,,M-R relationship,<a refstr=CALCULATED_VALUE href=/docs/pscp_calc.html target=_blank>Calculated Value</a>,0.0244,2.16,0.0,,,1.408,274.0,,5201.0,0.8,0.84,-0.06,0.08148148148148147
Kepler-1196 b,Kepler-1196,1,1,Transit,2016,66.1849031,0.3179,89.03,0.0004661,-0.0004661,<a refstr=MORTON_ET_AL__2016 href=https://ui.adsabs.harvard.edu/abs/2016ApJ...822...86M/abstract target=ref>Morton et al. 2016</a>,2.23,0.37,-0.21,0.19894727,5.6,,,M-R relationship,<a refstr=CALCULATED_VALUE href=/docs/pscp_calc.html target=_blank>Calculated Value</a>,0.0176,2.77,0.0,,,8.302,436.0,,5756.0,0.97,0.98,0.0,0.16591928251121077
TOI-1221 b,TOI-1221,1,1,Transit,2023,91.68278,0.387,89.75,0.00032,-0.00041,<a refstr=MANN_ET_AL__2023 href=https://ui.adsabs.harvard.edu/abs/2023AJ....165..217M/abstract target=ref>Mann et al. 2023</a>,2.91,0.13,-0.12,0.25961326,1112.3994245,,,Mass,<a refstr=MANN_ET_AL__2023 href=https://ui.adsabs.harvard.edu/abs/2023AJ....165..217M/abstract target=ref>Mann et al. 2023</a>,3.5,,0.21,,,6.06,440.0,,5592.0,1.031,0.93,0.06,0.044673539518900345
Kepler-1122 b,Kepler-1122,1,1,Transit,2016,42.1917357,0.2315,89.92,0.0002996,-0.0002996,<a refstr=MORTON_ET_AL__2016 href=https://ui.adsabs.harvard.edu/abs/2016ApJ...822...86M/abstract target=ref>Morton et al. 2016</a>,2.04,0.27,-0.14,0.18199661,4.82,,,M-R relationship,<a refstr=CALCULATED_VALUE href=/docs/pscp_calc.html target=_blank>Calculated Value</a>,0.0152,3.12,0.0,,,23.263,526.0,,5544.0,0.89,0.92,-0.03,0.1323529411764706
TIC 150070085 b,TIC 150070085,1,1,Transit,2026,10.47423,,88.51,4.5e-05,-4.4e-05,<a refstr=BARBER_ET_AL_2026 href=https://ui.adsabs.harvard.edu/abs/2026AJ....172...73B/abstract target=ref>Barber et al. 2026</a>,3.62,0.21,-0.2,0.32295532,12.8,,,M-R relationship,<a refstr=CALCULATED_VALUE href=/docs/pscp_calc.html target=_blank>Calculated Value</a>,0.0401,1.48,,,,,945.06,,5999.0,1.086,1.16,0.087,0.058011049723756904
Kepler-828 b,Kepler-828,1,1,Transit,2016,0.567857136,0.01228,85.49,4.44e-07,-4.44e-07,<a refstr=MORTON_ET_AL__2016 href=https://ui.adsabs.harvard.edu/abs/2016ApJ...822...86M/abstract target=ref>Morton et al. 2016</a>,1.51,0.08,-0.11,0.13471318,2.89,,,M-R relationship,<a refstr=CALCULATED_VALUE href=/docs/pscp_calc.html target=_blank>Calculated Value</a>,0.00909,4.61,0.0,,,1835.159,1848.0,,5039.0,0.77,0.81,-0.02,0.0728476821192053
Kepler-1157 b,Kepler-1157,1,1,Transit,2016,4.45743164,0.0448,89.31,1.699e-05,-1.699e-05,<a refstr=MORTON_ET_AL__2016 href=https://ui.adsabs.harvard.edu/abs/2016ApJ...822...86M/abstract target=ref>Morton et al. 2016</a>,1.09,0.04,-0.2,0.09724329,1.32,,,M-R relationship,<a refstr=CALCULATED_VALUE href=/docs/pscp_calc.html target=_blank>Calculated Value</a>,0.00416,5.6,0.0,,,95.443,732.0,,4679.0,0.71,0.76,0.05,0.1834862385321101
Kepler-1140 b,Kepler-1140,1,1,Transit,2016,24.0862707,0.1478,89.14,0.000102,-0.000102,<a refstr=MORTON_ET_AL__2016 href=https://ui.adsabs.harvard.edu/abs/2016ApJ...822...86M/abstract target=ref>Morton et al. 2016</a>,2.77,0.45,-0.37,0.24712285,8.1,,,M-R relationship,<a refstr=CALCULATED_VALUE href=/docs/pscp_calc.html target=_blank>Calculated Value</a>,0.0255,2.09,0.0,,,13.051,500.0,,4850.0,0.73,0.76,-0.08,0.1624548736462094
TOI-1799 b,TOI-1799,1,1,Transit,2024,7.094570865,0.072502,,0.003214071,-0.00233345,<a refstr=CROSSFIELD_ET_AL_2025 href=https://ui.adsabs.harvard.edu/abs/2025AJ....169...89C/abstract target=ref>Crossfield et al. 2025</a>,1.642,0.227,-0.168,0.14648968,4.0,1.7,-1.8,Mass,<a refstr=POLANSKI_ET_AL__2024 href=https://ui.adsabs.harvard.edu/abs/2024ApJS..272...32P/abstract target=ref>Polanski et al. 2024</a>,0.01258541,7.51,0.0,,,164.26,922.72,,5690.0,0.957,1.01,-0.064,0.1382460414129111
Kepler-928 b,Kepler-928,1,1,Transit,2016,3.932461302,0.0444,88.15,9.652e-06,-9.652e-06,<a refstr=MORTON_ET_AL__2016 href=https://ui.adsabs.harvard.edu/abs/2016ApJ...822...86M/abstract target=ref>Morton et al. 2016</a>,1.59,0.31,-0.12,0.1418503,3.15,,,M-R relationship,<a refstr=CALCULATED_VALUE href=/docs/pscp_calc.html target=_blank>Calculated Value</a>,0.00993,4.31,0.0,,,111.11,894.0,,4700.0,0.7,0.73,-0.11,0.19496855345911948
WASP-54 b,WASP-54,2,1,Transit,2012,3.69364,0.04988,84.97,6e-06,-6e-06,<a refstr=STASSUN_ET_AL__2017 href=https://ui.adsabs.harvard.edu/abs/2017AJ....153..136S/abstract target=ref>Stassun et al. 2017</a>,17.71022,1.90553,-1.90553,1.58,187.5197,44.4962,-44.4962,Mass,<a refstr=STASSUN_ET_AL__2017 href=https://ui.adsabs.harvard.edu/abs/2017AJ....153..136S/abstract target=ref>Stassun et al. 2017</a>,0.59,0.167,0.07,0.03,-0.03,1639.1072,1759.0,F9,6100.0,1.76,1.08,-0.27,0.10759493670886076
K2-250 b,K2-250,1,1,Transit,2018,4.01392,0.04606,88.26,0.00029,-0.00029,<a refstr=THYGESEN_ET_AL__2023 href=https://ui.adsabs.harvard.edu/abs/2023AJ....165..155T/abstract target=ref>Thygesen et al. 2023</a>,2.71257333,0.17934369,-0.13450777,0.242,7.81,,,M-R relationship,<a refstr=CALCULATED_VALUE href=/docs/pscp_calc.html target=_blank>Calculated Value</a>,0.0246,2.15,0.21,0.39,-0.16,169.218,1003.0,,5003.0,0.797,0.809,-0.02,0.0661157020223302
Kepler-1325 b,Kepler-1325,1,1,Transit,2016,33.8786838,0.2004,87.23,0.0002334,-0.0002334,<a refstr=MORTON_ET_AL__2016 href=https://ui.adsabs.harvard.edu/abs/2016ApJ...822...86M/abstract target=ref>Morton et al. 2016</a>,2.86,0.4,-0.47,0.25515211,8.55,,,M-R relationship,<a refstr=CALCULATED_VALUE href=/docs/pscp_calc.html target=_blank>Calculated Value</a>,0.0269,2.01,0.0,,,18.153,564.0,,5550.0,0.91,0.93,0.01,0.16433566433566432
Kepler-957 b,Kepler-957,1,1,Transit,2016,5.907413537,0.0559,89.78,5.067e-06,-5.067e-06,<a refstr=MORTON_ET_AL__2016 href=https://ui.adsabs.harvard.edu/abs/2016ApJ...822...86M/abstract target=ref>Morton et al. 2016</a>,5.5,0.29,-0.32,0.49067713,25.9,,,M-R relationship,<a refstr=CALCULATED_VALUE href=/docs/pscp_calc.html target=_blank>Calculated Value</a>,0.0816,0.855,0.0,,,124.911,769.0,,4963.0,0.75,0.81,-0.01,0.05818181818181818
TOI-3856 b,TOI-3856,1,1,Transit,2025,2.04360352,0.0325,82.94,9.4e-07,-9.4e-07,<a refstr=YEE_ET_AL_2025 href=https://ui.adsabs.harvard.edu/abs/2025ApJS..280...30Y/abstract target=ref>Yee et al. 2025</a>,13.59649359,0.28022452,-0.26901554,1.213,171.62733978,31.7828407,-31.7828407,Mass,<a refstr=YEE_ET_AL_2025 href=https://ui.adsabs.harvard.edu/abs/2025ApJS..280...30Y/abstract target=ref>Yee et al. 2025</a>,0.54,0.371,0.083,,,949.0,1544.0,,5622.0,1.055,1.096,0.454,0.020610057890668266
K2-150 b,K2-150,1,1,Transit,2018,10.59357,0.0727,,0.00084,-0.00084,<a refstr=HIRANO_ET_AL__2018 href=https://ui.adsabs.harvard.edu/abs/2018AJ....155..127H/abstract target=ref>Hirano et al. 2018</a>,2.0,0.27,-0.21,0.17842805,4.66,,,M-R relationship,<a refstr=CALCULATED_VALUE href=/docs/pscp_calc.html target=_blank>Calculated Value</a>,0.0147,3.2,,,,4.9,413.19,M2.5 V,3499.0,0.436,0.457,0.09,0.135
TOI-540 b,TOI-540,1,1,Transit,2020,1.2391491,0.01223,86.8,1.7e-06,-1.7e-06,<a refstr=MENT_ET_AL__2021 href=https://ui.adsabs.harvard.edu/abs/2021AJ....161...23M/abstract target=ref>Ment et al. 2021</a>,0.903,0.052,-0.052,0.08056026,0.674,,,M-R relationship,<a refstr=CALCULATED_VALUE href=/docs/pscp_calc.html target=_blank>Calculated Value</a>,0.00212,5.03,0.0,,,23.4,611.0,M V,3216.0,0.1895,0.159,,0.057585825027685486
K2-320 b,K2-320,1,1,Transit,2020,1.995,0.0142,87.84,0.001,-0.001,<a refstr=CASTRO_GONZ_AACUTE_LEZ_ET_AL__2020 href=https://ui.adsabs.harvard.edu/abs/2020MNRAS.499.5416C/abstract target=ref>Castro Gonz&aacute;lez et al. 2020</a>,2.62,0.23,-0.15,0.23374074,7.37,,,M-R relationship,<a refstr=CALCULATED_VALUE href=/docs/pscp_calc.html target=_blank>Calculated Value</a>,0.0232,2.25,,,,37.1662,698.0,,3157.0,0.3,0.117,,0.08778625954198473
Kepler-1523 b,Kepler-1523,1,1,Transit,2016,0.93875077,0.01867,89.86,1.163e-06,-1.163e-06,<a refstr=MORTON_ET_AL__2016 href=https://ui.adsabs.harvard.edu/abs/2016ApJ...822...86M/abstract target=ref>Morton et al. 2016</a>,1.58,0.27,-0.15,0.14095816,3.12,,,M-R relationship,<a refstr=CALCULATED_VALUE href=/docs/pscp_calc.html target=_blank>Calculated Value</a>,0.00982,4.35,0.0,,,2218.145,1676.0,,5708.0,0.96,0.97,0.0,0.17088607594936708
TIC 188624430 b,TIC 188624430,1,1,Transit,2026,6.21860433132,,88.35928,2.238946e-05,-2.12793e-05,<a refstr=LAFARGA_ET_AL_2026 href=https://ui.adsabs.harvard.edu/abs/2026MNRAS.548ag512L/abstract target=ref>Lafarga et al. 2026</a>,3.64811843,0.288233,-0.2665682,0.32546389,12.9,,,M-R relationship,<a refstr=CALCULATED_VALUE href=/docs/pscp_calc.html target=_blank>Calculated Value</a>,0.0407,1.46,,,,,,,5369.46,0.786574,0.929,,0.07900867406873083
Kepler-1174 b,Kepler-1174,1,1,Transit,2016,6.89225223,0.0732,89.84,2.664e-05,-2.664e-05,<a refstr=MORTON_ET_AL__2016 href=https://ui.adsabs.harvard.edu/abs/2016ApJ...822...86M/abstract target=ref>Morton et al. 2016</a>,1.59,0.31,-0.16,0.1418503,3.15,,,M-R relationship,<a refstr=CALCULATED_VALUE href=/docs/pscp_calc.html target=_blank>Calculated Value</a>,0.00993,4.31,0.0,,,641.814,1156.0,,5936.0,1.04,1.04,-0.04,0.19496855345911948
Kepler-1082 b,Kepler-1082,1,1,Transit,2016,1.543206604,0.02571,87.26,4.536e-06,-4.536e-06,<a refstr=MORTON_ET_AL__2016 href=https://ui.adsabs.harvard.edu/abs/2016ApJ...822...86M/abstract target=ref>Morton et al. 2016</a>,1.12,0.18,-0.13,0.09991971,1.46,,,M-R relationship,<a refstr=CALCULATED_VALUE href=/docs/pscp_calc.html target=_blank>Calculated Value</a>,0.00459,5.71,0.0,,,2949.557,1827.0,,5923.0,1.14,1.03,-0.06,0.1607142857142857
WASP-170 b,WASP-170,1,1,Transit,2018,2.34478022,0.0337,84.87,3.6e-06,-3.6e-06,<a refstr=BARKAOUI_ET_AL__2019 href=https://ui.adsabs.harvard.edu/abs/2019AJ....157...43B/abstract target=ref>Barkaoui et al. 2019</a>,12.285064,0.952765,-0.952765,1.096,508.528,63.566,-63.566,Mass,<a refstr=BARKAOUI_ET_AL__2019 href=https://ui.adsabs.harvard.edu/abs/2019AJ....157...43B/abstract target=ref>Barkaoui et al. 2019</a>,1.6,1.6,,,,680.0,1422.0,,5600.0,0.938,0.93,0.22,0.07755474452554745
K2-74 b,K2-74,1,1,Transit,2016,19.5666,0.1402,88.91991,0.0033,-0.0033,<a refstr=CROSSFIELD_ET_AL__2016 href=https://ui.adsabs.harvard.edu/abs/2016ApJS..226....7C/abstract target=ref>Crossfield et al. 2016</a>,2.31,0.19,-0.19,0.2060844,5.95,,,M-R relationship,<a refstr=CALCULATED_VALUE href=/docs/pscp_calc.html target=_blank>Calculated Value</a>,0.0187,2.65,,,,59.1,772.58,,6060.0,0.98,0.96,-0.21,0.08225108225108226
TOI-7155 b,TOI-7155,1,1,Transit,2026,3.89489711981,,86.87115,2.86925e-05,-2.780397e-05,<a refstr=LAFARGA_ET_AL_2026 href=https://ui.adsabs.harvard.edu/abs/2026MNRAS.548ag512L/abstract target=ref>Lafarga et al. 2026</a>,2.40821473,0.34326283,-0.25569019,0.2148469,6.38,,,M-R relationship,<a refstr=CALCULATED_VALUE href=/docs/pscp_calc.html target=_blank>Calculated Value</a>,0.0201,2.51,,,,116.253,914.0,,4673.03,0.670748,0.755,,0.14253829848470365
TOI-3353.01,TOI-3353,1,1,Transit,2024,4.6657965,0.060118218,,,,<a refstr=HORD_ET_AL__2024 href=https://ui.adsabs.harvard.edu/abs/2024AJ....167..233H/abstract target=ref>Hord et al. 2024</a>,2.6667555,0.230776,-0.230776,0.23765421,7.59,,,M-R relationship,<a refstr=CALCULATED_VALUE href=/docs/pscp_calc.html target=_blank>Calculated Value</a>,0.0239,2.2,,,,313.0426,1264.36,,6365.0,1.0207,1.332089,,0.08653811719897082
HD 278555 b,HD 278555,1,1,Transit,2026,28.842438,0.1985,,4.5e-05,-4.6e-05,<a refstr=BALL_ET_AL_2026 href=https://ui.adsabs.harvard.edu/abs/2026AJ....172..158B/abstract target=ref>Ball et al. 2026</a>,11.02963701,0.40352331,-0.39231432,0.984,266.97586188,31.7828407,-31.7828407,Mass,<a refstr=BALL_ET_AL_2026 href=https://ui.adsabs.harvard.edu/abs/2026AJ....172..158B/abstract target=ref>Ball et al. 2026</a>,0.84,1.09,0.085,0.047,-0.049,79.4371,853.0,F8,6047.0,1.624,1.255,0.269,0.03658536628486925
TOI-2104 b,TOI-2104,1,1,Transit,2026,5.904370457,,88.27552,3.410518e-05,-3.184203e-05,<a refstr=LAFARGA_ET_AL_2026 href=https://ui.adsabs.harvard.edu/abs/2026MNRAS.548ag512L/abstract target=ref>Lafarga et al. 2026</a>,1.52898127,0.13889258,-0.12285756,0.13640681,2.95,,,M-R relationship,<a refstr=CALCULATED_VALUE href=/docs/pscp_calc.html target=_blank>Calculated Value</a>,0.00929,4.54,,,,85.3357,846.0,,4856.13,0.723757,0.8,,0.09083994861493626
TOI-1184 b,TOI-1184,1,1,Transit,2024,5.748433803,0.056027,89.00938,2.592e-06,-2.726e-06,<a refstr=CROSSFIELD_ET_AL_2025 href=https://ui.adsabs.harvard.edu/abs/2025AJ....169...89C/abstract target=ref>Crossfield et al. 2025</a>,2.39,0.25,-0.234,0.21322189,6.8,2.3,-2.3,Mass,<a refstr=POLANSKI_ET_AL__2024 href=https://ui.adsabs.harvard.edu/abs/2024ApJS..272...32P/abstract target=ref>Polanski et al. 2024</a>,0.02139519,2.63,0.0,,,57.54,715.47,,4534.0,0.69,0.71,0.017,0.10460251046025104
HATS-61 b,HATS-61,1,1,Transit,2018,7.817953,0.07908,87.15,2.4e-05,-2.4e-05,<a refstr=HARTMAN_ET_AL__2019 href=https://ui.adsabs.harvard.edu/abs/2019AJ....157...55H/abstract target=ref>Hartman et al. 2019</a>,13.394755,0.751003,-0.751003,1.195,1080.622,44.4962,-44.4962,Mass,<a refstr=HARTMAN_ET_AL__2019 href=https://ui.adsabs.harvard.edu/abs/2019AJ....157...55H/abstract target=ref>Hartman et al. 2019</a>,3.4,2.47,0.092,,,374.2,1226.1,,5542.0,1.664,1.076,0.247,0.056066945606694556
Kepler-684 b,Kepler-684,1,1,Transit,2016,6.770302008,0.064,86.84,8.86e-06,-8.86e-06,<a refstr=MORTON_ET_AL__2016 href=https://ui.adsabs.harvard.edu/abs/2016ApJ...822...86M/abstract target=ref>Morton et al. 2016</a>,3.36,0.3,-0.3,0.29975912,11.2,,,M-R relationship,<a refstr=CALCULATED_VALUE href=/docs/pscp_calc.html target=_blank>Calculated Value</a>,0.0354,1.62,0.0,,,102.87,812.0,,5493.0,0.86,0.89,-0.11,0.08928571428571429
WASP-159 b,WASP-159,1,1,Transit,2018,3.840401,0.0538,88.1,7e-06,-7e-06,<a refstr=HELLIER_ET_AL__2019 href=https://ui.adsabs.harvard.edu/abs/2019MNRAS.482.1379H/abstract target=ref>Hellier et al. 2019</a>,15.46842,1.00881,-1.00881,1.38,174.8065,25.4264,-25.4264,Mass,<a refstr=HELLIER_ET_AL__2019 href=https://ui.adsabs.harvard.edu/abs/2019MNRAS.482.1379H/abstract target=ref>Hellier et al. 2019</a>,0.55,0.28,0.0,,,1599.92,1850.0,F9,6120.0,2.11,1.41,0.22,0.06521739130434782
K2-26 b,K2-26,1,1,Transit,2016,14.5665,0.0962,88.4,0.0016,-0.002,<a refstr=SCHLIEDER_ET_AL__2016 href=https://ui.adsabs.harvard.edu/abs/2016ApJ...818...87S/abstract target=ref>Schlieder et al. 2016</a>,2.67,0.46,-0.42,0.23820145,7.61,,,M-R relationship,<a refstr=CALCULATED_VALUE href=/docs/pscp_calc.html target=_blank>Calculated Value</a>,0.0239,2.2,,,,5.8,430.0,M1.0 V,3785.0,0.52,0.56,-0.13,0.17228464419475656
TIC 9344899 b,TIC 9344899,1,1,Transit,2026,8.5821566,0.0815,88.95,7.2e-06,-7.2e-06,<a refstr=SUBJAK_ET_AL_2026 href=https://ui.adsabs.harvard.edu/abs/2026A&A...709A.130S/abstract target=ref>&Scaron;ubjak et al. 2026</a>,9.16,0.4,-0.4,0.817,6170.0,610.0,-580.0,Mass,<a refstr=SUBJAK_ET_AL_2026 href=https://ui.adsabs.harvard.edu/abs/2026A&A...709A.130S/abstract target=ref>&Scaron;ubjak et al. 2026</a>,19.4,44.1,0.029,0.021,-0.018,149.861,923.0,G3 V,5800.0,1.06,0.98,0.07,0.04366812227074236
WASP-194 b,WASP-194,1,1,Transit,2025,3.183387,0.047,83.23,4e-07,-5e-07,<a refstr=SCHANCHE_ET_AL_2025 href=https://ui.adsabs.harvard.edu/abs/2025AJ....169..334S/abstract target=ref>Schanche et al. 2025</a>,15.47960235,0.9863903,-0.9863903,1.381,373.13054982,84.22452786,-84.22452786,Mass,<a refstr=SCHANCHE_ET_AL_2025 href=https://ui.adsabs.harvard.edu/abs/2025AJ....169..334S/abstract target=ref>Schanche et al. 2025</a>,1.174,0.55,0.0,,,1365.0,1693.0,,6405.0,1.409,1.29,0.0,0.06372194050579083
K2-335 b,K2-335,1,1,Transit,2021,12.283211,,88.50662,5.1e-05,-5.1e-05,<a refstr=DE_LEON_ET_AL_2021 href=https://ui.adsabs.harvard.edu/abs/2021MNRAS.508..195D/abstract target=ref>de Leon et al. 2021</a>,2.21,0.18,-0.14,0.19716333,5.52,,,M-R relationship,<a refstr=CALCULATED_VALUE href=/docs/pscp_calc.html target=_blank>Calculated Value</a>,0.0174,2.81,,,,,949.0,,6222.0,1.33,1.23,0.1,0.08144796380090498
Kepler-1175 b,Kepler-1175,1,1,Transit,2016,37.94563,0.2181,89.79,0.0001732,-0.0001732,<a refstr=MORTON_ET_AL__2016 href=https://ui.adsabs.harvard.edu/abs/2016ApJ...822...86M/abstract target=ref>Morton et al. 2016</a>,2.99,0.27,-0.23,0.26674993,9.22,,,M-R relationship,<a refstr=CALCULATED_VALUE href=/docs/pscp_calc.html target=_blank>Calculated Value</a>,0.029,1.9,0.0,,,12.938,515.0,,5453.0,0.86,0.9,-0.04,0.0903010033444816
TOI-2453 b,TOI-2453,1,1,Transit,2026,4.44143463188,,87.95086,1.379223e-05,-1.196675e-05,<a refstr=LAFARGA_ET_AL_2026 href=https://ui.adsabs.harvard.edu/abs/2026MNRAS.548ag512L/abstract target=ref>Lafarga et al. 2026</a>,3.24380341,0.29909721,-0.25885686,0.28939325,10.6,,,M-R relationship,<a refstr=CALCULATED_VALUE href=/docs/pscp_calc.html target=_blank>Calculated Value</a>,0.0333,1.71,,,,21.749,550.78,,3720.23,0.502498,0.500519,,0.09220571415577863
TOI-3523 A b,TOI-3523 A,3,1,Transit,2025,2.30458952,0.03559,88.3,8.2e-07,-8.2e-07,<a refstr=YEE_ET_AL_2025 href=https://ui.adsabs.harvard.edu/abs/2025ApJS..280...30Y/abstract target=ref>Yee et al. 2025</a>,15.9727975,0.41473229,-0.39231432,1.425,435.42491759,38.13940884,-34.96112477,Mass,<a refstr=YEE_ET_AL_2025 href=https://ui.adsabs.harvard.edu/abs/2025ApJS..280...30Y/abstract target=ref>Yee et al. 2025</a>,1.37,0.587,0.047,,,2590.0,1984.0,,6450.0,1.448,1.131,-0.366,0.025964912533324235
Kepler-1285 b,Kepler-1285,1,1,Transit,2016,14.7967458,0.12758,89.48,0.0001134,-0.0001134,<a refstr=MORTON_ET_AL__2016 href=https://ui.adsabs.harvard.edu/abs/2016ApJ...822...86M/abstract target=ref>Morton et al. 2016</a>,0.97,0.1,-0.08,0.0865376,0.871,,,M-R relationship,<a refstr=CALCULATED_VALUE href=/docs/pscp_calc.html target=_blank>Calculated Value</a>,0.00274,5.24,0.0,,,181.591,874.0,,6170.0,1.28,1.2,0.16,0.10309278350515465
TOI-1230.01,TOI-1230,1,1,Transit,2021,25.05734661842,,,0.0001500191,-0.0001500191,<a refstr=EXOFOP href=https://exofop.ipac.caltech.edu/tess/view_toi.php target=ref>ExoFOP</a>,2.38627705,0.25461704,-0.25461704,0.21288975,6.29,,,M-R relationship,<a refstr=CALCULATED_VALUE href=/docs/pscp_calc.html target=_blank>Calculated Value</a>,0.0198,2.54,,,,199.1147,1046.51,,5696.0,1.15281,1.14,,0.10670053588287245
HD 114082 b,HD 114082,1,1,Transit,2022,225.5504,0.791,89.791,0.0004,-0.0004,<a refstr=DEL_BURGO_ET_AL_2026 href=https://ui.adsabs.harvard.edu/abs/2026ApJ..1003L..15D/abstract target=ref>del Burgo et al. 2026</a>,11.72459381,0.15692573,-0.15692573,1.046,508.5254512,,,Mass,<a refstr=DEL_BURGO_ET_AL_2026 href=https://ui.adsabs.harvard.edu/abs/2026ApJ..1003L..15D/abstract target=ref>del Burgo et al. 2026</a>,1.6,1.7,0.0,,,192.2293,949.67,F3 V,6610.0,1.482,1.28,0.0,0.01338432124327896
Kepler-433 b,Kepler-433,1,1,Transit,2015,5.33408384,0.0679,89.21,1.1e-06,-1.1e-06,<a refstr=ALMENARA_ET_AL__2015 href=https://ui.adsabs.harvard.edu/abs/2015A&A...575A..71A/abstract target=ref>Almenara et al. 2015</a>,16.25,1.79,-1.79,1.45,896.24,165.26,-165.26,Mass,<a refstr=ALMENARA_ET_AL__2015 href=https://ui.adsabs.harvard.edu/abs/2015A&A...575A..71A/abstract target=ref>Almenara et al. 2015</a>,2.82,1.13,0.119,0.079,-0.079,1682.66,1776.0,,6360.0,2.26,1.46,-0.01,0.11015384615384616
CoRoT-8 b,CoRoT-8,1,1,Transit,2010,6.21229,0.063,88.4,3e-05,-3e-05,<a refstr=BORDE_ET_AL__2010 href=https://ui.adsabs.harvard.edu/abs/2010A%26A...520A..66B/abstract target=ref> Borde et al. 2010 </a>,6.39,0.22,-0.22,0.57,69.92,9.53,-9.53,Mass,<a refstr=BORDE_ET_AL__2010 href=https://ui.adsabs.harvard.edu/abs/2010A%26A...520A..66B/abstract target=ref> Borde et al. 2010 </a>,0.22,1.6,0.0,,,19.817,870.0,K1 V,5080.0,0.77,0.88,0.3,0.03442879499217528
TOI-5728 b,TOI-5728,1,1,Transit,2025,11.49761,,89.83,3e-05,-3e-05,<a refstr=GOMEZ_BARRIENTOS_ET_AL_2026 href=https://ui.adsabs.harvard.edu/abs/2026AJ....171...99G/abstract target=ref>Gomez Barrientos et al. 2026</a>,1.31,0.05,-0.05,0.11687057,2.27,,,M-R relationship,<a refstr=CALCULATED_VALUE href=/docs/pscp_calc.html target=_blank>Calculated Value</a>,0.00714,5.55,,,,3.512,382.0,,3419.0,0.37,0.36,-0.12,0.03816793893129771
Kepler-568 b,Kepler-568,1,1,Transit,2016,11.02347475,0.0794,89.03,7.657e-06,-7.657e-06,<a refstr=MORTON_ET_AL__2016 href=https://ui.adsabs.harvard.edu/abs/2016ApJ...822...86M/abstract target=ref>Morton et al. 2016</a>,2.26,0.08,-0.08,0.2016237,5.73,,,M-R relationship,<a refstr=CALCULATED_VALUE href=/docs/pscp_calc.html target=_blank>Calculated Value</a>,0.018,2.73,0.0,,,8.37,429.0,,3768.0,0.53,0.55,0.11,0.03539823008849558
Kepler-1208 b,Kepler-1208,1,1,Transit,2016,11.08507637,0.0901,88.44,5.235e-05,-5.235e-05,<a refstr=MORTON_ET_AL__2016 href=https://ui.adsabs.harvard.edu/abs/2016ApJ...822...86M/abstract target=ref>Morton et al. 2016</a>,2.32,0.19,-0.14,0.20697654,5.99,,,M-R relationship,<a refstr=CALCULATED_VALUE href=/docs/pscp_calc.html target=_blank>Calculated Value</a>,0.0189,2.64,0.0,,,37.664,665.0,,5001.0,0.76,0.8,-0.03,0.08189655172413794
Kepler-1655 b,Kepler-1655,1,1,Transit,2018,11.8728787,0.1029,87.62,8.5e-06,-8.5e-06,<a refstr=BONOMO_ET_AL_2023 href=https://ui.adsabs.harvard.edu/abs/2023A&A...677A..33B/abstract target=ref>Bonomo et al. 2023</a>,2.213,0.082,-0.082,0.19743098,5.4,1.7,-1.7,Mass,<a refstr=BONOMO_ET_AL_2023 href=https://ui.adsabs.harvard.edu/abs/2023A&A...677A..33B/abstract target=ref>Bonomo et al. 2023</a>,0.0169903,2.72,0.19,,,129.1,938.0,G0 V,6148.0,1.03,1.03,-0.24,0.03705377315860822
TOI-707 b,TOI-707,1,1,Transit,2026,52.79918,0.275,89.602,0.00021,-0.00016,<a refstr=REA_ET_AL_2026 href=https://ui.adsabs.harvard.edu/abs/2026A&A...711A..86R/abstract target=ref>Rea et al. 2026</a>,2.416,0.098,-0.098,0.2155,6.42,,,M-R relationship,<a refstr=CALCULATED_VALUE href=/docs/pscp_calc.html target=_blank>Calculated Value</a>,0.0202,2.5,,,,10.9718,491.7,,5424.0,0.978,0.99,0.16,0.040562913907284774
WASP-7 b,WASP-7,1,1,Transit,2008,4.9546416,0.0617,87.03,3.5e-06,-3.5e-06,<a refstr=SOUTHWORTH_ET_AL__2011 href=https://ui.adsabs.harvard.edu/abs/2011A%26A...527A...8S/abstract target=ref> Southworth et al. 2011 </a>,14.90797,1.042437,-1.042437,1.33,305.1168,41.3179,-41.3179,Mass,<a refstr=SOUTHWORTH_ET_AL__2011 href=https://ui.adsabs.harvard.edu/abs/2011A%26A...527A...8S/abstract target=ref> Southworth et al. 2011 </a>,0.96,0.55,0.034,0.045,-0.024,2423.4747,1487.0,,6400.0,1.432,1.276,0.0,0.0699248120300752
Kepler-738 b,Kepler-738,1,1,Transit,2016,24.58721573,0.1552,89.02,8.802e-05,-8.802e-05,<a refstr=MORTON_ET_AL__2016 href=https://ui.adsabs.harvard.edu/abs/2016ApJ...822...86M/abstract target=ref>Morton et al. 2016</a>,2.5,0.2,-0.17,0.22303506,6.8,,,M-R relationship,<a refstr=CALCULATED_VALUE href=/docs/pscp_calc.html target=_blank>Calculated Value</a>,0.0214,2.39,0.0,,,27.644,530.0,,5327.0,0.82,0.86,-0.09,0.08
Kepler-658 b,Kepler-658,1,1,Transit,2016,1.287076762,0.0188,89.98,1.193e-06,-1.193e-06,<a refstr=MORTON_ET_AL__2016 href=https://ui.adsabs.harvard.edu/abs/2016ApJ...822...86M/abstract target=ref>Morton et al. 2016</a>,1.63,0.06,-0.06,0.14541886,3.29,,,M-R relationship,<a refstr=CALCULATED_VALUE href=/docs/pscp_calc.html target=_blank>Calculated Value</a>,0.0104,4.17,0.0,,,223.745,871.0,,4103.0,0.6,0.63,-0.04,0.03680981595092025
HD 235088 b,HD 235088,1,1,Transit,2023,7.4341325,0.0706,88.74,4.2e-06,-4.4e-06,<a refstr=NARDIELLO_ET_AL__2025 href=https://ui.adsabs.harvard.edu/abs/2025A&A...693A..32N/abstract target=ref>Nardiello et al. 2025</a>,1.982,0.072,-0.069,0.1768225,4.15,0.83,-0.83,Mass,<a refstr=NARDIELLO_ET_AL__2025 href=https://ui.adsabs.harvard.edu/abs/2025A&A...693A..32N/abstract target=ref>Nardiello et al. 2025</a>,0.01305736,2.922216,0.0,,,70.0,805.0,K V,5075.0,0.772,0.849,-0.02,0.036326942482341064
K2-174 b,K2-174,1,1,Transit,2018,19.562307,0.126,89.95,7.8e-05,-7.6e-05,<a refstr=LIVINGSTON_ET_AL__2019 href=https://ui.adsabs.harvard.edu/abs/2019AJ....157..102L/abstract target=ref>Livingston et al. 2019</a>,2.6,0.1,-0.1,0.23195646,7.27,,,M-R relationship,<a refstr=CALCULATED_VALUE href=/docs/pscp_calc.html target=_blank>Calculated Value</a>,0.0229,2.27,,,,10.9555,455.0,,4455.0,0.676,0.7,0.113,0.038461538461538464
TOI-2154 b,TOI-2154,1,1,Transit,2023,3.8240801,0.0513,83.37,2.5e-06,-2.5e-06,<a refstr=RODRIGUEZ_ET_AL_2023 href=https://ui.adsabs.harvard.edu/abs/2023MNRAS.521.2765R/abstract target=ref>Rodriguez et al. 2023</a>,16.28664896,0.59407598,-0.53803107,1.453,292.40213444,60.38739733,-57.20911326,Mass,<a refstr=RODRIGUEZ_ET_AL_2023 href=https://ui.adsabs.harvard.edu/abs/2023MNRAS.521.2765R/abstract target=ref>Rodriguez et al. 2023</a>,0.92,0.37,0.117,0.1,-0.079,1005.895,1580.0,,6280.0,1.396,1.233,0.011,0.03647625619358839
Kepler-1357 b,Kepler-1357,1,1,Transit,2016,3.0091324,0.041,89.95,1.52e-05,-1.52e-05,<a refstr=MORTON_ET_AL__2016 href=https://ui.adsabs.harvard.edu/abs/2016ApJ...822...86M/abstract target=ref>Morton et al. 2016</a>,1.28,0.2,-0.11,0.11419395,2.18,,,M-R relationship,<a refstr=CALCULATED_VALUE href=/docs/pscp_calc.html target=_blank>Calculated Value</a>,0.00687,5.71,0.0,,,449.975,1177.0,,5597.0,0.9,0.93,-0.06,0.15625
NGTS-31 b,NGTS-31,1,1,Transit,2025,4.162734,0.064,85.6,4e-06,-4e-06,<a refstr=VINES_ET_AL__2025 href=https://ui.adsabs.harvard.edu/abs/2025MNRAS.536.2011V/abstract target=ref>Vines et al. 2025</a>,18.04645893,1.79343691,-1.79343691,1.61,355.96781584,38.13940884,-38.13940884,Mass,<a refstr=VINES_ET_AL__2025 href=https://ui.adsabs.harvard.edu/abs/2025MNRAS.536.2011V/abstract target=ref>Vines et al. 2025</a>,1.12,0.3,0.0,,,643.0,1410.0,,5710.0,1.7,0.96,0.0,0.09937888186023207
Kepler-574 b,Kepler-574,1,1,Transit,2016,7.65880414,0.0723,89.95,1.346e-05,-1.346e-05,<a refstr=MORTON_ET_AL__2016 href=https://ui.adsabs.harvard.edu/abs/2016ApJ...822...86M/abstract target=ref>Morton et al. 2016</a>,2.39,0.33,-0.16,0.21322152,6.3,,,M-R relationship,<a refstr=CALCULATED_VALUE href=/docs/pscp_calc.html target=_blank>Calculated Value</a>,0.0198,2.54,0.0,,,120.47,858.0,,5612.0,0.91,0.95,-0.01,0.13807531380753138
Kepler-1062 b,Kepler-1062,1,1,Transit,2016,9.30412078,0.0748,89.16,2.394e-05,-2.394e-05,<a refstr=MORTON_ET_AL__2016 href=https://ui.adsabs.harvard.edu/abs/2016ApJ...822...86M/abstract target=ref>Morton et al. 2016</a>,1.76,0.09,-0.1,0.15701668,3.75,,,M-R relationship,<a refstr=CALCULATED_VALUE href=/docs/pscp_calc.html target=_blank>Calculated Value</a>,0.0118,3.78,0.0,,,33.76,583.0,,4597.0,0.7,0.75,0.11,0.05681818181818182
K2-317 b,K2-317,1,1,Transit,2020,6.22,0.0542,89.22,0.007,-0.007,<a refstr=CASTRO_GONZ_AACUTE_LEZ_ET_AL__2020 href=https://ui.adsabs.harvard.edu/abs/2020MNRAS.499.5416C/abstract target=ref>Castro Gonz&aacute;lez et al. 2020</a>,2.93,0.19,-0.17,0.26139709,8.91,,,M-R relationship,<a refstr=CALCULATED_VALUE href=/docs/pscp_calc.html target=_blank>Calculated Value</a>,0.028,1.95,,,,4.5848,432.0,,3387.0,0.379,0.403,,0.06484641638225255
TOI-6478 b,TOI-6478,2,1,Transit,2025,34.005019,0.1136,89.898,2.5e-05,-2.5e-05,<a refstr=SCOTT_ET_AL_2025 href=https://ui.adsabs.harvard.edu/abs/2025MNRAS.540.1909S/abstract target=ref>Scott et al. 2025</a>,4.6,0.24,-0.24,0.411,19.2,,,M-R relationship,<a refstr=CALCULATED_VALUE href=/docs/pscp_calc.html target=_blank>Calculated Value</a>,0.0603,1.08,,,,0.0003,204.4,M4.0+/-0.5,3230.0,0.234,0.23,-0.53,0.052173913043478265
WASP-59 b,WASP-59,1,1,Transit,2012,7.919585,0.0697,89.27,1e-05,-1e-05,<a refstr=HEBRARD_ET_AL__2013 href=https://ui.adsabs.harvard.edu/abs/2013A%26A...549A.134H/abstract target=ref> Hebrard et al. 2013 </a>,8.687,0.762,-0.762,0.775,274.276,14.302,-14.302,Mass,<a refstr=HEBRARD_ET_AL__2013 href=https://ui.adsabs.harvard.edu/abs/2013A%26A...549A.134H/abstract target=ref> Hebrard et al. 2013 </a>,0.863,2.4,0.1,0.042,-0.042,38.0328,670.0,K5 V,4650.0,0.613,0.719,-0.15,0.08771727869229884
KOI-4978 b,KOI-4978,1,1,Transit,2024,0.941967,,,3e-06,-3e-06,<a refstr=WANG_ET_AL_2024 href=https://ui.adsabs.harvard.edu/abs/2024MNRAS.534.1913W/abstract target=ref>Wang et al. 2024</a>,0.7,0.1,-0.1,0.06244992,0.271,,,M-R relationship,<a refstr=CALCULATED_VALUE href=/docs/pscp_calc.html target=_blank>Calculated Value</a>,0.000852,4.34,,,,,,G,5050.28,0.966,0.859,0.18,0.14285714285714288
Kepler-1539 b,Kepler-1539,1,1,Transit,2016,133.3036741,0.4765,89.97,0.0008843,-0.0008843,<a refstr=MORTON_ET_AL__2016 href=https://ui.adsabs.harvard.edu/abs/2016ApJ...822...86M/abstract target=ref>Morton et al. 2016</a>,2.7,0.19,-0.15,0.24087787,7.75,,,M-R relationship,<a refstr=CALCULATED_VALUE href=/docs/pscp_calc.html target=_blank>Calculated Value</a>,0.0244,2.16,0.0,,,1.572,301.0,,5176.0,0.8,0.84,-0.01,0.07037037037037036
Kepler-614 b,Kepler-614,1,1,Transit,2016,14.03491514,0.1027,88.37,2.597e-05,-2.597e-05,<a refstr=MORTON_ET_AL__2016 href=https://ui.adsabs.harvard.edu/abs/2016ApJ...822...86M/abstract target=ref>Morton et al. 2016</a>,2.39,0.2,-0.17,0.21322152,6.3,,,M-R relationship,<a refstr=CALCULATED_VALUE href=/docs/pscp_calc.html target=_blank>Calculated Value</a>,0.0198,2.54,0.0,,,37.2,641.0,,5268.0,0.81,0.85,-0.07,0.08368200836820083
TOI-1820 b,TOI-1820,1,1,Transit,2022,4.860674,0.061,84.4,5e-06,-5e-06,<a refstr=KNUDSTRUP_ET_AL_2022 href=https://ui.adsabs.harvard.edu/abs/2022A&A...667A..22K/abstract target=ref>Knudstrup et al. 2022</a>,12.778238,0.22417961,-0.22417961,1.14,731.0053361,63.5656814,-63.5656814,Mass,<a refstr=KNUDSTRUP_ET_AL_2022 href=https://ui.adsabs.harvard.edu/abs/2022A&A...667A..22K/abstract target=ref>Knudstrup et al. 2022</a>,2.3,2.0,0.043,0.008,-0.008,292.245,1375.0,,5734.0,1.51,1.04,0.14,0.017543859333344708
TOI-938 b,TOI-938,1,1,Transit,2026,8.80733882211,,88.78333,3.575793e-05,-3.719726e-05,<a refstr=LAFARGA_ET_AL_2026 href=https://ui.adsabs.harvard.edu/abs/2026MNRAS.548ag512L/abstract target=ref>Lafarga et al. 2026</a>,4.82401567,0.35034925,-0.32939707,0.43037059,20.8,,,M-R relationship,<a refstr=CALCULATED_VALUE href=/docs/pscp_calc.html target=_blank>Calculated Value</a>,0.0653,1.02,,,,220.735,1073.0,,5829.42,0.985134,1.1,,0.07262605969105404
Kepler-1414 b,Kepler-1414,1,1,Transit,2016,3.51576315,0.0426,89.82,1.186e-05,-1.186e-05,<a refstr=MORTON_ET_AL__2016 href=https://ui.adsabs.harvard.edu/abs/2016ApJ...822...86M/abstract target=ref>Morton et al. 2016</a>,1.23,0.09,-0.08,0.10973325,2.04,,,M-R relationship,<a refstr=CALCULATED_VALUE href=/docs/pscp_calc.html target=_blank>Calculated Value</a>,0.00642,6.02,0.0,,,209.464,1033.0,,4951.0,0.75,0.8,-0.02,0.07317073170731707
Kepler-1150 b,Kepler-1150,2,1,Transit,2016,2.787868386,0.0382,89.16,8.265e-06,-8.265e-06,<a refstr=MORTON_ET_AL__2016 href=https://ui.adsabs.harvard.edu/abs/2016ApJ...822...86M/abstract target=ref>Morton et al. 2016</a>,1.02,0.06,-0.06,0.0909983,1.04,,,M-R relationship,<a refstr=CALCULATED_VALUE href=/docs/pscp_calc.html target=_blank>Calculated Value</a>,0.00328,5.39,0.0,,,153.741,1432.0,,4754.0,0.72,0.76,0.01,0.058823529411764705
Kepler-831 b,Kepler-831,1,1,Transit,2016,5.62153941,0.05984,86.54,1.272e-05,-1.272e-05,<a refstr=MORTON_ET_AL__2016 href=https://ui.adsabs.harvard.edu/abs/2016ApJ...822...86M/abstract target=ref>Morton et al. 2016</a>,1.27,0.1,-0.07,0.11330181,2.15,,,M-R relationship,<a refstr=CALCULATED_VALUE href=/docs/pscp_calc.html target=_blank>Calculated Value</a>,0.00678,5.77,0.0,,,266.249,992.0,,5732.0,0.97,0.99,0.02,0.07874015748031496
K2-257 b,K2-257,1,1,Transit,2018,1.60588,0.0216,,0.00014,-0.00013,<a refstr=LIVINGSTON_ET_AL__2018 href=https://ui.adsabs.harvard.edu/abs/2018AJ....156...78L/abstract target=ref>Livingston et al. 2018</a>,0.83,0.06,-0.05,0.07404764,0.498,,,M-R relationship,<a refstr=CALCULATED_VALUE href=/docs/pscp_calc.html target=_blank>Calculated Value</a>,0.00157,4.79,,,,89.1463,789.0,,3725.0,0.5,0.52,-0.03,0.07228915662650602
Kepler-739 b,Kepler-739,1,1,Transit,2016,12.53248465,0.1054,87.96,2.295e-05,-2.295e-05,<a refstr=MORTON_ET_AL__2016 href=https://ui.adsabs.harvard.edu/abs/2016ApJ...822...86M/abstract target=ref>Morton et al. 2016</a>,3.32,0.49,-0.29,0.29619056,11.0,,,M-R relationship,<a refstr=CALCULATED_VALUE href=/docs/pscp_calc.html target=_blank>Calculated Value</a>,0.0346,1.65,0.0,,,115.963,775.0,,5601.0,0.9,0.93,-0.08,0.14759036144578314
TOI-5800 b,TOI-5800,1,1,Transit,2025,2.6278838,0.0344,85.08,3.7e-06,-3.7e-06,<a refstr=NAPONIELLO_ET_AL_2025 href=https://ui.adsabs.harvard.edu/abs/2025A&A...701A..79N/abstract target=ref>Naponiello et al. 2025</a>,2.46,0.18,-0.16,0.21946688,9.5,1.7,-1.9,Mass,<a refstr=NAPONIELLO_ET_AL_2025 href=https://ui.adsabs.harvard.edu/abs/2025A&A...701A..79N/abstract target=ref>Naponiello et al. 2025</a>,0.02989034,3.46,0.3,0.083,-0.082,274.163,1108.0,K3 V,4850.0,0.773,0.778,-0.04,0.07317073170731707
TOI-2803 A b,TOI-2803 A,2,1,Transit,2023,1.96229325,0.03185,89.0,8.2e-07,-8.2e-07,<a refstr=YEE_ET_AL__2023 href=https://ui.adsabs.harvard.edu/abs/2023ApJS..265....1Y/abstract target=ref>Yee et al. 2023</a>,18.11371281,0.38110534,-0.35868738,1.616,309.88269682,26.37975778,-22.24798849,Mass,<a refstr=YEE_ET_AL__2023 href=https://ui.adsabs.harvard.edu/abs/2023ApJS..265....1Y/abstract target=ref>Yee et al. 2023</a>,0.975,0.287,0.0,,,2150.0,1893.0,,6280.0,1.245,1.118,-0.105,0.02103960375200406
WASP-119 b,WASP-119,1,1,Transit,2016,2.49979,0.0363,85.0,1e-05,-1e-05,<a refstr=MAXTED_ET_AL__2016 href=https://ui.adsabs.harvard.edu/abs/2016A&A...591A..55M/abstract target=ref>Maxted et al. 2016</a>,15.6926,2.2418,-2.2418,1.4,390.9309,25.4264,-25.4264,Mass,<a refstr=MAXTED_ET_AL__2016 href=https://ui.adsabs.harvard.edu/abs/2016A&A...591A..55M/abstract target=ref>Maxted et al. 2016</a>,1.23,0.7,0.058,,,907.8624,1600.0,G5,5650.0,1.2,1.02,0.14,0.14285714285714285
Kepler-893 b,Kepler-893,1,1,Transit,2016,6.33855761,0.0699,82.42,1.361e-05,-1.361e-05,<a refstr=MORTON_ET_AL__2016 href=https://ui.adsabs.harvard.edu/abs/2016ApJ...822...86M/abstract target=ref>Morton et al. 2016</a>,3.03,0.52,-0.37,0.27031849,9.43,,,M-R relationship,<a refstr=CALCULATED_VALUE href=/docs/pscp_calc.html target=_blank>Calculated Value</a>,0.0297,1.86,0.0,,,266.271,1034.0,,5820.0,0.99,1.0,-0.03,0.17161716171617164
KOI-7913 b,KOI-7913 A,2,1,Transit,2022,24.278553,0.1456,88.62,0.000263,-0.000263,<a refstr=BOUMA_ET_AL_2022 href=https://ui.adsabs.harvard.edu/abs/2022AJ....164..215B/abstract target=ref>Bouma et al. 2022</a>,2.34,0.18,-0.18,0.209,6.08,,,M-R relationship,<a refstr=CALCULATED_VALUE href=/docs/pscp_calc.html target=_blank>Calculated Value</a>,0.0191,2.61,0.0,,,8.27,432.0,K6 V,4324.0,0.788,0.76,-0.06,0.07692307692307693
Kepler-1239 b,Kepler-1239,1,1,Transit,2016,5.19104016,0.0625,89.3,2.643e-05,-2.643e-05,<a refstr=MORTON_ET_AL__2016 href=https://ui.adsabs.harvard.edu/abs/2016ApJ...822...86M/abstract target=ref>Morton et al. 2016</a>,2.9,0.37,-0.31,0.25872067,8.75,,,M-R relationship,<a refstr=CALCULATED_VALUE href=/docs/pscp_calc.html target=_blank>Calculated Value</a>,0.0275,1.97,0.0,,,462.91,1183.0,,6564.0,1.57,1.4,0.22,0.12758620689655173
TOI-2227 b,TOI-2227,1,1,Transit,2026,4.22175815648,,87.52822,2.304409e-05,-2.449727e-05,<a refstr=LAFARGA_ET_AL_2026 href=https://ui.adsabs.harvard.edu/abs/2026MNRAS.548ag512L/abstract target=ref>Lafarga et al. 2026</a>,3.09885187,0.25572292,-0.23281105,0.27646152,9.79,,,M-R relationship,<a refstr=CALCULATED_VALUE href=/docs/pscp_calc.html target=_blank>Calculated Value</a>,0.0308,1.81,,,,933.4062,1539.88,,5889.54,1.20847,1.03,-0.0503,0.0825218276729052
Kepler-789 b,Kepler-789,1,1,Transit,2016,8.63847725,0.0951,89.77,3.071e-05,-3.071e-05,<a refstr=MORTON_ET_AL__2016 href=https://ui.adsabs.harvard.edu/abs/2016ApJ...822...86M/abstract target=ref>Morton et al. 2016</a>,2.12,0.42,-0.23,0.18913373,5.14,,,M-R relationship,<a refstr=CALCULATED_VALUE href=/docs/pscp_calc.html target=_blank>Calculated Value</a>,0.0162,2.96,0.0,,,312.34,1419.0,,5870.0,1.02,1.01,-0.06,0.1981132075471698
K2-279 b,K2-279,1,1,Transit,2018,7.122605,0.067,,0.001647,-0.001601,<a refstr=LIVINGSTON_ET_AL__2018 href=https://ui.adsabs.harvard.edu/abs/2018AJ....156..277L/abstract target=ref>Livingston et al. 2018</a>,1.21,0.14,-0.14,0.10794897,1.92,,,M-R relationship,<a refstr=CALCULATED_VALUE href=/docs/pscp_calc.html target=_blank>Calculated Value</a>,0.00606,5.96,,,,139.1055,879.0,,5558.0,0.86,0.79,-0.37,0.11570247933884299
TOI-262 b,TOI-262,1,1,Transit,2023,11.14529,0.163,89.011,3e-05,-3e-05,<a refstr=ODDO_ET_AL__2023 href=https://ui.adsabs.harvard.edu/abs/2023AJ....165..134O/abstract target=ref>Oddo et al. 2023</a>,2.07,0.15,-0.15,0.18467335,4.94,,,M-R relationship,<a refstr=CALCULATED_VALUE href=/docs/pscp_calc.html target=_blank>Calculated Value</a>,0.0155,3.06,,,,56.9133,584.0,K0 V,5310.0,0.853,0.913,0.26,0.07246376811594203
K2-147 b,K2-147,1,1,Transit,2018,0.961939,0.01575,83.6,2.9e-05,-2.9e-05,<a refstr=THYGESEN_ET_AL__2023 href=https://ui.adsabs.harvard.edu/abs/2023AJ....165..155T/abstract target=ref>Thygesen et al. 2023</a>,1.47286006,0.11096891,-0.09863903,0.1314,2.77,,,M-R relationship,<a refstr=CALCULATED_VALUE href=/docs/pscp_calc.html target=_blank>Calculated Value</a>,0.00872,4.76,0.38,0.26,-0.22,200.1,1077.0,,3690.0,0.578,0.563,-0.02,0.0753424666834947
K2-131 b,K2-131,1,1,Transit,2017,0.3693038,0.00936,85.0,9.1e-06,-9.1e-06,<a refstr=BONOMO_ET_AL_2023 href=https://ui.adsabs.harvard.edu/abs/2023A&A...677A..33B/abstract target=ref>Bonomo et al. 2023</a>,1.69,0.085,-0.058,0.15077196,7.9,1.3,-1.3,Mass,<a refstr=BONOMO_ET_AL_2023 href=https://ui.adsabs.harvard.edu/abs/2023A&A...677A..33B/abstract target=ref>Bonomo et al. 2023</a>,0.02485618,8.8,0.0,,,4070.0,2223.0,,5120.0,0.7595,0.803,-0.04,0.05029585798816569
TOI-2040 b,TOI-2040,1,1,Transit,2026,3.8608576,0.0473,88.48,4.5e-06,-4.4e-06,<a refstr=GUENTHER_ET_AL_2026 href=https://ui.adsabs.harvard.edu/abs/2026AJ....172...54G/abstract target=ref>Guenther et al. 2026</a>,10.32347122,0.25780656,-0.25780656,0.921,248.22398587,11.44182265,-11.44182265,Mass,<a refstr=GUENTHER_ET_AL_2026 href=https://ui.adsabs.harvard.edu/abs/2026AJ....172...54G/abstract target=ref>Guenther et al. 2026</a>,0.781,1.24,0.109,0.021,-0.02,216.0,1070.0,,5132.0,0.87,0.92,0.3,0.02497285598089748
HAT-P-56 b,HAT-P-56,1,1,Transit,2015,2.79083,0.0423,82.13,5e-06,-5e-06,<a refstr=STASSUN_ET_AL__2017 href=https://ui.adsabs.harvard.edu/abs/2017AJ....153..136S/abstract target=ref>Stassun et al. 2017</a>,16.92559,1.23299,-1.23299,1.51,734.1873,139.8452,-139.8452,Mass,<a refstr=STASSUN_ET_AL__2017 href=https://ui.adsabs.harvard.edu/abs/2017AJ....153..136S/abstract target=ref>Stassun et al. 2017</a>,2.31,0.75,0.29,,,3515.0,1840.0,F8,6566.0,1.47,1.42,0.0,0.0728476821192053
HATS-71 b,HATS-71,1,1,Transit,2020,3.7955202,0.03745,88.82,1e-06,-1e-06,<a refstr=BAKOS_ET_AL__2020 href=https://ui.adsabs.harvard.edu/abs/2020AJ....159..267B/abstract target=ref>Bakos et al. 2020</a>,11.478016,0.201762,-0.201762,1.024,117.5971,76.2792,-76.2792,Mass,<a refstr=BAKOS_ET_AL__2020 href=https://ui.adsabs.harvard.edu/abs/2020AJ....159..267B/abstract target=ref>Bakos et al. 2020</a>,0.37,0.42,0.0,,,18.0832,586.8,M3 V,3405.0,0.4783,0.4861,0.17,0.017578125
K2-341 b,K2-341,1,1,Transit,2021,36.552551,,89.32473,0.000127,-0.000122,<a refstr=DE_LEON_ET_AL_2021 href=https://ui.adsabs.harvard.edu/abs/2021MNRAS.508..195D/abstract target=ref>de Leon et al. 2021</a>,3.21,0.25,-0.19,0.28637751,10.4,,,M-R relationship,<a refstr=CALCULATED_VALUE href=/docs/pscp_calc.html target=_blank>Calculated Value</a>,0.0327,1.73,,,,,598.0,,5817.0,1.16,0.98,-0.05,0.0778816199376947
K2-194 b,K2-194,1,1,Transit,2018,39.721386,,89.06529,0.005704,-0.005555,<a refstr=MAYO_ET_AL__2018 href=https://ui.adsabs.harvard.edu/abs/2018AJ....155..136M/abstract target=ref>Mayo et al. 2018</a>,3.64229858,0.61766974,-0.50000005,0.32494411,12.9,,,M-R relationship,<a refstr=CALCULATED_VALUE href=/docs/pscp_calc.html target=_blank>Calculated Value</a>,0.0405,1.47,,,,,,,5979.0,1.281115,1.110086,0.1,0.1695824014515581
TIC 241249530 b,TIC 241249530,2,1,Transit,2024,165.7719,0.641,85.17,0.00027,-0.00028,<a refstr=GUPTA_ET_AL__2024 href=https://www.nature.com/articles/s41586-024-07688-3 target=ref>Gupta et al. 2024</a>,13.29385111,0.41473229,-0.44835923,1.186,1582.78546686,50.85254512,-57.20911326,Mass,<a refstr=GUPTA_ET_AL__2024 href=https://www.nature.com/articles/s41586-024-07688-3 target=ref>Gupta et al. 2024</a>,4.98,3.7,0.9412,0.0009,-0.0009,6.2305,438.94,,6166.0,1.397,1.271,0.09,0.03372681296714177
TOI-5795 b,TOI-5795,1,1,Transit,2025,6.1406325,0.064,88.54,5.4e-06,-5.4e-06,<a refstr=MANNI_ET_AL_2025 href=https://ui.adsabs.harvard.edu/abs/2025A&A...701A.230M/abstract target=ref>Manni et al. 2025</a>,5.62,0.11,-0.11,0.50138368,23.66,4.09,-4.61,Mass,<a refstr=MANNI_ET_AL_2025 href=https://ui.adsabs.harvard.edu/abs/2025A&A...701A.230M/abstract target=ref>Manni et al. 2025</a>,0.07444269,0.73,0.25,,,240.6761,1136.78,G3 V,5715.0,1.082,0.901,-0.27,0.019572953736654804
K2-196 b,K2-196,1,1,Transit,2018,48.324222,,88.27355,0.008457,-0.008716,<a refstr=MAYO_ET_AL__2018 href=https://ui.adsabs.harvard.edu/abs/2018AJ....155..136M/abstract target=ref>Mayo et al. 2018</a>,3.59970536,0.60292183,-0.50268801,0.3211442,12.6,,,M-R relationship,<a refstr=CALCULATED_VALUE href=/docs/pscp_calc.html target=_blank>Calculated Value</a>,0.0397,1.48,,,,,,,6045.0,1.538801,1.162095,0.01,0.16749199440034168
TOI-5599 b,TOI-5599,1,1,Transit,2026,5.43691503941,,87.23046,2.616316e-05,-2.482409e-05,<a refstr=LAFARGA_ET_AL_2026 href=https://ui.adsabs.harvard.edu/abs/2026MNRAS.548ag512L/abstract target=ref>Lafarga et al. 2026</a>,7.1888212,0.57201675,-0.52467258,0.64134477,40.9,,,M-R relationship,<a refstr=CALCULATED_VALUE href=/docs/pscp_calc.html target=_blank>Calculated Value</a>,0.129,0.605,,,,833.218,1496.0,,6137.02,1.91334,1.21,,0.07957031258476703
Kepler-1549 b,Kepler-1549,1,1,Transit,2016,214.886545,0.6687,89.99,0.003111,-0.003111,<a refstr=MORTON_ET_AL__2016 href=https://ui.adsabs.harvard.edu/abs/2016ApJ...822...86M/abstract target=ref>Morton et al. 2016</a>,2.57,0.22,-0.2,0.22928004,7.13,,,M-R relationship,<a refstr=CALCULATED_VALUE href=/docs/pscp_calc.html target=_blank>Calculated Value</a>,0.0224,2.31,0.0,,,1.184,286.0,,5324.0,0.84,0.88,0.02,0.08560311284046693
TOI-1742 b,TOI-1742,1,1,Transit,2024,21.269084,0.154,,5.1e-05,-5.1e-05,<a refstr=POLANSKI_ET_AL__2024 href=https://ui.adsabs.harvard.edu/abs/2024ApJS..272...32P/abstract target=ref>Polanski et al. 2024</a>,2.36507598,0.05691119,-0.051074,0.21099831,9.7,1.9,-1.9,Mass,<a refstr=POLANSKI_ET_AL__2024 href=https://ui.adsabs.harvard.edu/abs/2024ApJS..272...32P/abstract target=ref>Polanski et al. 2024</a>,0.03051961,4.0,0.3,0.1,-0.1,58.618,694.09,,5815.0,1.131,1.0861,0.193,0.024063155045023123
Kepler-1316 b,Kepler-1316,1,1,Transit,2016,87.9732136,0.39765,89.98,0.0005231,-0.0005231,<a refstr=MORTON_ET_AL__2016 href=https://ui.adsabs.harvard.edu/abs/2016ApJ...822...86M/abstract target=ref>Morton et al. 2016</a>,3.54,0.55,-0.38,0.31581765,12.3,,,M-R relationship,<a refstr=CALCULATED_VALUE href=/docs/pscp_calc.html target=_blank>Calculated Value</a>,0.0386,1.52,0.0,,,10.714,446.0,,5884.0,1.12,1.04,0.03,0.1553672316384181
TOI-6954 b,TOI-6954,1,1,Transit,2026,4.02074127419,,88.36018,1.460861e-05,-1.475762e-05,<a refstr=LAFARGA_ET_AL_2026 href=https://ui.adsabs.harvard.edu/abs/2026MNRAS.548ag512L/abstract target=ref>Lafarga et al. 2026</a>,3.63524486,0.31255602,-0.28011794,0.32431538,12.8,,,M-R relationship,<a refstr=CALCULATED_VALUE href=/docs/pscp_calc.html target=_blank>Calculated Value</a>,0.0404,1.46,,,,124.569,930.0,,5170.87,0.947112,0.834,0.03,0.08597935821027473
DS Tuc A b,DS Tuc A,2,1,Transit,2019,8.138268,,89.5,1.1e-05,-1.1e-05,<a refstr=NEWTON_ET_AL__2019 href=https://ui.adsabs.harvard.edu/abs/2019ApJ...880L..17N/abstract target=ref>Newton et al. 2019</a>,5.7,0.17,-0.17,0.50851994,413.179,,,Mass,<a refstr=BENATTI_ET_AL__2019 href=https://ui.adsabs.harvard.edu/abs/2019A&A...630A..81B/abstract target=ref>Benatti et al. 2019</a>,1.3,,0.0,,,317.6063,850.0,G6 V,5428.0,0.964,1.01,0.0,0.029824561403508774
TOI-128.01,TOI-128,1,1,Transit,2024,4.9404681,0.05381019,,,,<a refstr=HORD_ET_AL__2024 href=https://ui.adsabs.harvard.edu/abs/2024AJ....167..233H/abstract target=ref>Hord et al. 2024</a>,2.21898,0.10878,-0.10878,0.19774964,5.56,,,M-R relationship,<a refstr=CALCULATED_VALUE href=/docs/pscp_calc.html target=_blank>Calculated Value</a>,0.0175,2.8,,,,182.406,1344.51,,6086.0,1.13,0.851969,,0.049022523862315114
TOI-2977 b,TOI-2977,1,1,Transit,2023,2.3505614,0.03386,89.19,2.5e-06,-2.5e-06,<a refstr=YEE_ET_AL__2023 href=https://ui.adsabs.harvard.edu/abs/2023ApJS..265....1Y/abstract target=ref>Yee et al. 2023</a>,13.15934334,0.3474784,-0.30264248,1.174,533.95172376,82.63538582,-79.45710175,Mass,<a refstr=YEE_ET_AL__2023 href=https://ui.adsabs.harvard.edu/abs/2023ApJS..265....1Y/abstract target=ref>Yee et al. 2023</a>,1.68,1.28,0.0,,,947.8,1544.0,,5691.0,1.073,0.936,0.013,0.02640545132246698
TOI-209 b,TOI-209,1,1,Transit,2026,4.37943587445,,88.76584,1.723172e-05,-1.72825e-05,<a refstr=LAFARGA_ET_AL_2026 href=https://ui.adsabs.harvard.edu/abs/2026MNRAS.548ag512L/abstract target=ref>Lafarga et al. 2026</a>,2.3947209,0.22229568,-0.19618434,0.21364306,6.32,,,M-R relationship,<a refstr=CALCULATED_VALUE href=/docs/pscp_calc.html target=_blank>Calculated Value</a>,0.0199,2.53,,,,120.936,845.78,,4806.66,0.742779,0.81,,0.0928273854376934
K2-322 b,K2-322,1,1,Transit,2020,8.205,0.0594,88.15,0.003,-0.003,<a refstr=CASTRO_GONZ_AACUTE_LEZ_ET_AL__2020 href=https://ui.adsabs.harvard.edu/abs/2020MNRAS.499.5416C/abstract target=ref>Castro Gonz&aacute;lez et al. 2020</a>,1.92,0.29,-0.18,0.17129093,4.35,,,M-R relationship,<a refstr=CALCULATED_VALUE href=/docs/pscp_calc.html target=_blank>Calculated Value</a>,0.0137,3.38,,,,25.9048,635.0,,4141.0,0.602,0.63,,0.15104166666666666
TOI-4153 b,TOI-4153,1,1,Transit,2024,4.6174141,0.06311,88.75,1.5e-06,-1.5e-06,<a refstr=SCHULTE_ET_AL__2024 href=https://ui.adsabs.harvard.edu/abs/2024AJ....168...32S/abstract target=ref>Schulte et al. 2024</a>,16.11851425,0.50440413,-0.47077719,1.438,365.50266805,57.20911326,-57.20911326,Mass,<a refstr=SCHULTE_ET_AL__2024 href=https://ui.adsabs.harvard.edu/abs/2024AJ....168...32S/abstract target=ref>Schulte et al. 2024</a>,1.15,0.477,0.039,0.047,-0.028,1212.0072,1669.0,,6860.0,1.605,1.572,0.317,0.031293463043592866
TOI-4155 b,TOI-4155,1,1,Transit,2025,3.320729,,88.84,5.8e-05,-5.8e-05,<a refstr=GOMEZ_BARRIENTOS_ET_AL_2025 href=https://ui.adsabs.harvard.edu/abs/2025AJ....170..148G/abstract target=ref>Gomez Barrientos et al. 2025</a>,3.21,0.17,-0.17,0.28637751,10.4,,,M-R relationship,<a refstr=CALCULATED_VALUE href=/docs/pscp_calc.html target=_blank>Calculated Value</a>,0.0327,1.73,,,,586.762,1255.0,,5724.0,0.95,1.16,0.11,0.052959501557632405
HATS-33 b,HATS-33,1,1,Transit,2016,2.5495551,0.03727,87.62,6.1e-06,-6.1e-06,<a refstr=DE_VAL_BORRO_ET_AL__2016 href=https://ui.adsabs.harvard.edu/abs/2016AJ....152..161D/abstract target=ref>de Val-Borro et al. 2016</a>,13.78707,1.255408,-0.907929,1.23,378.85336,16.84499,-16.84499,Mass,<a refstr=DE_VAL_BORRO_ET_AL__2016 href=https://ui.adsabs.harvard.edu/abs/2016AJ....152..161D/abstract target=ref>de Val-Borro et al. 2016</a>,1.192,0.79,0.08,,,757.1284,1429.0,,5659.0,1.022,1.062,0.29,0.0910569105691057
Kepler-805 b,Kepler-805,1,1,Transit,2016,30.8638931,0.19852,85.76,0.0001259,-0.0001259,<a refstr=MORTON_ET_AL__2016 href=https://ui.adsabs.harvard.edu/abs/2016ApJ...822...86M/abstract target=ref>Morton et al. 2016</a>,2.89,0.13,-0.25,0.25782853,8.7,,,M-R relationship,<a refstr=CALCULATED_VALUE href=/docs/pscp_calc.html target=_blank>Calculated Value</a>,0.0274,1.98,0.0,,,86.473,743.0,,6112.0,1.65,1.19,-0.06,0.08650519031141868
Kepler-941 b,Kepler-941,1,1,Transit,2016,17.42395198,0.1311,85.65,8.3e-05,-8.3e-05,<a refstr=MORTON_ET_AL__2016 href=https://ui.adsabs.harvard.edu/abs/2016ApJ...822...86M/abstract target=ref>Morton et al. 2016</a>,3.08,0.35,-0.61,0.2747792,9.69,,,M-R relationship,<a refstr=CALCULATED_VALUE href=/docs/pscp_calc.html target=_blank>Calculated Value</a>,0.0305,1.82,0.0,,,47.032,722.0,,5539.0,0.86,0.89,-0.15,0.19805194805194803
TOI-833 b,TOI-833,1,1,Transit,2022,1.0418777,0.0171,,3.24e-05,-3.24e-05,<a refstr=GIACALONE_ET_AL__2022 href=https://ui.adsabs.harvard.edu/abs/2022AJ....163...99G/abstract target=ref>Giacalone et al. 2022</a>,1.27,0.07,-0.07,0.11330201,2.15,,,M-R relationship,<a refstr=CALCULATED_VALUE href=/docs/pscp_calc.html target=_blank>Calculated Value</a>,0.00678,5.77,,,,270.0682,1118.0,,3920.0,0.6,0.61,,0.05511811023622048
TIC 153919886 b,TIC 153919886,1,1,Transit,2026,2.10510492329,,87.54484,8.63608e-06,-8.92347e-06,<a refstr=LAFARGA_ET_AL_2026 href=https://ui.adsabs.harvard.edu/abs/2026MNRAS.548ag512L/abstract target=ref>Lafarga et al. 2026</a>,2.70601108,0.28201647,-0.23940357,0.24141455,7.78,,,M-R relationship,<a refstr=CALCULATED_VALUE href=/docs/pscp_calc.html target=_blank>Calculated Value</a>,0.0245,2.16,,,,,,,4137.16,0.591697,0.581261,,0.10421852005129262
TOI-6008 b,TOI-6008,1,1,Transit,2024,0.8574347,0.010777,87.2,4.24e-05,-4.24e-05,<a refstr=BARKAOUI_ET_AL_2024 href=https://ui.adsabs.harvard.edu/abs/2024A&A...687A.264B/abstract target=ref>Barkaoui et al. 2024</a>,1.03,0.05,-0.05,0.0918906,4.0,,,Mass,<a refstr=BARKAOUI_ET_AL_2024 href=https://ui.adsabs.harvard.edu/abs/2024A&A...687A.264B/abstract target=ref>Barkaoui et al. 2024</a>,0.01258541,,,,,41.5,707.0,M5.0,3075.0,0.242,0.23,0.3,0.04854368932038835
Kepler-1437 b,Kepler-1437,1,1,Transit,2016,10.9295461,0.0951,89.2,0.0001172,-0.0001172,<a refstr=MORTON_ET_AL__2016 href=https://ui.adsabs.harvard.edu/abs/2016ApJ...822...86M/abstract target=ref>Morton et al. 2016</a>,1.37,0.17,-0.13,0.12222321,2.45,,,M-R relationship,<a refstr=CALCULATED_VALUE href=/docs/pscp_calc.html target=_blank>Calculated Value</a>,0.00771,5.24,0.0,,,83.14,770.0,,5557.0,0.9,0.93,-0.02,0.12408759124087591
K2-377 b,K2-377,1,1,Transit,2022,12.832235,,,0.001554,-0.001616,<a refstr=CHRISTIANSEN_ET_AL_2022 href=https://ui.adsabs.harvard.edu/abs/2022AJ....163..244C/abstract target=ref>Christiansen et al. 2022</a>,1.693,0.146,-0.132,0.1510396,3.51,,,M-R relationship,<a refstr=CALCULATED_VALUE href=/docs/pscp_calc.html target=_blank>Calculated Value</a>,0.011,3.97,,,,,,,4200.0,0.691,0.821,-0.008,0.08623744831659774
Kepler-554 b,Kepler-554,1,1,Transit,2016,1.902208556,0.03022,89.03,4.1e-07,-4.1e-07,<a refstr=MORTON_ET_AL__2016 href=https://ui.adsabs.harvard.edu/abs/2016ApJ...822...86M/abstract target=ref>Morton et al. 2016</a>,4.29,0.27,-0.21,0.38272816,17.0,,,M-R relationship,<a refstr=CALCULATED_VALUE href=/docs/pscp_calc.html target=_blank>Calculated Value</a>,0.0535,1.18,0.0,,,877.945,1346.0,,5447.0,0.92,0.93,0.14,0.06293706293706294
Kepler-1287 b,Kepler-1287,1,1,Transit,2016,11.47685909,0.0976,89.87,6.466e-05,-6.466e-05,<a refstr=MORTON_ET_AL__2016 href=https://ui.adsabs.harvard.edu/abs/2016ApJ...822...86M/abstract target=ref>Morton et al. 2016</a>,1.54,0.22,-0.13,0.1373896,2.99,,,M-R relationship,<a refstr=CALCULATED_VALUE href=/docs/pscp_calc.html target=_blank>Calculated Value</a>,0.0094,4.5,0.0,,,78.156,796.0,,5715.0,0.94,0.96,-0.05,0.14285714285714285
Kepler-646 b,Kepler-646,1,1,Transit,2016,15.87364565,0.11251,89.3,4.3e-05,-4.3e-05,<a refstr=MORTON_ET_AL__2016 href=https://ui.adsabs.harvard.edu/abs/2016ApJ...822...86M/abstract target=ref>Morton et al. 2016</a>,1.99,0.37,-0.19,0.17753591,4.62,,,M-R relationship,<a refstr=CALCULATED_VALUE href=/docs/pscp_calc.html target=_blank>Calculated Value</a>,0.0145,3.22,0.0,,,38.229,632.0,,5634.0,0.91,0.93,-0.07,0.18592964824120603
Kepler-508 b,Kepler-508,1,1,Transit,2016,25.30889748,0.17274,87.81,5.747e-05,-5.747e-05,<a refstr=MORTON_ET_AL__2016 href=https://ui.adsabs.harvard.edu/abs/2016ApJ...822...86M/abstract target=ref>Morton et al. 2016</a>,1.64,0.26,-0.19,0.146311,3.33,,,M-R relationship,<a refstr=CALCULATED_VALUE href=/docs/pscp_calc.html target=_blank>Calculated Value</a>,0.0105,4.15,0.0,,,60.372,710.0,,6025.0,1.25,1.16,0.18,0.15853658536585366
HN Peg b,HN Peg,1,1,Imaging,2006,,773.0,,,,,11.7768,1.52663,-0.65427,1.05066,6991.57,2996.39,-2996.39,Mass,<a refstr=LUHMAN_ET_AL__2007 href=https://ui.adsabs.harvard.edu/abs/2007ApJ...654..570L/abstract target=ref> Luhman et al. 2007 </a>,21.9987,23.5,,,,0.0,10.77,G0 V,6186.0,1.006954,1.08,-0.036,0.12963029006181645
TOI-3160 A b,TOI-3160 A,2,1,Transit,2025,3.971281,0.0505,84.63,2.5e-06,-2.5e-06,<a refstr=YEE_ET_AL_2025 href=https://ui.adsabs.harvard.edu/abs/2025ApJS..280...30Y/abstract target=ref>Yee et al. 2025</a>,13.7646283,0.51561311,-0.50440413,1.228,378.21580433,50.85254512,-47.67426105,Mass,<a refstr=YEE_ET_AL_2025 href=https://ui.adsabs.harvard.edu/abs/2025ApJS..280...30Y/abstract target=ref>Yee et al. 2025</a>,1.19,0.79,0.18,,,933.0,1539.0,,6190.0,1.346,1.088,-0.114,0.037459283226703624
Kepler-1333 b,Kepler-1333,1,1,Transit,2016,109.6471842,0.4382,89.45,0.0007077,-0.0007077,<a refstr=MORTON_ET_AL__2016 href=https://ui.adsabs.harvard.edu/abs/2016ApJ...822...86M/abstract target=ref>Morton et al. 2016</a>,2.81,0.4,-0.25,0.25069141,8.3,,,M-R relationship,<a refstr=CALCULATED_VALUE href=/docs/pscp_calc.html target=_blank>Calculated Value</a>,0.0261,2.06,0.0,,,3.298,428.0,,5628.0,0.92,0.94,-0.04,0.1423487544483986
Kepler-577 b,Kepler-577,1,1,Transit,2016,25.69578251,0.1348,88.97,6.32e-05,-6.32e-05,<a refstr=MORTON_ET_AL__2016 href=https://ui.adsabs.harvard.edu/abs/2016ApJ...822...86M/abstract target=ref>Morton et al. 2016</a>,2.55,0.38,-0.15,0.22749576,7.04,,,M-R relationship,<a refstr=CALCULATED_VALUE href=/docs/pscp_calc.html target=_blank>Calculated Value</a>,0.0221,2.33,0.0,,,5.688,314.0,,4984.0,0.73,0.78,-0.14,0.14901960784313728
Kepler-44 b,Kepler-44,1,1,Transit,2011,3.2467293,0.0446,84.96,3e-06,-3e-06,<a refstr=BONOMO_ET_AL__2015 href=https://ui.adsabs.harvard.edu/abs/2015A&A...575A..85B/abstract target=ref>Bonomo et al. 2015</a>,12.22,0.78,-0.78,1.09,317.82,31.78,-31.78,Mass,<a refstr=BONOMO_ET_AL__2015 href=https://ui.adsabs.harvard.edu/abs/2015A&A...575A..85B/abstract target=ref>Bonomo et al. 2015</a>,1.0,0.93,0.066,,,1109.223,1544.0,G2 IV,5800.0,1.35,1.12,0.15,0.06382978723404255
Kepler-1228 b,Kepler-1228,1,1,Transit,2016,0.577369579,0.01186,89.56,4.09e-07,-4.09e-07,<a refstr=MORTON_ET_AL__2016 href=https://ui.adsabs.harvard.edu/abs/2016ApJ...822...86M/abstract target=ref>Morton et al. 2016</a>,1.54,0.11,-0.14,0.1373896,2.99,,,M-R relationship,<a refstr=CALCULATED_VALUE href=/docs/pscp_calc.html target=_blank>Calculated Value</a>,0.0094,4.5,0.0,,,1598.664,1757.0,,5063.0,0.74,0.78,-0.18,0.09090909090909091
TOI-5786 b,TOI-5786,2,1,Transit,2025,12.779107,0.114,88.9,1.5e-05,-1.5e-05,<a refstr=THOMAS_ET_AL_2025 href=https://ui.adsabs.harvard.edu/abs/2025A&A...694A.143T/abstract target=ref>Thomas et al. 2025</a>,8.54,0.13,-0.13,0.76188908,73.0,9.0,-9.0,Mass,<a refstr=THOMAS_ET_AL_2025 href=https://ui.adsabs.harvard.edu/abs/2025A&A...694A.143T/abstract target=ref>Thomas et al. 2025</a>,0.22968369,0.64,,,,374.462,1040.0,,6235.0,1.36,1.23,0.08,0.015222482435597191
Kepler-548 b,Kepler-548,1,1,Transit,2016,4.454194338,0.0495,88.16,3.83e-07,-3.83e-07,<a refstr=MORTON_ET_AL__2016 href=https://ui.adsabs.harvard.edu/abs/2016ApJ...822...86M/abstract target=ref>Morton et al. 2016</a>,11.99,2.19,-1.1,1.06967615,,,,Msini,<a refstr=MORTON_ET_AL__2016 href=https://ui.adsabs.harvard.edu/abs/2016ApJ...822...86M/abstract target=ref>Morton et al. 2016</a>,,,0.0,,,237.035,1017.0,,5535.0,0.9,0.93,0.0,0.18265221017514593
Kepler-1460 b,Kepler-1460,1,1,Transit,2016,29.9633247,0.1614,89.04,0.0002186,-0.0002186,<a refstr=MORTON_ET_AL__2016 href=https://ui.adsabs.harvard.edu/abs/2016ApJ...822...86M/abstract target=ref>Morton et al. 2016</a>,1.96,0.14,-0.13,0.17485949,4.5,,,M-R relationship,<a refstr=CALCULATED_VALUE href=/docs/pscp_calc.html target=_blank>Calculated Value</a>,0.0142,3.28,0.0,,,5.469,391.0,,4422.0,0.67,0.7,-0.02,0.07142857142857144
WASP-138 b,WASP-138,1,1,Transit,2016,3.634433,0.0494,88.5,5e-06,-5e-06,<a refstr=LAM_ET_AL__2017 href=https://ui.adsabs.harvard.edu/abs/2017A&A...599A...3L/abstract target=ref>Lam et al. 2017</a>,12.21781,0.56045,-0.56045,1.09,387.7526,25.4264,-25.4264,Mass,<a refstr=LAM_ET_AL__2017 href=https://ui.adsabs.harvard.edu/abs/2017A&A...599A...3L/abstract target=ref>Lam et al. 2017</a>,1.22,1.2,,,,1133.73,1590.0,,6272.0,1.36,1.22,-0.09,0.045871559633027525
TOI-5181 A b,TOI-5181 A,2,1,Transit,2025,3.8922295,0.0522,83.68,2.3e-06,-2.3e-06,<a refstr=YEE_ET_AL_2025 href=https://ui.adsabs.harvard.edu/abs/2025ApJS..280...30Y/abstract target=ref>Yee et al. 2025</a>,13.34989601,0.44835923,-0.42594127,1.191,330.54154328,54.03082919,-54.03082919,Mass,<a refstr=YEE_ET_AL_2025 href=https://ui.adsabs.harvard.edu/abs/2025ApJS..280...30Y/abstract target=ref>Yee et al. 2025</a>,1.04,0.76,0.15,,,1053.0,1585.0,,6060.0,1.53,1.25,0.208,0.03358522266122131
Kepler-599 b,Kepler-599,1,1,Transit,2016,15.65562652,0.1128,89.42,3.161e-05,-3.161e-05,<a refstr=MORTON_ET_AL__2016 href=https://ui.adsabs.harvard.edu/abs/2016ApJ...822...86M/abstract target=ref>Morton et al. 2016</a>,2.84,0.15,-0.32,0.25336783,8.45,,,M-R relationship,<a refstr=CALCULATED_VALUE href=/docs/pscp_calc.html target=_blank>Calculated Value</a>,0.0266,2.03,0.0,,,24.467,623.0,,5127.0,0.79,0.83,-0.02,0.11267605633802817
EPIC 246851721 b,EPIC 246851721,2,1,Transit,2018,6.180235,0.07229,86.21,1.4e-05,-1.4e-05,<a refstr=YU_ET_AL__2018 href=https://ui.adsabs.harvard.edu/abs/2018AJ....156..250Y/abstract target=ref>Yu et al. 2018</a>,11.780659,0.493196,-0.493196,1.051,953.49,349.613,-381.396,Mass,<a refstr=YU_ET_AL__2018 href=https://ui.adsabs.harvard.edu/abs/2018AJ....156..250Y/abstract target=ref>Yu et al. 2018</a>,3.0,3.1,,,,642.0,1401.0,F5 V,6202.0,1.586,1.317,0.141,0.04186489058039962
Kepler-1218 b,Kepler-1218,1,1,Transit,2016,22.9221266,0.15698,88.01,0.0002337,-0.0002337,<a refstr=MORTON_ET_AL__2016 href=https://ui.adsabs.harvard.edu/abs/2016ApJ...822...86M/abstract target=ref>Morton et al. 2016</a>,1.44,0.15,-0.14,0.1284682,2.67,,,M-R relationship,<a refstr=CALCULATED_VALUE href=/docs/pscp_calc.html target=_blank>Calculated Value</a>,0.00839,4.91,0.0,,,84.83,684.0,,5986.0,1.1,1.06,-0.02,0.10416666666666667
Kepler-782 b,Kepler-782,1,1,Transit,2016,158.6853308,0.54494,89.98,0.0004373,-0.0004373,<a refstr=MORTON_ET_AL__2016 href=https://ui.adsabs.harvard.edu/abs/2016ApJ...822...86M/abstract target=ref>Morton et al. 2016</a>,3.21,0.47,-0.3,0.28637702,10.4,,,M-R relationship,<a refstr=CALCULATED_VALUE href=/docs/pscp_calc.html target=_blank>Calculated Value</a>,0.0327,1.73,0.0,,,3.987,350.0,,5867.0,1.01,0.98,-0.14,0.14641744548286603
Kepler-987 b,Kepler-987,1,1,Transit,2016,105.3033148,0.4238,89.99,0.0004783,-0.0004783,<a refstr=MORTON_ET_AL__2016 href=https://ui.adsabs.harvard.edu/abs/2016ApJ...822...86M/abstract target=ref>Morton et al. 2016</a>,3.26,0.16,-0.12,0.29083772,10.7,,,M-R relationship,<a refstr=CALCULATED_VALUE href=/docs/pscp_calc.html target=_blank>Calculated Value</a>,0.0336,1.7,0.0,,,3.853,351.0,,5637.0,0.91,0.97,0.01,0.049079754601226995
TOI-2120 b,TOI-2120,1,1,Transit,2024,5.7998164,0.0377,88.67,3.5e-06,-3.5e-06,<a refstr=HORI_ET_AL_2024 href=https://ui.adsabs.harvard.edu/abs/2024AJ....167..289H/abstract target=ref>Hori et al. 2024</a>,2.122,0.065,-0.065,0.18931249,6.8,,,Mass,<a refstr=HORI_ET_AL_2024 href=https://ui.adsabs.harvard.edu/abs/2024AJ....167..289H/abstract target=ref>Hori et al. 2024</a>,0.02139519,,0.32,0.08,-0.08,3.61,384.0,,3131.0,0.245,0.211,0.39,0.030631479736098022
Kepler-734 b,Kepler-734,1,1,Transit,2016,6.104852856,0.0583,89.78,2.894e-06,-2.894e-06,<a refstr=MORTON_ET_AL__2016 href=https://ui.adsabs.harvard.edu/abs/2016ApJ...822...86M/abstract target=ref>Morton et al. 2016</a>,3.56,0.14,-0.13,0.31760193,12.4,,,M-R relationship,<a refstr=CALCULATED_VALUE href=/docs/pscp_calc.html target=_blank>Calculated Value</a>,0.039,1.51,0.0,,,89.25,784.0,,5326.0,0.78,0.85,-0.17,0.03932584269662922
Kepler-514 b,Kepler-514,2,1,Transit,2016,5.65179605,0.06559,81.85,1.087e-05,-1.087e-05,<a refstr=MORTON_ET_AL__2016 href=https://ui.adsabs.harvard.edu/abs/2016ApJ...822...86M/abstract target=ref>Morton et al. 2016</a>,1.72,0.28,-0.19,0.15344812,3.61,,,M-R relationship,<a refstr=CALCULATED_VALUE href=/docs/pscp_calc.html target=_blank>Calculated Value</a>,0.0113,3.9,0.0,,,506.412,1248.0,,6106.0,1.44,1.28,0.36,0.16279069767441862
Kepler-1456 b,Kepler-1456,1,1,Transit,2016,18.1373829,0.1132,86.12,0.0001854,-0.0001854,<a refstr=MORTON_ET_AL__2016 href=https://ui.adsabs.harvard.edu/abs/2016ApJ...822...86M/abstract target=ref>Morton et al. 2016</a>,1.14,0.09,-0.15,0.10170399,1.55,,,M-R relationship,<a refstr=CALCULATED_VALUE href=/docs/pscp_calc.html target=_blank>Calculated Value</a>,0.00489,5.75,0.0,,,8.234,433.0,,4231.0,0.62,0.64,-0.09,0.13157894736842105
TOI-1411 b,TOI-1411,1,1,Transit,2022,1.4520527,0.02122,,1.7e-06,-1.7e-06,<a refstr=POLANSKI_ET_AL__2024 href=https://ui.adsabs.harvard.edu/abs/2024ApJS..272...32P/abstract target=ref>Polanski et al. 2024</a>,1.19880592,0.04935874,-0.04474058,0.10695049,2.0,1.2,-1.1,Mass,<a refstr=POLANSKI_ET_AL__2024 href=https://ui.adsabs.harvard.edu/abs/2024ApJS..272...32P/abstract target=ref>Polanski et al. 2024</a>,0.0062927,6.36,0.0,,,266.85,976.4,,4115.0,0.614,0.6045,0.012,0.041173253465414984
Kepler-1614 b,Kepler-1614,1,1,Transit,2016,3.9466141,0.0471,88.54,3.022e-05,-3.022e-05,<a refstr=MORTON_ET_AL__2016 href=https://ui.adsabs.harvard.edu/abs/2016ApJ...822...86M/abstract target=ref>Morton et al. 2016</a>,1.49,0.12,-0.15,0.1329289,2.83,,,M-R relationship,<a refstr=CALCULATED_VALUE href=/docs/pscp_calc.html target=_blank>Calculated Value</a>,0.00889,4.7,0.0,,,276.373,981.0,,5121.0,0.76,0.79,-0.17,0.10067114093959731
Kepler-652 b,Kepler-652,1,1,Transit,2016,4.182002531,0.04958,89.94,1.716e-06,-1.716e-06,<a refstr=MORTON_ET_AL__2016 href=https://ui.adsabs.harvard.edu/abs/2016ApJ...822...86M/abstract target=ref>Morton et al. 2016</a>,2.49,0.06,-0.05,0.22214292,6.76,,,M-R relationship,<a refstr=CALCULATED_VALUE href=/docs/pscp_calc.html target=_blank>Calculated Value</a>,0.0213,2.41,0.0,,,211.884,974.0,,5490.0,0.88,0.97,0.17,0.024096385542168672
TOI-332 b,TOI-332,1,1,Transit,2023,0.777038,0.0159,86.4,1e-06,-1e-06,<a refstr=OSBORN_ET_AL_2023 href=https://ui.adsabs.harvard.edu/abs/2023MNRAS.526..548O/abstract target=ref>Osborn et al. 2023</a>,3.2,0.16,-0.11,0.28548537,57.2,1.6,-1.6,Mass,<a refstr=OSBORN_ET_AL_2023 href=https://ui.adsabs.harvard.edu/abs/2023MNRAS.526..548O/abstract target=ref>Osborn et al. 2023</a>,0.17997133,9.6,0.0,,,4180.32,1871.0,K0 V,5251.0,0.87,0.88,0.256,0.049999999999999996
K2-380 b,K2-380,1,1,Transit,2022,9.401312,,,0.000469,-0.000506,<a refstr=CHRISTIANSEN_ET_AL_2022 href=https://ui.adsabs.harvard.edu/abs/2022AJ....163..244C/abstract target=ref>Christiansen et al. 2022</a>,2.729,0.186,-0.176,0.24346549,7.89,,,M-R relationship,<a refstr=CALCULATED_VALUE href=/docs/pscp_calc.html target=_blank>Calculated Value</a>,0.0248,2.13,,,,,,,5911.0,1.32,0.993,-0.049,0.06815683400513008
Kepler-785 b,Kepler-785,1,1,Transit,2016,1.973760926,0.025,87.9,9.7e-08,-9.7e-08,<a refstr=MORTON_ET_AL__2016 href=https://ui.adsabs.harvard.edu/abs/2016ApJ...822...86M/abstract target=ref>Morton et al. 2016</a>,13.02,0.44,-0.53,1.1615666,,,,Msini,<a refstr=MORTON_ET_AL__2016 href=https://ui.adsabs.harvard.edu/abs/2016ApJ...822...86M/abstract target=ref>Morton et al. 2016</a>,,,0.0,,,163.862,753.0,,4739.0,0.71,0.77,-0.02,0.04070660522273426
NGTS-12 b,NGTS-12,1,1,Transit,2020,7.532806,0.0757,88.9,4.8e-05,-4.8e-05,<a refstr=BRYANT_ET_AL_2020 href=https://ui.adsabs.harvard.edu/abs/2020MNRAS.499.3139B/abstract target=ref>Bryant et al. 2020</a>,11.747032,0.358688,-0.358688,1.048,66.10864,6.99226,-6.99226,Mass,<a refstr=BRYANT_ET_AL_2020 href=https://ui.adsabs.harvard.edu/abs/2020MNRAS.499.3139B/abstract target=ref>Bryant et al. 2020</a>,0.208,0.223,0.0,,,416.0,1257.0,G,5690.0,1.589,1.021,-0.03,0.030534351145038167
Kepler-1240 b,Kepler-1240,1,1,Transit,2016,4.8663815,0.05791,89.38,2.513e-05,-2.513e-05,<a refstr=MORTON_ET_AL__2016 href=https://ui.adsabs.harvard.edu/abs/2016ApJ...822...86M/abstract target=ref>Morton et al. 2016</a>,1.15,0.2,-0.1,0.10259613,1.6,,,M-R relationship,<a refstr=CALCULATED_VALUE href=/docs/pscp_calc.html target=_blank>Calculated Value</a>,0.00505,5.78,0.0,,,539.129,1121.0,,5682.0,0.96,0.98,0.04,0.1739130434782609
TOI-2379 b,TOI-2379,1,1,Transit,2024,5.4693827,0.05263,88.85,2.3e-06,-2.3e-06,<a refstr=BRYANT_ET_AL__2024 href=https://ui.adsabs.harvard.edu/abs/2024MNRAS.533.3893B/abstract target=ref>Bryant et al. 2024</a>,11.72459381,0.25780656,-0.25780656,1.046,1830.69162432,63.5656814,-63.5656814,Mass,<a refstr=BRYANT_ET_AL__2024 href=https://ui.adsabs.harvard.edu/abs/2024MNRAS.533.3893B/abstract target=ref>Bryant et al. 2024</a>,5.76,6.21,0.342,0.0039,-0.0039,25.3,624.0,,3707.0,0.622,0.645,0.501,0.02198852806142544
Kepler-657 b,Kepler-657,1,1,Transit,2016,24.54350418,0.17337,89.91,6.435e-05,-6.435e-05,<a refstr=MORTON_ET_AL__2016 href=https://ui.adsabs.harvard.edu/abs/2016ApJ...822...86M/abstract target=ref>Morton et al. 2016</a>,3.52,0.69,-0.32,0.31403337,12.2,,,M-R relationship,<a refstr=CALCULATED_VALUE href=/docs/pscp_calc.html target=_blank>Calculated Value</a>,0.0383,1.54,0.0,,,62.2,616.0,,5808.0,1.01,1.01,0.03,0.19602272727272727
TOI-2580 b,TOI-2580,1,1,Transit,2024,3.39775,0.048,,2e-06,-2e-06,<a refstr=EHRHARDT_ET_AL__2024 href=https://ui.adsabs.harvard.edu/abs/2024A&A...692A.220E/abstract target=ref>Ehrhardt et al. 2024</a>,17.37392009,0.56044903,-0.56044903,1.55,200.23189641,25.42627256,-25.42627256,Mass,<a refstr=EHRHARDT_ET_AL__2024 href=https://ui.adsabs.harvard.edu/abs/2024A&A...692A.220E/abstract target=ref>Ehrhardt et al. 2024</a>,0.63,0.22,0.08,0.04,-0.04,1730.0,2410.0,F,6120.0,1.81,1.33,0.26,0.03225806421905789
Kepler-1000 b,Kepler-1000,1,1,Transit,2016,120.0181272,0.5326,89.5,0.0003628,-0.0003628,<a refstr=MORTON_ET_AL__2016 href=https://ui.adsabs.harvard.edu/abs/2016ApJ...822...86M/abstract target=ref>Morton et al. 2016</a>,4.76,0.34,-0.31,0.42465876,20.3,,,M-R relationship,<a refstr=CALCULATED_VALUE href=/docs/pscp_calc.html target=_blank>Calculated Value</a>,0.0639,1.03,0.0,,,18.0,473.0,,6453.0,1.51,1.4,0.35,0.07142857142857144
TOI-2088 b,TOI-2088,1,1,Transit,2024,124.72997,0.472,,0.00065,-0.00065,<a refstr=POLANSKI_ET_AL__2024 href=https://ui.adsabs.harvard.edu/abs/2024ApJS..272...32P/abstract target=ref>Polanski et al. 2024</a>,3.6831179,0.19277867,-0.14072298,0.32858634,37.0,,,Mass,<a refstr=POLANSKI_ET_AL__2024 href=https://ui.adsabs.harvard.edu/abs/2024ApJS..272...32P/abstract target=ref>Polanski et al. 2024</a>,0.11641502,2.0,0.0,,,1.7338,300.33,,5081.0,0.8481,0.9027,0.339,0.052341161818360474
TOI-1846 b,TOI-1846,1,1,Transit,2025,3.9306737,0.03646,88.65,4.2e-06,-4.4e-06,<a refstr=SOUBKIOU_ET_AL_2025 href=https://ui.adsabs.harvard.edu/abs/2025MNRAS.541.3249S/abstract target=ref>Soubkiou et al. 2025</a>,1.792,0.065,-0.068,0.15987181,3.87,,,M-R relationship,<a refstr=CALCULATED_VALUE href=/docs/pscp_calc.html target=_blank>Calculated Value</a>,0.0122,3.7,,,,17.35,568.1,,3568.0,0.397,0.418,0.169,0.037946428571428575
TIC 365102760 b,TIC 365102760,1,1,Transit,2024,4.21285367,0.0622,,7.4e-07,-7.4e-07,<a refstr=GRUNBLATT_ET_AL__2024 href=https://ui.adsabs.harvard.edu/abs/2024AJ....168....1G/abstract target=ref>Grunblatt et al. 2024</a>,6.21,0.76,-0.76,0.55402005,19.2,4.2,-4.2,Mass,<a refstr=GRUNBLATT_ET_AL__2024 href=https://ui.adsabs.harvard.edu/abs/2024AJ....168....1G/abstract target=ref>Grunblatt et al. 2024</a>,0.06040996,0.437,0.406,,,1316.4951,1676.12,,4900.0,3.13,1.17,0.09,0.12238325281803543
Kepler-1153 b,Kepler-1153,1,1,Transit,2016,1.755835327,0.0277,75.45,4.385e-06,-4.385e-06,<a refstr=MORTON_ET_AL__2016 href=https://ui.adsabs.harvard.edu/abs/2016ApJ...822...86M/abstract target=ref>Morton et al. 2016</a>,1.73,0.21,-0.11,0.15434026,3.64,,,M-R relationship,<a refstr=CALCULATED_VALUE href=/docs/pscp_calc.html target=_blank>Calculated Value</a>,0.0115,3.86,0.0,,,761.808,1343.0,,5470.0,0.88,0.91,0.03,0.12138728323699421
K2-332 b,K2-332,1,1,Transit,2021,17.70632,,,6.3e-05,-6.3e-05,<a refstr=DE_LEON_ET_AL_2021 href=https://ui.adsabs.harvard.edu/abs/2021MNRAS.508..195D/abstract target=ref>de Leon et al. 2021</a>,2.2,0.19,-0.15,0.19627119,5.48,,,M-R relationship,<a refstr=CALCULATED_VALUE href=/docs/pscp_calc.html target=_blank>Calculated Value</a>,0.0172,2.83,,,,,266.0,,3315.0,0.28,0.27,0.09,0.08636363636363635
Kepler-945 b,Kepler-945,1,1,Transit,2016,31.0033814,0.2037,89.81,0.0002081,-0.0002081,<a refstr=MORTON_ET_AL__2016 href=https://ui.adsabs.harvard.edu/abs/2016ApJ...822...86M/abstract target=ref>Morton et al. 2016</a>,2.63,0.47,-0.25,0.23463288,7.41,,,M-R relationship,<a refstr=CALCULATED_VALUE href=/docs/pscp_calc.html target=_blank>Calculated Value</a>,0.0233,2.24,0.0,,,31.702,616.0,,5718.0,0.97,0.97,-0.01,0.17870722433460076
Kepler-1447 b,Kepler-1447,1,1,Transit,2016,56.6747285,0.2836,89.44,0.0003978,-0.0003978,<a refstr=MORTON_ET_AL__2016 href=https://ui.adsabs.harvard.edu/abs/2016ApJ...822...86M/abstract target=ref>Morton et al. 2016</a>,2.9,0.5,-0.24,0.25872067,8.75,,,M-R relationship,<a refstr=CALCULATED_VALUE href=/docs/pscp_calc.html target=_blank>Calculated Value</a>,0.0275,1.97,0.0,,,10.349,522.0,,5722.0,0.95,0.97,-0.03,0.1724137931034483
TOI-2529 b,TOI-2529,1,1,Transit,2024,64.5949,0.327,,0.0003,-0.0003,<a refstr=JONES_ET_AL__2024 href=https://ui.adsabs.harvard.edu/abs/2024A&A...683A.192J/abstract target=ref>Jones et al. 2024</a>,11.54525012,0.56044903,-0.56044903,1.03,743.71847238,62.61219618,-61.97653937,Mass,<a refstr=JONES_ET_AL__2024 href=https://ui.adsabs.harvard.edu/abs/2024A&A...683A.192J/abstract target=ref>Jones et al. 2024</a>,2.34,2.66,0.021,0.024,-0.015,70.9731,636.0,,5802.0,1.7,1.11,0.1,0.04854368889151446
Kepler-1215 b,Kepler-1215,1,1,Transit,2016,4.76703963,0.0528,89.76,2.3e-05,-2.3e-05,<a refstr=MORTON_ET_AL__2016 href=https://ui.adsabs.harvard.edu/abs/2016ApJ...822...86M/abstract target=ref>Morton et al. 2016</a>,1.22,0.18,-0.12,0.10884111,1.98,,,M-R relationship,<a refstr=CALCULATED_VALUE href=/docs/pscp_calc.html target=_blank>Calculated Value</a>,0.00624,5.99,0.0,,,253.964,1046.0,,5616.0,0.93,0.95,0.01,0.14754098360655737
Kepler-1424 b,Kepler-1424,1,1,Transit,2016,29.6091744,0.19068,82.54,0.0003002,-0.0003002,<a refstr=MORTON_ET_AL__2016 href=https://ui.adsabs.harvard.edu/abs/2016ApJ...822...86M/abstract target=ref>Morton et al. 2016</a>,1.16,0.16,-0.12,0.10348827,1.65,,,M-R relationship,<a refstr=CALCULATED_VALUE href=/docs/pscp_calc.html target=_blank>Calculated Value</a>,0.00521,5.81,0.0,,,58.6,629.0,,5838.0,1.07,1.02,0.01,0.13793103448275865
Kepler-776 b,Kepler-776,1,1,Transit,2016,4.89718784,0.0523,87.63,1.969e-05,-1.969e-05,<a refstr=MORTON_ET_AL__2016 href=https://ui.adsabs.harvard.edu/abs/2016ApJ...822...86M/abstract target=ref>Morton et al. 2016</a>,1.28,0.11,-0.07,0.11419395,2.18,,,M-R relationship,<a refstr=CALCULATED_VALUE href=/docs/pscp_calc.html target=_blank>Calculated Value</a>,0.00687,5.71,0.0,,,135.082,904.0,,5071.0,0.78,0.83,0.05,0.0859375
TOI-3288 b,TOI-3288,2,1,Transit,2025,1.4338647,0.02285,89.0,3e-07,-3e-07,<a refstr=DRANSFIELD_ET_AL_2026 href=https://ui.adsabs.harvard.edu/abs/2026MNRAS.547ag448D/abstract target=ref>Dransfield et al. 2026</a>,12.24020692,0.36989636,-0.36989636,1.092,536.17652261,36.2324384,-34.64329636,Mass,<a refstr=DRANSFIELD_ET_AL_2026 href=https://ui.adsabs.harvard.edu/abs/2026MNRAS.547ag448D/abstract target=ref>Dransfield et al. 2026</a>,1.687,1.6,0.021,0.026,-0.015,213.8,973.0,M0&plusmn;0.5,4072.0,0.672,0.643,0.65,0.030219779977379662
Kepler-1420 b,Kepler-1420,1,1,Transit,2016,6.69960006,0.0671,90.0,4.5e-05,-4.5e-05,<a refstr=MORTON_ET_AL__2016 href=https://ui.adsabs.harvard.edu/abs/2016ApJ...822...86M/abstract target=ref>Morton et al. 2016</a>,1.28,0.14,-0.12,0.11419395,2.18,,,M-R relationship,<a refstr=CALCULATED_VALUE href=/docs/pscp_calc.html target=_blank>Calculated Value</a>,0.00687,5.71,0.0,,,131.526,806.0,,5187.0,0.79,0.82,-0.1,0.10937500000000001
K2-333 b,K2-333,1,1,Transit,2021,14.759287,,89.35,0.000243,-0.00024,<a refstr=DE_LEON_ET_AL_2021 href=https://ui.adsabs.harvard.edu/abs/2021MNRAS.508..195D/abstract target=ref>de Leon et al. 2021</a>,6.18,0.28,-0.25,0.55134362,31.6,,,M-R relationship,<a refstr=CALCULATED_VALUE href=/docs/pscp_calc.html target=_blank>Calculated Value</a>,0.0995,0.736,,,,102.1266,826.0,,5880.0,1.22,1.06,0.07,0.045307443365695796
Kepler-947 b,Kepler-947,1,1,Transit,2016,26.9644317,0.1773,89.99,0.000157,-0.000157,<a refstr=MORTON_ET_AL__2016 href=https://ui.adsabs.harvard.edu/abs/2016ApJ...822...86M/abstract target=ref>Morton et al. 2016</a>,2.28,0.23,-0.23,0.20340798,5.82,,,M-R relationship,<a refstr=CALCULATED_VALUE href=/docs/pscp_calc.html target=_blank>Calculated Value</a>,0.0183,2.7,0.0,,,51.95,573.0,,5508.0,0.87,0.9,-0.07,0.10087719298245615
Kepler-689 b,Kepler-689,1,1,Transit,2016,22.36656079,0.1449,89.26,9.811e-05,-9.811e-05,<a refstr=MORTON_ET_AL__2016 href=https://ui.adsabs.harvard.edu/abs/2016ApJ...822...86M/abstract target=ref>Morton et al. 2016</a>,2.89,0.35,-0.23,0.25782853,8.7,,,M-R relationship,<a refstr=CALCULATED_VALUE href=/docs/pscp_calc.html target=_blank>Calculated Value</a>,0.0274,1.98,0.0,,,35.337,536.0,,5518.0,0.88,0.91,-0.01,0.12110726643598614
Kepler-423 b,Kepler-423,1,1,Transit,2014,2.6843285,0.03585,87.828,7e-08,-7e-08,<a refstr=GANDOLFI_ET_AL__2015 href=https://ui.adsabs.harvard.edu/abs/2015A&A...576A..11G/abstract target=ref>Gandolfi et al. 2015</a>,13.361,0.583,-0.583,1.192,189.101,25.743,-25.743,Mass,<a refstr=GANDOLFI_ET_AL__2015 href=https://ui.adsabs.harvard.edu/abs/2015A&A...576A..11G/abstract target=ref>Gandolfi et al. 2015</a>,0.595,0.459,0.019,0.028,-0.014,649.148,1605.0,G4 V,5560.0,0.95,0.85,-0.1,0.043634458498615365
K2-66 b,K2-66,1,1,Transit,2016,5.06963,0.05983,86.6,0.00081,-0.00081,<a refstr=SINUKOFF_ET_AL__2017 href=https://ui.adsabs.harvard.edu/abs/2017AJ....153..271S/abstract target=ref>Sinukoff et al. 2017</a>,2.49,0.34,-0.24,0.22214292,21.3,3.6,-3.6,Mass,<a refstr=SINUKOFF_ET_AL__2017 href=https://ui.adsabs.harvard.edu/abs/2017AJ....153..271S/abstract target=ref>Sinukoff et al. 2017</a>,0.06701696,7.8,0.0,,,840.0,1372.0,,5887.0,1.67,1.11,-0.047,0.13654618473895583
TIC 437041147 b,TIC 437041147,1,1,Transit,2026,3.82301421497,,87.34578,0.00012856522,-0.00015047997,<a refstr=LAFARGA_ET_AL_2026 href=https://ui.adsabs.harvard.edu/abs/2026MNRAS.548ag512L/abstract target=ref>Lafarga et al. 2026</a>,2.21526814,0.32466894,-0.29917369,0.19763333,5.54,,,M-R relationship,<a refstr=CALCULATED_VALUE href=/docs/pscp_calc.html target=_blank>Calculated Value</a>,0.0174,2.8,,,,,,,5224.36,0.961092,0.931,0.2428,0.14655965755910705
Kepler-583 b,Kepler-583,1,1,Transit,2016,6.5100253,0.0689,89.91,1.381e-05,-1.381e-05,<a refstr=MORTON_ET_AL__2016 href=https://ui.adsabs.harvard.edu/abs/2016ApJ...822...86M/abstract target=ref>Morton et al. 2016</a>,2.28,0.29,-0.15,0.20340798,5.82,,,M-R relationship,<a refstr=CALCULATED_VALUE href=/docs/pscp_calc.html target=_blank>Calculated Value</a>,0.0183,2.7,0.0,,,178.699,1017.0,,5523.0,0.91,0.94,0.07,0.12719298245614036
WASP-57 b,WASP-57,1,1,Transit,2012,2.83891856,0.03769,86.05,8.1e-07,-8.1e-07,<a refstr=SOUTHWORTH_ET_AL__2015 href=https://ui.adsabs.harvard.edu/abs/2015MNRAS.454.3094S/abstract target=ref>Southworth et al. 2015</a>,11.76945,0.594077,-0.594077,1.05,204.68252,19.70546,-19.70546,Mass,<a refstr=SOUTHWORTH_ET_AL__2015 href=https://ui.adsabs.harvard.edu/abs/2015MNRAS.454.3094S/abstract target=ref>Southworth et al. 2015</a>,0.644,0.693,0.0,,,702.385,1338.0,G6,5600.0,0.927,0.886,-0.25,0.05047619047619047
TOI-1199 b,TOI-1199,1,1,Transit,2024,3.671463,0.04988,,3e-06,-3e-06,<a refstr=SERRANO_BELL_ET_AL_2024 href=https://ui.adsabs.harvard.edu/abs/2024A&A...684A...6S/abstract target=ref>Serrano Bell et al. 2024</a>,10.5140239,0.28022452,-0.28022452,0.938,75.96098927,6.35656814,-6.35656814,Mass,<a refstr=SERRANO_BELL_ET_AL_2024 href=https://ui.adsabs.harvard.edu/abs/2024A&A...684A...6S/abstract target=ref>Serrano Bell et al. 2024</a>,0.239,0.358,0.03,0.029,-0.029,324.114,1486.0,,5710.0,1.45,1.23,0.44,0.026652452254745208
TOI-4961 b,TOI-4961,1,1,Transit,2025,7.479182,0.0726,88.11,8.2e-06,-8.2e-06,<a refstr=YEE_ET_AL_2025 href=https://ui.adsabs.harvard.edu/abs/2025ApJS..280...30Y/abstract target=ref>Yee et al. 2025</a>,12.34108775,0.45956821,-0.43715025,1.101,572.0911326,66.74396547,-73.10053361,Mass,<a refstr=YEE_ET_AL_2025 href=https://ui.adsabs.harvard.edu/abs/2025ApJS..280...30Y/abstract target=ref>Yee et al. 2025</a>,1.8,1.67,0.182,0.04,-0.048,115.0,919.0,,5380.0,0.912,0.912,0.206,0.037238873858586735
TOI-1036 b,TOI-1036,1,1,Transit,2026,3.77952125496,,88.176,6.3268e-06,-6.55321e-06,<a refstr=LAFARGA_ET_AL_2026 href=https://ui.adsabs.harvard.edu/abs/2026MNRAS.548ag512L/abstract target=ref>Lafarga et al. 2026</a>,6.28499593,0.40458464,-0.39895686,0.56071075,32.5,,,M-R relationship,<a refstr=CALCULATED_VALUE href=/docs/pscp_calc.html target=_blank>Calculated Value</a>,0.102,0.719,,,,466.528,1294.0,,5664.68,1.17554,1.03,,0.06437309498782762
Kepler-960 b,Kepler-960,1,1,Transit,2016,3.12686223,0.03807,87.93,1.668e-06,-1.668e-06,<a refstr=MORTON_ET_AL__2016 href=https://ui.adsabs.harvard.edu/abs/2016ApJ...822...86M/abstract target=ref>Morton et al. 2016</a>,2.29,0.07,-0.25,0.20430012,5.86,,,M-R relationship,<a refstr=CALCULATED_VALUE href=/docs/pscp_calc.html target=_blank>Calculated Value</a>,0.0184,2.68,0.0,,,129.223,1391.0,,4755.0,0.72,0.77,0.02,0.1091703056768559
Kepler-1708 b,Kepler-1708,1,1,Transit,2021,737.1131,1.64,,0.00146,-0.0077,<a refstr=KIPPING_ET_AL__2022 href=https://www.nature.com/articles/s41550-021-01539-1 target=ref>Kipping et al. 2022</a>,9.96,0.6,-0.59,0.88857321,1462.0106722,,,Mass,<a refstr=KIPPING_ET_AL__2022 href=https://www.nature.com/articles/s41550-021-01539-1 target=ref>Kipping et al. 2022</a>,4.6,,0.4,,,0.561,245.02,,6157.0,1.117,1.088,0.0,0.06024096385542168
Kepler-1146 b,Kepler-1146,1,1,Transit,2016,2.352265797,0.0325,89.48,8.255e-06,-8.255e-06,<a refstr=MORTON_ET_AL__2016 href=https://ui.adsabs.harvard.edu/abs/2016ApJ...822...86M/abstract target=ref>Morton et al. 2016</a>,1.23,0.1,-0.08,0.10973325,2.04,,,M-R relationship,<a refstr=CALCULATED_VALUE href=/docs/pscp_calc.html target=_blank>Calculated Value</a>,0.00642,6.02,0.0,,,227.962,1019.0,,4692.0,0.7,0.74,-0.06,0.0813008130081301
WASP-100 b,WASP-100,2,1,Transit,2014,2.84938,0.04574,82.6,8e-06,-8e-06,<a refstr=STASSUN_ET_AL__2017 href=https://ui.adsabs.harvard.edu/abs/2017AJ....153..136S/abstract target=ref>Stassun et al. 2017</a>,14.90797,1.56926,-1.56926,1.33,400.4658,143.0235,-143.0235,Mass,<a refstr=STASSUN_ET_AL__2017 href=https://ui.adsabs.harvard.edu/abs/2017AJ....153..136S/abstract target=ref>Stassun et al. 2017</a>,1.26,0.53,0.0,,,5502.8822,2099.0,F2,6900.0,1.57,0.77,-0.03,0.10526315789473685
Kepler-1643 b,Kepler-1643,1,1,Transit,2016,5.342657,0.0531,89.93,1.01e-05,-1.01e-05,<a refstr=BOUMA_ET_AL_2022 href=https://ui.adsabs.harvard.edu/abs/2022AJ....164..215B/abstract target=ref>Bouma et al. 2022</a>,2.32,0.13,-0.13,0.207,5.99,,,M-R relationship,<a refstr=CALCULATED_VALUE href=/docs/pscp_calc.html target=_blank>Calculated Value</a>,0.0189,2.64,0.0,,,137.753,799.0,,4916.0,0.855,0.845,-0.01,0.0560344827586207
TOI-2169 A b,TOI-2169 A,2,1,Transit,2025,8.2148282,0.0896,85.8,8.1e-06,-8e-06,<a refstr=YEE_ET_AL_2025 href=https://ui.adsabs.harvard.edu/abs/2025ApJS..280...30Y/abstract target=ref>Yee et al. 2025</a>,12.50922246,0.41473229,-0.40352331,1.116,329.58805806,24.47278734,-24.15495893,Mass,<a refstr=YEE_ET_AL_2025 href=https://ui.adsabs.harvard.edu/abs/2025ApJS..280...30Y/abstract target=ref>Yee et al. 2025</a>,1.037,0.92,0.045,,,577.0,1364.0,,6270.0,1.82,1.42,0.123,0.033154122194737914
K2-259 b,K2-259,1,1,Transit,2018,15.48043,0.1271,89.02717,0.00332,-0.00392,<a refstr=LIVINGSTON_ET_AL__2018 href=https://ui.adsabs.harvard.edu/abs/2018AJ....156...78L/abstract target=ref>Livingston et al. 2018</a>,2.32,0.2,-0.17,0.20697654,5.99,,,M-R relationship,<a refstr=CALCULATED_VALUE href=/docs/pscp_calc.html target=_blank>Calculated Value</a>,0.0189,2.64,,,,90.9529,795.0,,6059.0,1.13,1.14,0.16,0.08620689655172414
TOI-5292 A b,TOI-5292 A,2,1,Transit,2026,2.02191,0.0279,88.87,3e-06,-3e-06,<a refstr=DRANSFIELD_ET_AL_2026 href=https://ui.adsabs.harvard.edu/abs/2026MNRAS.547ag448D/abstract target=ref>Dransfield et al. 2026</a>,12.64373023,0.43715025,-0.41473229,1.128,412.85910069,25.74410097,-23.51930212,Mass,<a refstr=DRANSFIELD_ET_AL_2026 href=https://ui.adsabs.harvard.edu/abs/2026MNRAS.547ag448D/abstract target=ref>Dransfield et al. 2026</a>,1.299,1.12,0.034,0.024,-0.02,102.0,809.0,M0&plusmn;0.5,3919.0,0.611,0.596,0.33,0.03457446829755716
Kepler-888 b,Kepler-888,1,1,Transit,2016,70.6979061,0.31481,89.98,0.0003086,-0.0003086,<a refstr=MORTON_ET_AL__2016 href=https://ui.adsabs.harvard.edu/abs/2016ApJ...822...86M/abstract target=ref>Morton et al. 2016</a>,1.76,0.08,-0.06,0.15701668,3.75,,,M-R relationship,<a refstr=CALCULATED_VALUE href=/docs/pscp_calc.html target=_blank>Calculated Value</a>,0.0118,3.78,0.0,,,7.854,417.0,,5875.0,0.9,0.97,-0.21,0.045454545454545456
Kepler-740 b,Kepler-740,1,1,Transit,2016,3.584101216,0.0462,89.76,1.985e-06,-1.985e-06,<a refstr=MORTON_ET_AL__2016 href=https://ui.adsabs.harvard.edu/abs/2016ApJ...822...86M/abstract target=ref>Morton et al. 2016</a>,4.57,0.53,-0.27,0.40770809,18.9,,,M-R relationship,<a refstr=CALCULATED_VALUE href=/docs/pscp_calc.html target=_blank>Calculated Value</a>,0.0596,1.09,0.0,,,432.866,1131.0,,5438.0,0.87,0.91,0.03,0.11597374179431072
Kepler-1211 b,Kepler-1211,1,1,Transit,2016,11.01816836,0.09763,84.66,7.975e-05,-7.975e-05,<a refstr=MORTON_ET_AL__2016 href=https://ui.adsabs.harvard.edu/abs/2016ApJ...822...86M/abstract target=ref>Morton et al. 2016</a>,2.55,0.42,-0.41,0.22749576,7.04,,,M-R relationship,<a refstr=CALCULATED_VALUE href=/docs/pscp_calc.html target=_blank>Calculated Value</a>,0.0221,2.33,0.0,,,130.9,840.0,,5705.0,0.94,0.96,-0.08,0.16470588235294117
TOI-4308 b,TOI-4308,1,1,Transit,2023,9.151201,,89.07,3.6e-05,-3.7e-05,<a refstr=MISTRY_ET_AL_2023 href=https://ui.adsabs.harvard.edu/abs/2023AJ....166....9M/abstract target=ref>Mistry et al. 2023</a>,2.4189,0.1195,-0.1333,0.21580018,6.43,,,M-R relationship,<a refstr=CALCULATED_VALUE href=/docs/pscp_calc.html target=_blank>Calculated Value</a>,0.0202,2.5,,,,55.3616,763.05,,5243.0,0.7934,0.9,,0.05510769357972633
TOI-6677 b,TOI-6677,1,1,Transit,2026,5.45060661625,,86.80386,8.902805e-05,-8.130888e-05,<a refstr=LAFARGA_ET_AL_2026 href=https://ui.adsabs.harvard.edu/abs/2026MNRAS.548ag512L/abstract target=ref>Lafarga et al. 2026</a>,5.83507112,0.48105878,-0.45960389,0.52057107,28.7,,,M-R relationship,<a refstr=CALCULATED_VALUE href=/docs/pscp_calc.html target=_blank>Calculated Value</a>,0.0902,0.794,,,,2.09,334.0,,6572.28,1.57167,1.45,,0.08244265924217219
Kepler-1394 b,Kepler-1394,1,1,Transit,2016,3.93766373,0.05474,87.96,3.657e-05,-3.657e-05,<a refstr=MORTON_ET_AL__2016 href=https://ui.adsabs.harvard.edu/abs/2016ApJ...822...86M/abstract target=ref>Morton et al. 2016</a>,1.39,0.2,-0.22,0.12400749,2.51,,,M-R relationship,<a refstr=CALCULATED_VALUE href=/docs/pscp_calc.html target=_blank>Calculated Value</a>,0.0079,5.14,0.0,,,2023.005,1947.0,,6481.0,2.55,1.64,0.06,0.15827338129496404
WASP-3 b,WASP-3,3,1,Transit,2007,1.84683,0.0315,85.06,2e-06,-2e-06,<a refstr=STASSUN_ET_AL__2017 href=https://ui.adsabs.harvard.edu/abs/2017AJ....153..136S/abstract target=ref>Stassun et al. 2017</a>,15.91678,1.90553,-1.90553,1.42,772.3269,168.4499,-168.4499,Mass,<a refstr=STASSUN_ET_AL__2017 href=https://ui.adsabs.harvard.edu/abs/2017AJ....153..136S/abstract target=ref>Stassun et al. 2017</a>,2.43,0.89,0.0,,,1845.3,2020.0,,6400.0,1.44,1.62,0.0,0.11971830985915494
Kepler-1301 b,Kepler-1301,1,1,Transit,2016,9.08237046,0.0815,89.56,4.331e-05,-4.331e-05,<a refstr=MORTON_ET_AL__2016 href=https://ui.adsabs.harvard.edu/abs/2016ApJ...822...86M/abstract target=ref>Morton et al. 2016</a>,1.4,0.13,-0.08,0.12489963,2.54,,,M-R relationship,<a refstr=CALCULATED_VALUE href=/docs/pscp_calc.html target=_blank>Calculated Value</a>,0.008,5.09,0.0,,,76.139,734.0,,5188.0,0.81,0.85,0.01,0.09285714285714286
Kepler-1553 b,Kepler-1553,1,1,Transit,2016,4.24261881,0.0481,89.08,2.781e-05,-2.781e-05,<a refstr=MORTON_ET_AL__2016 href=https://ui.adsabs.harvard.edu/abs/2016ApJ...822...86M/abstract target=ref>Morton et al. 2016</a>,1.15,0.1,-0.09,0.10259613,1.6,,,M-R relationship,<a refstr=CALCULATED_VALUE href=/docs/pscp_calc.html target=_blank>Calculated Value</a>,0.00505,5.78,0.0,,,166.106,926.0,,5288.0,0.81,0.85,-0.09,0.08695652173913045
Kepler-1537 b,Kepler-1537,1,1,Transit,2016,1.444453798,0.0245,89.18,2.334e-06,-2.334e-06,<a refstr=MORTON_ET_AL__2016 href=https://ui.adsabs.harvard.edu/abs/2016ApJ...822...86M/abstract target=ref>Morton et al. 2016</a>,1.18,0.06,-0.09,0.10527255,1.76,,,M-R relationship,<a refstr=CALCULATED_VALUE href=/docs/pscp_calc.html target=_blank>Calculated Value</a>,0.00553,5.89,0.0,,,713.168,1800.0,,5079.0,0.77,0.81,-0.08,0.07627118644067797
HATS-28 b,HATS-28,1,1,Transit,2016,3.1810781,0.04131,86.17,3.9e-06,-3.9e-06,<a refstr=ESPINOZA_ET_AL__2016 href=https://ui.adsabs.harvard.edu/abs/2016AJ....152..108E/abstract target=ref>Espinoza et al. 2016</a>,13.383546,0.78463,-0.78463,1.194,213.58176,27.65121,-27.65121,Mass,<a refstr=ESPINOZA_ET_AL__2016 href=https://ui.adsabs.harvard.edu/abs/2016AJ....152..108E/abstract target=ref>Espinoza et al. 2016</a>,0.672,0.48,0.202,,,407.8485,1253.0,G,5498.0,0.922,0.929,0.01,0.05862646566164154
Kepler-1404 b,Kepler-1404,1,1,Transit,2016,15.9314739,0.1143,89.16,0.0001133,-0.0001133,<a refstr=MORTON_ET_AL__2016 href=https://ui.adsabs.harvard.edu/abs/2016ApJ...822...86M/abstract target=ref>Morton et al. 2016</a>,2.01,0.14,-0.21,0.17932019,4.7,,,M-R relationship,<a refstr=CALCULATED_VALUE href=/docs/pscp_calc.html target=_blank>Calculated Value</a>,0.0148,3.18,0.0,,,39.001,596.0,,5261.0,0.8,0.84,-0.09,0.10447761194029852
TOI-1728 b,TOI-1728,1,1,Transit,2020,3.49151,0.0391,88.31,6.2e-05,-5.7e-05,<a refstr=KANODIA_ET_AL__2020 href=https://ui.adsabs.harvard.edu/abs/2020ApJ...899...29K/abstract target=ref>Kanodia et al. 2020</a>,5.05,0.16,-0.17,0.45053082,26.78,5.43,-5.13,Mass,<a refstr=KANODIA_ET_AL__2020 href=https://ui.adsabs.harvard.edu/abs/2020ApJ...899...29K/abstract target=ref>Kanodia et al. 2020</a>,0.08425888,1.14,0.057,0.054,-0.039,57.78,767.0,M0,3980.0,0.6243,0.646,0.25,0.033663366336633666
HATS-74 A b,HATS-74 A,2,1,Transit,2021,1.73185606,0.02384,87.39,5.5e-07,-5.5e-07,<a refstr=JORD_AACUTE_N_ET_AL__2022 href=https://ui.adsabs.harvard.edu/abs/2022AJ....163..125J/abstract target=ref>Jord&aacute;n et al. 2022</a>,11.56766808,0.23538859,-0.23538859,1.032,464.02947422,44.49597698,-44.49597698,Mass,<a refstr=JORD_AACUTE_N_ET_AL__2022 href=https://ui.adsabs.harvard.edu/abs/2022AJ....163..125J/abstract target=ref>Jord&aacute;n et al. 2022</a>,1.46,1.64,0.044,,,106.9,895.1,,3776.9,0.5758,0.601,0.514,0.020348836807219314
TIC 349520724 b,TIC 349520724,1,1,Transit,2026,7.94044635021,,88.60793,4.296681e-05,-4.210858e-05,<a refstr=LAFARGA_ET_AL_2026 href=https://ui.adsabs.harvard.edu/abs/2026MNRAS.548ag512L/abstract target=ref>Lafarga et al. 2026</a>,2.82626313,0.431678,-0.2920587,0.25214274,8.38,,,M-R relationship,<a refstr=CALCULATED_VALUE href=/docs/pscp_calc.html target=_blank>Calculated Value</a>,0.0264,2.04,,,,,,,5098.6,0.818771,0.89,,0.15273807856666197
LP 714-47 b,LP 714-47,1,1,Transit,2020,4.052032,0.04056,87.5,3e-06,-3e-06,<a refstr=SERRANO_BELL_ET_AL_2026 href=https://ui.adsabs.harvard.edu/abs/2026arXiv260713333S/abstract target=ref>Serrano Bell et al. 2026</a>,4.25,0.1,-0.08,0.37916026,28.38,0.77,-0.73,Mass,<a refstr=SERRANO_BELL_ET_AL_2026 href=https://ui.adsabs.harvard.edu/abs/2026arXiv260713333S/abstract target=ref>Serrano Bell et al. 2026</a>,0.08929347,2.04,0.022,0.022,-0.015,38.5441,722.8,M1 V,4123.0,0.536,0.542,0.05,0.023529411764705882
TOI-4364 b,TOI-4364,1,1,Transit,2025,5.424019,0.04753,88.68,1e-05,-1.1e-05,<a refstr=DISTLER_ET_AL__2025 href=https://ui.adsabs.harvard.edu/abs/2025AJ....169..166D/abstract target=ref>Distler et al. 2025</a>,2.01,0.1,-0.08,0.1793205,4.7,,,M-R relationship,<a refstr=CALCULATED_VALUE href=/docs/pscp_calc.html target=_blank>Calculated Value</a>,0.0148,3.18,0.29,0.38,-0.17,13.3328,488.0,M4 V,3528.0,0.4684,0.487,0.148,0.04975124378109454
TOI-5628 A b,TOI-5628 A,2,1,Transit,2026,4.3416612,0.0368,88.98,1.5e-06,-1.5e-06,<a refstr=GAN_ET_AL_2026 href=https://ui.adsabs.harvard.edu/abs/2026ApJ..1006L..63G/abstract target=ref>Gan et al. 2026</a>,8.29464572,0.44835923,-0.44835923,0.74,28.60455663,12.71313628,-12.71313628,Mass,<a refstr=GAN_ET_AL_2026 href=https://ui.adsabs.harvard.edu/abs/2026ApJ..1006L..63G/abstract target=ref>Gan et al. 2026</a>,0.09,0.29,0.0,,,45.5107,492.0,M3.0&plusmn1.0,3310.0,0.35,0.36,-0.1,0.054054054282139975
EPIC 201427007 b,EPIC 201427007,1,1,Transit,2021,0.72091,,88.5,0.00014,-0.00014,<a refstr=ADAMS_ET_AL__2021 href=https://ui.adsabs.harvard.edu/abs/2021PSJ.....2..152A/abstract target=ref>Adams et al. 2021</a>,1.5,0.2,-0.2,0.13382127,2.86,,,M-R relationship,<a refstr=CALCULATED_VALUE href=/docs/pscp_calc.html target=_blank>Calculated Value</a>,0.00899,4.66,,,,,,,5633.0,0.94,0.93,-0.053,0.13333333333333333
TOI-2992 b,TOI-2992,1,1,Transit,2025,3.007812,0.0434,86.1,1.9e-06,-1.9e-06,<a refstr=YEE_ET_AL_2025 href=https://ui.adsabs.harvard.edu/abs/2025ApJS..280...30Y/abstract target=ref>Yee et al. 2025</a>,13.75341932,0.50440413,-0.50440413,1.227,1058.36859531,123.95307873,-123.95307873,Mass,<a refstr=YEE_ET_AL_2025 href=https://ui.adsabs.harvard.edu/abs/2025ApJS..280...30Y/abstract target=ref>Yee et al. 2025</a>,3.33,2.23,0.089,,,1484.0,1726.0,,6000.0,1.545,1.21,0.084,0.03667481651391982
TOI-615 b,TOI-615,1,1,Transit,2023,4.6615983,0.0678,86.73,2.5e-06,-1.6e-06,<a refstr=PSARIDI_ET_AL__2023 href=https://ui.adsabs.harvard.edu/abs/2023A&A...675A..39P/abstract target=ref>Psaridi et al. 2023</a>,18.97680433,0.582867,-0.6389119,1.693,138.25535705,27.333243,-26.06192937,Mass,<a refstr=PSARIDI_ET_AL__2023 href=https://ui.adsabs.harvard.edu/abs/2023A&A...675A..39P/abstract target=ref>Psaridi et al. 2023</a>,0.435,0.084,0.39,,,1286.0,1666.0,F2 V,6850.0,1.732,1.449,-0.1,0.033668044887302684
HAT-P-28 b,HAT-P-28,1,1,Transit,2011,3.257215,0.0434,88.0,7e-06,-7e-06,<a refstr=BUCHHAVE_ET_AL__2011 href=https://ui.adsabs.harvard.edu/abs/2011arXiv1103.1813B/abstract target=ref> Buchhave et al. 2011 </a>,13.585,1.267,-0.919,1.212,198.953,11.759,-11.759,Mass,<a refstr=BUCHHAVE_ET_AL__2011 href=https://ui.adsabs.harvard.edu/abs/2011arXiv1103.1813B/abstract target=ref> Buchhave et al. 2011 </a>,0.626,0.44,0.051,0.033,-0.033,554.7122,1384.0,G3,5680.0,1.103,1.025,0.12,0.09326463010673536
Kepler-667 b,Kepler-667,1,1,Transit,2016,41.43962808,0.2288,89.31,8.183e-05,-8.183e-05,<a refstr=MORTON_ET_AL__2016 href=https://ui.adsabs.harvard.edu/abs/2016ApJ...822...86M/abstract target=ref>Morton et al. 2016</a>,4.73,0.39,-0.28,0.42198234,20.1,,,M-R relationship,<a refstr=CALCULATED_VALUE href=/docs/pscp_calc.html target=_blank>Calculated Value</a>,0.0632,1.04,0.0,,,71.817,516.0,,5327.0,0.87,0.91,0.15,0.08245243128964058
HAT-P-62 b,HAT-P-62,1,1,Transit,2021,2.6453235,0.03772,87.93,3.9e-06,-3.9e-06,<a refstr=BAKOS_ET_AL__2021 href=https://ui.adsabs.harvard.edu/abs/2021AJ....162....7B/abstract target=ref>Bakos et al. 2021</a>,12.02723629,0.32506044,-0.32506044,1.073,241.86741773,27.96889982,-27.96889982,Mass,<a refstr=BAKOS_ET_AL__2021 href=https://ui.adsabs.harvard.edu/abs/2021AJ....162....7B/abstract target=ref>Bakos et al. 2021</a>,0.761,0.77,0.101,,,867.2,1512.0,,5629.0,1.17,1.023,0.414,0.02702702700455551
TOI-3896 b,TOI-3896,1,1,Transit,2026,4.37730369667,,87.74842,1.540543e-05,-1.430768e-05,<a refstr=LAFARGA_ET_AL_2026 href=https://ui.adsabs.harvard.edu/abs/2026MNRAS.548ag512L/abstract target=ref>Lafarga et al. 2026</a>,3.14949237,0.25672878,-0.2360017,0.28097937,10.1,,,M-R relationship,<a refstr=CALCULATED_VALUE href=/docs/pscp_calc.html target=_blank>Calculated Value</a>,0.0317,1.78,,,,144.988,966.0,,5110.91,0.747752,0.86,,0.08151433622936512
Kepler-443 b,Kepler-443,1,1,Transit,2015,177.6693,0.495,89.94,0.0031,-0.003,<a refstr=TORRES_ET_AL__2015 href=https://ui.adsabs.harvard.edu/abs/2015ApJ...800...99T/abstract target=ref>Torres et al. 2015</a>,2.33,0.19,-0.22,0.21,6.04,,,M-R relationship,<a refstr=CALCULATED_VALUE href=/docs/pscp_calc.html target=_blank>Calculated Value</a>,0.019,2.62,0.11,0.15,-0.11,0.86,233.0,,4723.0,0.706,0.738,-0.01,0.09442060085836909
TOI-2719 b,TOI-2719,1,1,Transit,2025,3.37594,,83.07,5e-05,-5e-05,<a refstr=GOMEZ_BARRIENTOS_ET_AL_2025 href=https://ui.adsabs.harvard.edu/abs/2025AJ....170..148G/abstract target=ref>Gomez Barrientos et al. 2025</a>,5.98,0.46,-0.46,0.53350078,29.9,,,M-R relationship,<a refstr=CALCULATED_VALUE href=/docs/pscp_calc.html target=_blank>Calculated Value</a>,0.0941,0.768,,,,874.29,1710.0,,5762.0,1.69,1.02,0.27,0.07692307692307693
HATS-46 b,HATS-46,1,1,Transit,2018,4.7423749,0.05272,86.97,4.3e-06,-4.3e-06,<a refstr=AHRER_ET_AL_2023 href=https://ui.adsabs.harvard.edu/abs/2023MNRAS.521.5636A/abstract target=ref>Ahrer et al. 2023</a>,10.65974065,0.32506044,-0.32506044,0.951,50.21688831,13.34879309,-13.34879309,Mass,<a refstr=AHRER_ET_AL_2023 href=https://ui.adsabs.harvard.edu/abs/2023MNRAS.521.5636A/abstract target=ref>Ahrer et al. 2023</a>,0.158,0.227,0.559,,,209.7699,1082.1,,5451.0,0.894,0.869,-0.029,0.03049421657364619
TOI-2084 b,TOI-2084,2,1,Transit,2023,6.0784247,0.05006,89.15,9.6e-06,-9.6e-06,<a refstr=BARKAOUI_ET_AL_2023 href=https://ui.adsabs.harvard.edu/abs/2023A&A...677A..38B/abstract target=ref>Barkaoui et al. 2023</a>,2.47,0.13,-0.13,0.22035902,6.66,,,M-R relationship,<a refstr=CALCULATED_VALUE href=/docs/pscp_calc.html target=_blank>Calculated Value</a>,0.021,2.43,,,,12.8,527.0,M2+/-0.5,3551.0,0.475,0.453,-0.13,0.05263157894736842
TOI-2152 A b,TOI-2152,3,1,Transit,2023,3.3773512,0.05064,86.42,6e-06,-6.1e-06,<a refstr=RODRIGUEZ_ET_AL_2023 href=https://ui.adsabs.harvard.edu/abs/2023MNRAS.521.2765R/abstract target=ref>Rodriguez et al. 2023</a>,14.35870428,0.56044903,-0.51561311,1.281,899.45439181,120.77479466,-117.59651059,Mass,<a refstr=RODRIGUEZ_ET_AL_2023 href=https://ui.adsabs.harvard.edu/abs/2023MNRAS.521.2765R/abstract target=ref>Rodriguez et al. 2023</a>,2.83,1.67,0.057,0.068,-0.04,2195.7249,1802.0,F4 V,6630.0,1.612,1.516,0.282,0.039032005887929606
K2-347 b,K2-347,1,1,Transit,2021,7.187257,,,2e-05,-2.1e-05,<a refstr=DE_LEON_ET_AL_2021 href=https://ui.adsabs.harvard.edu/abs/2021MNRAS.508..195D/abstract target=ref>de Leon et al. 2021</a>,2.41,0.11,-0.1,0.21500617,6.39,,,M-R relationship,<a refstr=CALCULATED_VALUE href=/docs/pscp_calc.html target=_blank>Calculated Value</a>,0.0201,2.51,,,,,640.0,,4599.0,0.63,0.66,-0.26,0.04564315352697095
TOI-2266 b,TOI-2266,1,1,Transit,2024,2.326318,0.02,88.51,4.8e-06,-4.8e-06,<a refstr=PARVIAINEN_ET_AL_2024 href=https://ui.adsabs.harvard.edu/abs/2024A&A...683A.170P/abstract target=ref>Parviainen et al. 2024</a>,1.54,0.09,-0.09,0.13738983,2.99,,,M-R relationship,<a refstr=CALCULATED_VALUE href=/docs/pscp_calc.html target=_blank>Calculated Value</a>,0.0094,4.5,,,,13.0,550.0,M5.0+0.5-0.5,3200.0,0.24,0.23,,0.05844155844155844
Kepler-1187 b,Kepler-1187,1,1,Transit,2016,18.87064068,0.1401,87.72,6.002e-05,-6.002e-05,<a refstr=MORTON_ET_AL__2016 href=https://ui.adsabs.harvard.edu/abs/2016ApJ...822...86M/abstract target=ref>Morton et al. 2016</a>,2.61,0.51,-0.28,0.2328486,7.32,,,M-R relationship,<a refstr=CALCULATED_VALUE href=/docs/pscp_calc.html target=_blank>Calculated Value</a>,0.023,2.26,0.0,,,72.957,701.0,,5975.0,1.09,1.06,-0.01,0.19540229885057472
Kepler-1258 b,Kepler-1258,1,1,Transit,2016,0.984940167,0.01824,89.33,3.182e-06,-3.182e-06,<a refstr=MORTON_ET_AL__2016 href=https://ui.adsabs.harvard.edu/abs/2016ApJ...822...86M/abstract target=ref>Morton et al. 2016</a>,0.86,0.13,-0.08,0.07672406,0.566,,,M-R relationship,<a refstr=CALCULATED_VALUE href=/docs/pscp_calc.html target=_blank>Calculated Value</a>,0.00178,4.89,0.0,,,2775.0,2335.0,,5839.0,0.99,0.99,-0.07,0.15116279069767444
Kepler-659 b,Kepler-659,1,1,Transit,2016,17.671796,0.1204,87.81,5.558e-05,-5.558e-05,<a refstr=MORTON_ET_AL__2016 href=https://ui.adsabs.harvard.edu/abs/2016ApJ...822...86M/abstract target=ref>Morton et al. 2016</a>,2.5,0.33,-0.23,0.22303506,6.8,,,M-R relationship,<a refstr=CALCULATED_VALUE href=/docs/pscp_calc.html target=_blank>Calculated Value</a>,0.0214,2.39,0.0,,,21.309,513.0,,4870.0,0.74,0.79,0.02,0.132
TOI-5082.01,TOI-5082,1,1,Transit,2024,4.240122,0.051204842,,,,<a refstr=HORD_ET_AL__2024 href=https://ui.adsabs.harvard.edu/abs/2024AJ....167..233H/abstract target=ref>Hord et al. 2024</a>,2.54811,0.129562,-0.129562,0.22708083,7.03,,,M-R relationship,<a refstr=CALCULATED_VALUE href=/docs/pscp_calc.html target=_blank>Calculated Value</a>,0.0221,2.33,,,,254.588,1164.91,,5670.0,0.93,0.99665,0.09,0.05084631354219402
Kepler-1595 b,Kepler-1595,1,1,Transit,2016,4.56380468,0.051,88.56,3.24e-05,-3.24e-05,<a refstr=MORTON_ET_AL__2016 href=https://ui.adsabs.harvard.edu/abs/2016ApJ...822...86M/abstract target=ref>Morton et al. 2016</a>,1.23,0.09,-0.1,0.10973325,2.04,,,M-R relationship,<a refstr=CALCULATED_VALUE href=/docs/pscp_calc.html target=_blank>Calculated Value</a>,0.00642,6.02,0.0,,,185.568,980.0,,5203.0,0.8,0.84,-0.02,0.0813008130081301
Kepler-526 b,Kepler-526,1,1,Transit,2016,5.458498316,0.06518,85.39,9.07e-06,-9.07e-06,<a refstr=MORTON_ET_AL__2016 href=https://ui.adsabs.harvard.edu/abs/2016ApJ...822...86M/abstract target=ref>Morton et al. 2016</a>,1.99,0.16,-0.17,0.17753591,4.62,,,M-R relationship,<a refstr=CALCULATED_VALUE href=/docs/pscp_calc.html target=_blank>Calculated Value</a>,0.0145,3.22,0.0,,,584.354,1099.0,,5894.0,1.14,1.15,0.34,0.08542713567839197
NGTS-26 b,NGTS-26,1,1,Transit,2024,4.5199279,0.049,86.43,9e-06,-9.2e-06,<a refstr=BOUCHY_ET_AL__2024 href=https://ui.adsabs.harvard.edu/abs/2024A&A...684A.201B/abstract target=ref>Bouchy et al. 2024</a>,14.88552637,0.66132986,-0.53803107,1.328,92.80589484,20.65884645,-19.06970442,Mass,<a refstr=BOUCHY_ET_AL__2024 href=https://ui.adsabs.harvard.edu/abs/2024A&A...684A.201B/abstract target=ref>Bouchy et al. 2024</a>,0.292,0.153,0.0,,,523.0,1331.0,,5550.0,1.16,0.96,0.2,0.04442771075484649
TOI-1743 b,TOI-1743,1,1,Transit,2025,4.266046,0.03589,87.92,2e-06,-2e-06,<a refstr=YALCINKAYA_ET_AL_2025 href=https://ui.adsabs.harvard.edu/abs/2025A&A...702A.209Y/abstract target=ref>Yal&ccedil;inkaya et al. 2025</a>,1.83,0.11,-0.1,0.16326195,4.01,,,M-R relationship,<a refstr=CALCULATED_VALUE href=/docs/pscp_calc.html target=_blank>Calculated Value</a>,0.0126,3.6,,,,10.8837,485.0,M4 V,3277.0,0.338,0.339,0.22,0.060109289617486336
Kepler-1986 b,Kepler-1986,1,1,Transit,2023,19.5489666,0.1307,89.05,0.0001396,-0.0001396,<a refstr=Q1_Q17_DR25_KOI_TABLE href=https://exoplanetarchive.ipac.caltech.edu/docs/Kepler_KOI_docs.html target=ref>Q1-Q17 DR25 KOI Table</a>,1.89,0.35,-0.15,0.1686148,4.23,,,M-R relationship,<a refstr=CALCULATED_VALUE href=/docs/pscp_calc.html target=_blank>Calculated Value</a>,0.0133,3.44,0.0,,,26.62,579.0,,5549.0,0.732,0.776,-0.54,0.18518518518518517
TOI-1301.01,TOI-1301,1,1,Transit,2024,6.096407209,0.059866,88.12711,3.565e-06,-3.614e-06,<a refstr=CROSSFIELD_ET_AL_2025 href=https://ui.adsabs.harvard.edu/abs/2025AJ....169...89C/abstract target=ref>Crossfield et al. 2025</a>,2.477,0.196,-0.177,0.22098352,6.7,,,M-R relationship,<a refstr=CALCULATED_VALUE href=/docs/pscp_calc.html target=_blank>Calculated Value</a>,0.0211,2.42,,,,72.55,737.36,,4820.0,0.732,0.77,,0.07912797739200647
Kepler-1497 b,Kepler-1497,1,1,Transit,2016,8.74199772,0.0817,89.91,8.621e-05,-8.621e-05,<a refstr=MORTON_ET_AL__2016 href=https://ui.adsabs.harvard.edu/abs/2016ApJ...822...86M/abstract target=ref>Morton et al. 2016</a>,1.66,0.29,-0.16,0.14809528,3.39,,,M-R relationship,<a refstr=CALCULATED_VALUE href=/docs/pscp_calc.html target=_blank>Calculated Value</a>,0.0107,4.07,0.0,,,172.38,924.0,,5675.0,0.95,0.96,0.01,0.1746987951807229
Kepler-661 b,Kepler-661,1,1,Transit,2016,6.029301321,0.0585,89.5,5.362e-06,-5.362e-06,<a refstr=MORTON_ET_AL__2016 href=https://ui.adsabs.harvard.edu/abs/2016ApJ...822...86M/abstract target=ref>Morton et al. 2016</a>,3.07,0.12,-0.21,0.27388706,9.64,,,M-R relationship,<a refstr=CALCULATED_VALUE href=/docs/pscp_calc.html target=_blank>Calculated Value</a>,0.0303,1.83,0.0,,,45.528,678.0,,4483.0,0.67,0.7,-0.05,0.06840390879478828
HAT-P-61 b,HAT-P-61,1,1,Transit,2021,1.90231289,0.0301,83.62,7.7e-07,-7.7e-07,<a refstr=BAKOS_ET_AL__2021 href=https://ui.adsabs.harvard.edu/abs/2021AJ....162....7B/abstract target=ref>Bakos et al. 2021</a>,10.07687365,0.30264248,-0.30264248,0.899,335.9446262,22.24798849,-22.24798849,Mass,<a refstr=BAKOS_ET_AL__2021 href=https://ui.adsabs.harvard.edu/abs/2021AJ....162....7B/abstract target=ref>Bakos et al. 2021</a>,1.057,1.8,0.113,,,849.5,1505.0,,5587.0,0.938,1.004,0.194,0.03003337051864295
TOI-2589 b,TOI-2589,1,1,Transit,2023,61.6277,0.3,89.17,0.0002,-0.0002,<a refstr=BRAHM_ET_AL_2023 href=https://ui.adsabs.harvard.edu/abs/2023AJ....165..227B/abstract target=ref>Brahm et al. 2023</a>,12.10569916,0.33626942,-0.33626942,1.08,1112.3994245,31.7828407,-31.7828407,Mass,<a refstr=BRAHM_ET_AL_2023 href=https://ui.adsabs.harvard.edu/abs/2023AJ....165..227B/abstract target=ref>Brahm et al. 2023</a>,3.5,3.45,0.522,0.006,-0.006,21.7464,592.0,,5579.0,1.07,0.93,0.12,0.02777777768599364
Kepler-1412 b,Kepler-1412,1,1,Transit,2016,3.6146051,0.04608,89.83,2.139e-05,-2.139e-05,<a refstr=MORTON_ET_AL__2016 href=https://ui.adsabs.harvard.edu/abs/2016ApJ...822...86M/abstract target=ref>Morton et al. 2016</a>,0.83,0.15,-0.13,0.07404764,0.498,,,M-R relationship,<a refstr=CALCULATED_VALUE href=/docs/pscp_calc.html target=_blank>Calculated Value</a>,0.00157,4.79,0.0,,,1087.781,1397.0,,5880.0,1.27,1.06,0.04,0.18072289156626506
2MASS J0249-0557 c,2MASS J0249-0557 A,2,1,Imaging,2018,,1950.0,,,,,17.37392009,0.33626942,-0.33626942,1.55,3616.88727166,244.72787339,-244.72787339,Mass,<a refstr=LIU_ET_AL_2026 href=https://ui.adsabs.harvard.edu/abs/2026ApJ..1004..172L/abstract target=ref>Liu et al. 2026</a>,11.38,3.79,,,,0.0,1723.0,M6 V,2859.0,0.315959,0.046,,0.019354838646549802
Kepler-1540 b,Kepler-1540,2,1,Transit,2016,125.4131177,0.4426,89.82,0.0004189,-0.0004189,<a refstr=MORTON_ET_AL__2016 href=https://ui.adsabs.harvard.edu/abs/2016ApJ...822...86M/abstract target=ref>Morton et al. 2016</a>,2.49,0.19,-0.14,0.22214292,6.76,,,M-R relationship,<a refstr=CALCULATED_VALUE href=/docs/pscp_calc.html target=_blank>Calculated Value</a>,0.0213,2.41,0.0,,,0.849,266.0,,4540.0,0.69,0.74,0.1,0.07630522088353413
TIC 445839811 b,TIC 445839811,1,1,Transit,2026,11.1086260318,,88.63522,0.00185453829,-0.0017110172,<a refstr=LAFARGA_ET_AL_2026 href=https://ui.adsabs.harvard.edu/abs/2026MNRAS.548ag512L/abstract target=ref>Lafarga et al. 2026</a>,2.47771211,0.3970467,-0.37972982,0.22104705,6.7,,,M-R relationship,<a refstr=CALCULATED_VALUE href=/docs/pscp_calc.html target=_blank>Calculated Value</a>,0.0211,2.42,,,,,,,5408.25,0.850041,0.95,0.0292,0.1602473097651365
TOI-4511 b,TOI-4511,1,1,Transit,2026,10.98090968596,,88.92654,0.00305673628,-0.00210156127,<a refstr=LAFARGA_ET_AL_2026 href=https://ui.adsabs.harvard.edu/abs/2026MNRAS.548ag512L/abstract target=ref>Lafarga et al. 2026</a>,2.75304932,0.30793546,-0.26170202,0.24561103,8.01,,,M-R relationship,<a refstr=CALCULATED_VALUE href=/docs/pscp_calc.html target=_blank>Calculated Value</a>,0.0252,2.11,,,,938.995,1542.0,,5418.77,1.00145,1.017,,0.11185250397185038
TOI-2200 b,TOI-2200,1,1,Transit,2026,2.93602836512,,88.6445,1.35637e-06,-1.40676e-06,<a refstr=LAFARGA_ET_AL_2026 href=https://ui.adsabs.harvard.edu/abs/2026MNRAS.548ag512L/abstract target=ref>Lafarga et al. 2026</a>,6.96310517,0.42730881,-0.42498668,0.6212077,38.7,,,M-R relationship,<a refstr=CALCULATED_VALUE href=/docs/pscp_calc.html target=_blank>Calculated Value</a>,0.122,0.63,,,,288.087,1147.0,,5036.17,0.826247,0.85,0.2733,0.0613675651261203
Kepler-467 b,Kepler-467,1,1,Transit,2016,24.99324193,0.16848,88.37,6.498e-05,-6.498e-05,<a refstr=MORTON_ET_AL__2016 href=https://ui.adsabs.harvard.edu/abs/2016ApJ...822...86M/abstract target=ref>Morton et al. 2016</a>,2.25,0.3,-0.08,0.20073156,5.69,,,M-R relationship,<a refstr=CALCULATED_VALUE href=/docs/pscp_calc.html target=_blank>Calculated Value</a>,0.0179,2.74,0.0,,,72.749,712.0,,5809.0,1.37,1.05,0.06,0.13333333333333333
Kepler-964 b,Kepler-964,1,1,Transit,2016,13.5225106,0.1073,89.52,2.258e-05,-2.258e-05,<a refstr=MORTON_ET_AL__2016 href=https://ui.adsabs.harvard.edu/abs/2016ApJ...822...86M/abstract target=ref>Morton et al. 2016</a>,2.12,0.09,-0.07,0.18913373,5.14,,,M-R relationship,<a refstr=CALCULATED_VALUE href=/docs/pscp_calc.html target=_blank>Calculated Value</a>,0.0162,2.96,0.0,,,43.916,652.0,,5427.0,0.84,0.93,0.03,0.04245283018867924
Kepler-1262 b,Kepler-1262,1,1,Transit,2016,8.67900242,0.083,89.44,3.79e-05,-3.79e-05,<a refstr=MORTON_ET_AL__2016 href=https://ui.adsabs.harvard.edu/abs/2016ApJ...822...86M/abstract target=ref>Morton et al. 2016</a>,1.82,0.32,-0.17,0.16236952,3.97,,,M-R relationship,<a refstr=CALCULATED_VALUE href=/docs/pscp_calc.html target=_blank>Calculated Value</a>,0.0125,3.62,0.0,,,142.545,949.0,,5771.0,0.98,0.99,-0.02,0.1758241758241758
Kepler-1071 b,Kepler-1071,1,1,Transit,2016,6.1799844,0.0629,89.56,1.367e-05,-1.367e-05,<a refstr=MORTON_ET_AL__2016 href=https://ui.adsabs.harvard.edu/abs/2016ApJ...822...86M/abstract target=ref>Morton et al. 2016</a>,2.38,0.07,-0.14,0.21232938,6.26,,,M-R relationship,<a refstr=CALCULATED_VALUE href=/docs/pscp_calc.html target=_blank>Calculated Value</a>,0.0197,2.55,0.0,,,45.12,814.0,,5215.0,0.81,0.86,0.01,0.05882352941176471
Kepler-1515 b,Kepler-1515,1,1,Transit,2016,214.3114164,0.75235,89.99,0.0001275,-0.0001275,<a refstr=MORTON_ET_AL__2016 href=https://ui.adsabs.harvard.edu/abs/2016ApJ...822...86M/abstract target=ref>Morton et al. 2016</a>,9.55,0.77,-0.64,0.85199393,66.2,,,M-R relationship,<a refstr=CALCULATED_VALUE href=/docs/pscp_calc.html target=_blank>Calculated Value</a>,0.208,0.418,0.0,,,6.017,380.0,,6511.0,1.41,1.3,0.07,0.08062827225130889
K2-242 b,K2-242,1,1,Transit,2018,6.51389,0.0494,,0.00082,-0.00083,<a refstr=LIVINGSTON_ET_AL__2018 href=https://ui.adsabs.harvard.edu/abs/2018AJ....156...78L/abstract target=ref>Livingston et al. 2018</a>,2.54,0.21,-0.19,0.22660362,6.99,,,M-R relationship,<a refstr=CALCULATED_VALUE href=/docs/pscp_calc.html target=_blank>Calculated Value</a>,0.022,2.34,,,,6.3759,416.0,,3459.0,0.37,0.38,-0.01,0.0826771653543307
TIC 77319217 b,TIC 77319217,1,1,Transit,2026,7.54830765124,,87.65397,8.541633e-05,-8.716393e-05,<a refstr=LAFARGA_ET_AL_2026 href=https://ui.adsabs.harvard.edu/abs/2026MNRAS.548ag512L/abstract target=ref>Lafarga et al. 2026</a>,3.10879526,0.34451974,-0.29615262,0.27734861,9.85,,,M-R relationship,<a refstr=CALCULATED_VALUE href=/docs/pscp_calc.html target=_blank>Calculated Value</a>,0.031,1.8,,,,,,,5961.52,1.18439,1.16,,0.11082098085803181
Kepler-649 b,Kepler-649,1,1,Transit,2016,29.90722674,0.17522,89.97,5.373e-05,-5.373e-05,<a refstr=MORTON_ET_AL__2016 href=https://ui.adsabs.harvard.edu/abs/2016ApJ...822...86M/abstract target=ref>Morton et al. 2016</a>,2.26,0.14,-0.12,0.2016237,5.73,,,M-R relationship,<a refstr=CALCULATED_VALUE href=/docs/pscp_calc.html target=_blank>Calculated Value</a>,0.018,2.73,0.0,,,25.147,564.0,,5871.0,0.94,0.97,-0.17,0.06194690265486727
HAT-P-55 b,HAT-P-55,1,1,Transit,2015,3.5852313,0.04628,86.8,5.1e-07,-5.1e-07,<a refstr=KANG_ET_AL_2024 href=https://ui.adsabs.harvard.edu/abs/2024MNRAS.528.1930K/abstract target=ref>Kang et al. 2024</a>,14.84069045,0.25780656,-0.24659758,1.324,189.42573057,23.20147371,-22.8836453,Mass,<a refstr=KANG_ET_AL_2024 href=https://ui.adsabs.harvard.edu/abs/2024MNRAS.528.1930K/abstract target=ref>Kang et al. 2024</a>,0.596,0.318,0.17,,,583.0,1367.0,,5804.0,1.105,1.028,0.003,0.0173716014675045
K2-139 b,K2-139,1,1,Transit,2017,28.380619,0.1796,89.55668,0.000551,-0.000528,<a refstr=LIVINGSTON_ET_AL__2018 href=https://ui.adsabs.harvard.edu/abs/2018AJ....156..277L/abstract target=ref>Livingston et al. 2018</a>,9.11,0.17,-0.17,0.81273976,123.00021,26.37989,-23.83725,Mass,<a refstr=BARRAG_AACUTE_N_ET_AL__2018 href=https://ui.adsabs.harvard.edu/abs/2018MNRAS.475.1765B/abstract target=ref>Barrag&aacute;n et al. 2018</a>,0.387,0.91,0.12,0.12,-0.08,15.5562,524.0,K0 V,5370.0,0.88,0.96,0.24,0.01866081229418222
Kepler-902 b,Kepler-902,1,1,Transit,2016,40.1099547,0.223,89.98,0.0001551,-0.0001551,<a refstr=MORTON_ET_AL__2016 href=https://ui.adsabs.harvard.edu/abs/2016ApJ...822...86M/abstract target=ref>Morton et al. 2016</a>,2.54,0.33,-0.18,0.22660362,6.99,,,M-R relationship,<a refstr=CALCULATED_VALUE href=/docs/pscp_calc.html target=_blank>Calculated Value</a>,0.022,2.34,0.0,,,24.875,556.0,,5647.0,0.93,0.95,0.0,0.12992125984251968
Kepler-894 b,Kepler-894,1,1,Transit,2016,9.803224,0.0916,87.12,3.027e-05,-3.027e-05,<a refstr=MORTON_ET_AL__2016 href=https://ui.adsabs.harvard.edu/abs/2016ApJ...822...86M/abstract target=ref>Morton et al. 2016</a>,2.78,0.3,-0.34,0.24801499,8.15,,,M-R relationship,<a refstr=CALCULATED_VALUE href=/docs/pscp_calc.html target=_blank>Calculated Value</a>,0.0256,2.08,0.0,,,119.881,896.0,,5603.0,0.85,0.87,-0.25,0.12230215827338131
Kepler-884 b,Kepler-884,1,1,Transit,2016,5.69919514,0.06116,89.98,1.359e-05,-1.359e-05,<a refstr=MORTON_ET_AL__2016 href=https://ui.adsabs.harvard.edu/abs/2016ApJ...822...86M/abstract target=ref>Morton et al. 2016</a>,1.23,0.05,-0.05,0.10973325,2.04,,,M-R relationship,<a refstr=CALCULATED_VALUE href=/docs/pscp_calc.html target=_blank>Calculated Value</a>,0.00642,6.02,0.0,,,139.5,964.0,,5715.0,0.94,1.0,0.05,0.04065040650406505
Kepler-1019 b,Kepler-1019,1,1,Transit,2016,1.411229847,0.0221,78.73,7.46e-07,-7.46e-07,<a refstr=MORTON_ET_AL__2016 href=https://ui.adsabs.harvard.edu/abs/2016ApJ...822...86M/abstract target=ref>Morton et al. 2016</a>,1.46,0.05,-0.16,0.13025248,2.73,,,M-R relationship,<a refstr=CALCULATED_VALUE href=/docs/pscp_calc.html target=_blank>Calculated Value</a>,0.00859,4.82,0.0,,,330.249,1164.0,,4433.0,0.67,0.7,0.01,0.10958904109589042
WASP-28 b,WASP-28,1,1,Transit,2014,3.40883495,0.0442,88.514,1.5e-07,-1.5e-07,<a refstr=MO__X10D_NIK_ET_AL__2020 href=https://ui.adsabs.harvard.edu/abs/2020PASP..132a4401M/abstract target=ref>Mo&#x10D;nik et al. 2020</a>,13.66374747,0.31385146,-0.31385146,1.219,282.54945382,18.43404761,-18.43404761,Mass,<a refstr=MO__X10D_NIK_ET_AL__2020 href=https://ui.adsabs.harvard.edu/abs/2020PASP..132a4401M/abstract target=ref>Mo&#x10D;nik et al. 2020</a>,0.889,0.651163,0.0,,,695.65,1456.0,F8,6084.0,1.083,0.993,-0.2,0.022969647286667838
TOI-4552 b,TOI-4552,1,1,Transit,2026,0.30110032,0.0056255,87.77,1.4e-07,-1.4e-07,<a refstr=SRIVASTAVA_ET_AL_2026 href=https://ui.adsabs.harvard.edu/abs/2026A&A...709A..73S/abstract target=ref>Srivastava et al. 2026</a>,1.11,0.04,-0.04,0.09902774,1.83,0.47,-0.47,Mass,<a refstr=SRIVASTAVA_ET_AL_2026 href=https://ui.adsabs.harvard.edu/abs/2026A&A...709A..73S/abstract target=ref>Srivastava et al. 2026</a>,0.00575782,7.74,0.0,,,263.0,1122.0,M4.5 V,3258.0,0.2869,0.2619,-0.07,0.036036036036036036
Kepler-555 b,Kepler-555,1,1,Transit,2016,16.21775407,0.1201,89.21,2.89e-05,-2.89e-05,<a refstr=MORTON_ET_AL__2016 href=https://ui.adsabs.harvard.edu/abs/2016ApJ...822...86M/abstract target=ref>Morton et al. 2016</a>,2.83,0.56,-0.29,0.25247569,8.4,,,M-R relationship,<a refstr=CALCULATED_VALUE href=/docs/pscp_calc.html target=_blank>Calculated Value</a>,0.0264,2.04,0.0,,,129.374,664.0,,5894.0,1.04,1.03,0.0,0.19787985865724383
Kepler-683 b,Kepler-683,1,1,Transit,2016,2.539183179,0.0355,88.28,5.109e-06,-5.109e-06,<a refstr=MORTON_ET_AL__2016 href=https://ui.adsabs.harvard.edu/abs/2016ApJ...822...86M/abstract target=ref>Morton et al. 2016</a>,1.97,0.34,-0.17,0.17575163,4.54,,,M-R relationship,<a refstr=CALCULATED_VALUE href=/docs/pscp_calc.html target=_blank>Calculated Value</a>,0.0143,3.26,0.0,,,702.281,1332.0,,5703.0,0.95,0.96,-0.03,0.17258883248730966
HATS-10 b,HATS-10,1,1,Transit,2015,3.312846,0.04491,87.79,5.8e-06,-5.8e-06,<a refstr=BRAHM_ET_AL__2015 href=https://ui.adsabs.harvard.edu/abs/2015AJ....150...33B/abstract target=ref>Brahm et al. 2015</a>,10.861521,0.683749,-0.504405,0.969,167.17858,25.74423,-25.74423,Mass,<a refstr=BRAHM_ET_AL__2015 href=https://ui.adsabs.harvard.edu/abs/2015AJ....150...33B/abstract target=ref>Brahm et al. 2015</a>,0.526,0.7,0.501,,,836.8558,1407.0,,5880.0,1.105,1.101,0.15,0.0629514963880289
Kepler-1977 b,Kepler-1977,1,1,Transit,2023,4.53702121,0.0486,87.14,2.498e-05,-2.498e-05,<a refstr=Q1_Q17_DR25_KOI_TABLE href=https://exoplanetarchive.ipac.caltech.edu/docs/Kepler_KOI_docs.html target=ref>Q1-Q17 DR25 KOI Table</a>,1.66,0.19,-0.11,0.14809554,3.39,,,M-R relationship,<a refstr=CALCULATED_VALUE href=/docs/pscp_calc.html target=_blank>Calculated Value</a>,0.0107,4.07,0.0,,,95.61,798.0,,4805.0,0.688,0.769,-0.06,0.11445783132530121
Kepler-786 b,Kepler-786,1,1,Transit,2016,53.5293487,0.25483,89.72,0.0002571,-0.0002571,<a refstr=MORTON_ET_AL__2016 href=https://ui.adsabs.harvard.edu/abs/2016ApJ...822...86M/abstract target=ref>Morton et al. 2016</a>,2.43,0.12,-0.07,0.21679008,6.48,,,M-R relationship,<a refstr=CALCULATED_VALUE href=/docs/pscp_calc.html target=_blank>Calculated Value</a>,0.0204,2.48,0.0,,,3.658,348.0,,4838.0,0.74,0.81,0.09,0.04938271604938271
TOI-3785 b,TOI-3785,1,1,Transit,2023,4.6747373,0.043,88.1,3.8e-06,-3.8e-06,<a refstr=POWERS_ET_AL__2023 href=https://ui.adsabs.harvard.edu/abs/2023AJ....166...44P/abstract target=ref>Powers et al. 2023</a>,5.14,0.16,-0.16,0.45856088,14.95,4.1,-3.92,Mass,<a refstr=POWERS_ET_AL__2023 href=https://ui.adsabs.harvard.edu/abs/2023AJ....166...44P/abstract target=ref>Powers et al. 2023</a>,0.04703796,0.61,0.11,0.1,-0.08,19.1,582.0,M2 V,3576.0,0.5,0.52,0.099,0.031128404669260704
WASP-136 b,WASP-136,1,1,Transit,2016,5.21536178778,0.0661,87.7,2.68524e-06,-2.68524e-06,<a refstr=EXOFOP href=https://exofop.ipac.caltech.edu/tess/view_toi.php target=ref>ExoFOP</a>,16.81347105,1.6813471,-1.6813471,1.5,479.92089457,25.42627256,-25.42627256,Mass,<a refstr=KNUDSTRUP_ET_AL__2024 href=https://ui.adsabs.harvard.edu/abs/2024A&A...690A.379K/abstract target=ref>Knudstrup et al. 2024</a>,1.51,0.583527,0.0,,,1843.4633,1630.0,F,6250.0,2.39014,1.41,-0.18,0.0999999997026194
HATS-12 b,HATS-12,1,1,Transit,2016,3.142702,0.0441,82.27,5.3e-05,-5.3e-05,<a refstr=LIVINGSTON_ET_AL__2018 href=https://ui.adsabs.harvard.edu/abs/2018AJ....156..277L/abstract target=ref>Livingston et al. 2018</a>,7.76,0.47,-0.47,0.69230083,759.6137,27.65121,-27.65121,Mass,<a refstr=BAYLISS_ET_AL__2018 href=https://ui.adsabs.harvard.edu/abs/2018AJ....155..119B/abstract target=ref>Bayliss et al. 2018</a>,2.39,1.12,0.085,,,566.4817,1446.0,F,6357.0,1.17,1.16,-0.1,0.06056701030927835
Kepler-1136 b,Kepler-1136,1,1,Transit,2016,2.361724329,0.0299,89.97,3.651e-06,-3.651e-06,<a refstr=MORTON_ET_AL__2016 href=https://ui.adsabs.harvard.edu/abs/2016ApJ...822...86M/abstract target=ref>Morton et al. 2016</a>,1.64,0.1,-0.09,0.146311,3.33,,,M-R relationship,<a refstr=CALCULATED_VALUE href=/docs/pscp_calc.html target=_blank>Calculated Value</a>,0.0105,4.15,0.0,,,150.055,922.0,,4512.0,0.68,0.72,0.03,0.06097560975609757
Kepler-635 b,Kepler-635,1,1,Transit,2016,23.44971004,0.18332,89.46,7.672e-05,-7.672e-05,<a refstr=MORTON_ET_AL__2016 href=https://ui.adsabs.harvard.edu/abs/2016ApJ...822...86M/abstract target=ref>Morton et al. 2016</a>,2.64,0.36,-0.27,0.23552502,7.46,,,M-R relationship,<a refstr=CALCULATED_VALUE href=/docs/pscp_calc.html target=_blank>Calculated Value</a>,0.0235,2.23,0.0,,,193.927,802.0,,6174.0,1.51,1.33,0.41,0.13636363636363635
TOI-1279 b,TOI-1279,1,1,Transit,2024,9.61419,0.085,,4e-05,-4e-05,<a refstr=POLANSKI_ET_AL__2024 href=https://ui.adsabs.harvard.edu/abs/2024ApJS..272...32P/abstract target=ref>Polanski et al. 2024</a>,2.66146528,0.13795921,-0.10646515,0.23744044,10.6,2.5,-2.5,Mass,<a refstr=POLANSKI_ET_AL__2024 href=https://ui.adsabs.harvard.edu/abs/2024ApJS..272...32P/abstract target=ref>Polanski et al. 2024</a>,0.03335133,3.05,0.0,,,74.7359,759.0,,5457.0,0.8426,0.8784,-0.079,0.051835810535165054
Kepler-468 b,Kepler-468,1,1,Transit,2016,38.478757067,0.2213,90.0,4.851e-06,-4.851e-06,<a refstr=MORTON_ET_AL__2016 href=https://ui.adsabs.harvard.edu/abs/2016ApJ...822...86M/abstract target=ref>Morton et al. 2016</a>,13.34,0.32,-0.29,1.19011509,,,,Msini,<a refstr=MORTON_ET_AL__2016 href=https://ui.adsabs.harvard.edu/abs/2016ApJ...822...86M/abstract target=ref>Morton et al. 2016</a>,,,0.0,,,11.241,484.0,,5498.0,0.87,0.96,0.1,0.0239880059970015
TOI-682.01,TOI-682,1,1,Transit,2021,6.8392388,,,1.27e-05,-1.27e-05,<a refstr=EXOFOP href=https://exofop.ipac.caltech.edu/tess/view_toi.php target=ref>ExoFOP</a>,3.74186,0.251835,-0.251835,0.33382696,13.5,,,M-R relationship,<a refstr=CALCULATED_VALUE href=/docs/pscp_calc.html target=_blank>Calculated Value</a>,0.0424,1.42,,,,234.46,1090.0,,5085.0,1.08,0.85,0.27,0.06730209040423746
Kepler-537 b,Kepler-537,1,1,Transit,2016,3.247555219,0.04317,88.14,5.26e-06,-5.26e-06,<a refstr=MORTON_ET_AL__2016 href=https://ui.adsabs.harvard.edu/abs/2016ApJ...822...86M/abstract target=ref>Morton et al. 2016</a>,1.41,0.06,-0.04,0.12579177,2.57,,,M-R relationship,<a refstr=CALCULATED_VALUE href=/docs/pscp_calc.html target=_blank>Calculated Value</a>,0.00809,5.04,0.0,,,442.522,1181.0,,5763.0,0.99,1.07,0.23,0.0425531914893617
NGTS-6 b,NGTS-6,1,1,Transit,2019,0.882059,0.01677,78.231,8e-07,-8e-07,<a refstr=VINES_ET_AL__2019 href=https://ui.adsabs.harvard.edu/abs/2019MNRAS.489.4125V/abstract target=ref>Vines et al. 2019</a>,14.863134,1.087273,-1.255408,1.326,425.57437,8.89924,-8.89924,Mass,<a refstr=VINES_ET_AL__2019 href=https://ui.adsabs.harvard.edu/abs/2019MNRAS.489.4125V/abstract target=ref>Vines et al. 2019</a>,1.339,0.711,0.0,,,983.4246,1283.9,,4730.0,0.754,0.767,0.11,0.08446455505279035
Kepler-818 b,Kepler-818,1,1,Transit,2016,10.035385814,0.0886,89.81,6.587e-06,-6.587e-06,<a refstr=MORTON_ET_AL__2016 href=https://ui.adsabs.harvard.edu/abs/2016ApJ...822...86M/abstract target=ref>Morton et al. 2016</a>,5.11,0.79,-0.43,0.45588366,22.9,,,M-R relationship,<a refstr=CALCULATED_VALUE href=/docs/pscp_calc.html target=_blank>Calculated Value</a>,0.072,0.943,0.0,,,100.779,786.0,,5638.0,0.92,0.94,-0.08,0.15459882583170254
WASP-83 b,WASP-83,1,1,Transit,2015,4.971252,0.059,88.9,1.5e-05,-1.5e-05,<a refstr=HELLIER_ET_AL__2015 href=https://ui.adsabs.harvard.edu/abs/2015AJ....150...18H/abstract target=ref>Hellier et al. 2015</a>,11.65736,0.89672,-0.56045,1.04,95.349,9.5349,-9.5349,Mass,<a refstr=HELLIER_ET_AL__2015 href=https://ui.adsabs.harvard.edu/abs/2015AJ....150...18H/abstract target=ref>Hellier et al. 2015</a>,0.3,0.35,0.0,,,238.875,1120.0,G8,5510.0,1.05,1.11,0.29,0.07692307692307691
TOI-715 b,TOI-715,1,1,Transit,2023,19.288004,0.083,89.856,2.7e-05,-2.4e-05,<a refstr=DRANSFIELD_ET_AL_2024 href=https://ui.adsabs.harvard.edu/abs/2024MNRAS.527...35D/abstract target=ref>Dransfield et al. 2024</a>,1.55,0.064,-0.064,0.13828198,3.02,,,M-R relationship,<a refstr=CALCULATED_VALUE href=/docs/pscp_calc.html target=_blank>Calculated Value</a>,0.00951,4.46,,,,0.67,234.0,M4,3075.0,0.24,0.225,-0.25,0.04129032258064516
Gaia-2 b,Gaia-2,1,1,Transit,2022,3.6915224,0.0467,85.21,3.9e-06,-3.9e-06,<a refstr=PANAHI_ET_AL_2022 href=https://ui.adsabs.harvard.edu/abs/2022A&A...663A.101P/abstract target=ref>Panahi et al. 2022</a>,14.81827249,0.14571675,-0.14571675,1.322,259.66580852,14.93793513,-14.93793513,Mass,<a refstr=PANAHI_ET_AL_2022 href=https://ui.adsabs.harvard.edu/abs/2022A&A...663A.101P/abstract target=ref>Panahi et al. 2022</a>,0.817,0.439,,,,512.0235,1213.23,,5720.0,1.064,1.0,,0.00983358553423389
WASP-124 b,WASP-124,1,1,Transit,2016,3.37265,0.0449,86.3,1e-06,-1e-06,<a refstr=MAXTED_ET_AL__2016 href=https://ui.adsabs.harvard.edu/abs/2016A&A...591A..55M/abstract target=ref>Maxted et al. 2016</a>,13.89916,0.33627,-0.33627,1.24,190.698,22.2481,-22.2481,Mass,<a refstr=MAXTED_ET_AL__2016 href=https://ui.adsabs.harvard.edu/abs/2016A&A...591A..55M/abstract target=ref>Maxted et al. 2016</a>,0.6,0.43,0.017,,,748.0,1400.0,F9,6050.0,1.02,1.07,-0.02,0.024193548387096774
TOI-1439 b,TOI-1439,1,1,Transit,2024,27.644,0.192,,0.00012,-0.00012,<a refstr=POLANSKI_ET_AL__2024 href=https://ui.adsabs.harvard.edu/abs/2024ApJS..272...32P/abstract target=ref>Polanski et al. 2024</a>,4.2427861,0.23014642,-0.16769357,0.37851667,38.5,5.7,-5.6,Mass,<a refstr=POLANSKI_ET_AL__2024 href=https://ui.adsabs.harvard.edu/abs/2024ApJS..272...32P/abstract target=ref>Polanski et al. 2024</a>,0.12113455,2.76,0.157,0.083,-0.083,68.4355,748.4,,5841.0,1.6184,1.2313,0.226,0.0542441722433285
WASP-192 b,WASP-192,1,1,Transit,2019,2.8786765,0.0408,82.7,2.8e-06,-2.8e-06,<a refstr=HELLIER_ET_AL__2019 href=https://ui.adsabs.harvard.edu/abs/2019MNRAS.490.1479H/abstract target=ref>Hellier et al. 2019</a>,13.78707,0.89672,-0.89672,1.23,731.009,50.8528,-50.8528,Mass,<a refstr=HELLIER_ET_AL__2019 href=https://ui.adsabs.harvard.edu/abs/2019MNRAS.490.1479H/abstract target=ref>Hellier et al. 2019</a>,2.3,1.62,0.0,,,471.142,1620.0,G0 V,5910.0,1.32,1.09,0.14,0.06504065040650406
Kepler-1107 b,Kepler-1107,1,1,Transit,2016,0.571038518,0.01285,66.6,4.22e-07,-4.22e-07,<a refstr=MORTON_ET_AL__2016 href=https://ui.adsabs.harvard.edu/abs/2016ApJ...822...86M/abstract target=ref>Morton et al. 2016</a>,1.34,0.1,-0.08,0.11954679,2.36,,,M-R relationship,<a refstr=CALCULATED_VALUE href=/docs/pscp_calc.html target=_blank>Calculated Value</a>,0.00742,5.39,0.0,,,2387.261,1897.0,,5268.0,0.82,0.86,0.01,0.07462686567164178
Kepler-40 b,Kepler-40,1,1,Transit,2010,6.87349,0.08,89.7,0.00064,-0.00064,<a refstr=SANTERNE_ET_AL__2011 href=https://ui.adsabs.harvard.edu/abs/2011arXiv1101.0196S/abstract target=ref> Santerne et al. 2011 </a>,13.11,0.45,-0.45,1.17,699.2,127.1,-127.1,Mass,<a refstr=SANTERNE_ET_AL__2011 href=https://ui.adsabs.harvard.edu/abs/2011arXiv1101.0196S/abstract target=ref> Santerne et al. 2011 </a>,2.2,1.68,0.0,,,1187.965,1620.0,F5 IV,6510.0,2.13,1.48,0.1,0.034324942791762014
TOI-908 b,TOI-908,1,1,Transit,2023,3.183792,0.041657,86.475,7e-06,-7e-06,<a refstr=HAWTHORN_ET_AL_2023 href=https://ui.adsabs.harvard.edu/abs/2023MNRAS.524.3877H/abstract target=ref>Hawthorn et al. 2023</a>,3.186,0.155,-0.155,0.28423637,16.137,4.112,-4.039,Mass,<a refstr=HAWTHORN_ET_AL_2023 href=https://ui.adsabs.harvard.edu/abs/2023MNRAS.524.3877H/abstract target=ref>Hawthorn et al. 2023</a>,0.05077268,2.742,0.132,0.091,-0.091,80.884,1317.0,G V,5626.0,1.028,0.95,0.08,0.04865034526051475
Kepler-851 b,Kepler-851,1,1,Transit,2016,8.50699658,0.0802,86.53,3.708e-05,-3.708e-05,<a refstr=MORTON_ET_AL__2016 href=https://ui.adsabs.harvard.edu/abs/2016ApJ...822...86M/abstract target=ref>Morton et al. 2016</a>,1.68,0.27,-0.21,0.14987956,3.46,,,M-R relationship,<a refstr=CALCULATED_VALUE href=/docs/pscp_calc.html target=_blank>Calculated Value</a>,0.0109,4.01,0.0,,,103.828,900.0,,5455.0,0.85,0.89,-0.07,0.16071428571428573
Kepler-827 b,Kepler-827,1,1,Transit,2016,51.92927591,0.2742,89.69,9.288e-05,-9.288e-05,<a refstr=MORTON_ET_AL__2016 href=https://ui.adsabs.harvard.edu/abs/2016ApJ...822...86M/abstract target=ref>Morton et al. 2016</a>,5.63,0.7,-0.46,0.50227496,27.0,,,M-R relationship,<a refstr=CALCULATED_VALUE href=/docs/pscp_calc.html target=_blank>Calculated Value</a>,0.0849,0.831,0.0,,,23.602,574.0,,5602.0,0.91,0.93,-0.06,0.12433392539964476
K2-346 b,K2-346,1,1,Transit,2021,26.201446,,89.51661,0.003331,-0.003124,<a refstr=DE_LEON_ET_AL_2021 href=https://ui.adsabs.harvard.edu/abs/2021MNRAS.508..195D/abstract target=ref>de Leon et al. 2021</a>,2.26,0.19,-0.1,0.20162404,5.73,,,M-R relationship,<a refstr=CALCULATED_VALUE href=/docs/pscp_calc.html target=_blank>Calculated Value</a>,0.018,2.73,,,,8.8138,450.0,,4801.0,0.7,0.71,-0.18,0.084070796460177
Kepler-77 b,Kepler-77,1,1,Transit,2013,3.57878087,0.04501,88.0,2.3e-07,-2.3e-07,<a refstr=GANDOLFI_ET_AL__2013 href=https://ui.adsabs.harvard.edu/abs/2013A%26A...557A..74G/abstract target=ref> Gandolfi et al. 2013 </a>,10.761,0.179,-0.179,0.96,136.661,10.17,-10.17,Mass,<a refstr=GANDOLFI_ET_AL__2013 href=https://ui.adsabs.harvard.edu/abs/2013A%26A...557A..74G/abstract target=ref> Gandolfi et al. 2013 </a>,0.43,0.603,0.0,,,432.871,1440.0,G5 V,5520.0,0.99,0.95,0.2,0.01663414180838212
Kepler-1509 b,Kepler-1509,1,1,Transit,2016,25.4338197,0.1707,89.55,0.0003114,-0.0003114,<a refstr=MORTON_ET_AL__2016 href=https://ui.adsabs.harvard.edu/abs/2016ApJ...822...86M/abstract target=ref>Morton et al. 2016</a>,1.85,0.37,-0.16,0.16504595,4.08,,,M-R relationship,<a refstr=CALCULATED_VALUE href=/docs/pscp_calc.html target=_blank>Calculated Value</a>,0.0128,3.54,0.0,,,83.081,667.0,,5780.0,0.99,1.0,0.03,0.19999999999999998
K2-403 b,K2-403,1,1,Transit,2022,33.589979,,,0.000768,-0.000768,<a refstr=CHRISTIANSEN_ET_AL_2022 href=https://ui.adsabs.harvard.edu/abs/2022AJ....163..244C/abstract target=ref>Christiansen et al. 2022</a>,5.333,0.357,-0.387,0.47577921,24.6,,,M-R relationship,<a refstr=CALCULATED_VALUE href=/docs/pscp_calc.html target=_blank>Calculated Value</a>,0.0775,0.891,,,,134.883,949.0,G4,5511.0,0.886,0.784,-0.162,0.07256703543971499
K2-253 b,K2-253,1,1,Transit,2018,4.00167,0.0506,,0.00013,-0.00013,<a refstr=LIVINGSTON_ET_AL__2018 href=https://ui.adsabs.harvard.edu/abs/2018AJ....156...78L/abstract target=ref>Livingston et al. 2018</a>,12.67,0.69,-0.61,1.13034169,,,,Msini,<a refstr=LIVINGSTON_ET_AL__2018 href=https://ui.adsabs.harvard.edu/abs/2018AJ....156...78L/abstract target=ref>Livingston et al. 2018</a>,,,,,,365.8185,1238.0,,6027.0,1.1,1.08,0.0,0.054459352801894234
Kepler-1290 b,Kepler-1290,1,1,Transit,2016,4.69500134,0.0557,89.0,4.206e-05,-4.206e-05,<a refstr=MORTON_ET_AL__2016 href=https://ui.adsabs.harvard.edu/abs/2016ApJ...822...86M/abstract target=ref>Morton et al. 2016</a>,1.42,0.21,-0.13,0.12668391,2.6,,,M-R relationship,<a refstr=CALCULATED_VALUE href=/docs/pscp_calc.html target=_blank>Calculated Value</a>,0.00819,4.99,0.0,,,443.221,1098.0,,5660.0,0.93,0.95,-0.02,0.14788732394366197
Kepler-99 b,Kepler-99,2,1,Transit,2014,4.60358,0.05071,89.05,,,<a refstr=MARCY_ET_AL__2014 href=https://ui.adsabs.harvard.edu/abs/2014ApJS..210...20M/abstract target=ref> Marcy et al. 2014 </a>,1.48,0.08,-0.08,0.132,6.15,1.3,-1.3,Mass,<a refstr=MARCY_ET_AL__2014 href=https://ui.adsabs.harvard.edu/abs/2014ApJS..210...20M/abstract target=ref> Marcy et al. 2014 </a>,0.019,10.9,0.0,,,108.042,810.0,,4782.0,0.73,0.79,0.18,0.05405405405405406
Kepler-1010 b,Kepler-1010,1,1,Transit,2016,34.2685705,0.193,89.07,0.0001181,-0.0001181,<a refstr=MORTON_ET_AL__2016 href=https://ui.adsabs.harvard.edu/abs/2016ApJ...822...86M/abstract target=ref>Morton et al. 2016</a>,2.32,0.44,-0.18,0.20697654,5.99,,,M-R relationship,<a refstr=CALCULATED_VALUE href=/docs/pscp_calc.html target=_blank>Calculated Value</a>,0.0189,2.64,0.0,,,10.17,477.0,,5253.0,0.82,0.86,-0.01,0.18965517241379312
Kepler-687 b,Kepler-687,1,1,Transit,2016,20.50586978,0.1326,89.62,2.828e-05,-2.828e-05,<a refstr=MORTON_ET_AL__2016 href=https://ui.adsabs.harvard.edu/abs/2016ApJ...822...86M/abstract target=ref>Morton et al. 2016</a>,3.52,0.16,-0.2,0.31403337,12.2,,,M-R relationship,<a refstr=CALCULATED_VALUE href=/docs/pscp_calc.html target=_blank>Calculated Value</a>,0.0383,1.54,0.0,,,15.648,518.0,,4841.0,0.73,0.77,-0.04,0.05681818181818182
Kepler-1363 b,Kepler-1363,1,1,Transit,2016,2.94194094,0.0363,89.85,1.171e-05,-1.171e-05,<a refstr=MORTON_ET_AL__2016 href=https://ui.adsabs.harvard.edu/abs/2016ApJ...822...86M/abstract target=ref>Morton et al. 2016</a>,1.25,0.09,-0.08,0.11151753,2.1,,,M-R relationship,<a refstr=CALCULATED_VALUE href=/docs/pscp_calc.html target=_blank>Calculated Value</a>,0.0066,5.91,0.0,,,191.919,988.0,,4839.0,0.72,0.76,-0.09,0.072
Kepler-989 b,Kepler-989,1,1,Transit,2016,7.964315352,0.0734,89.73,9.617e-06,-9.617e-06,<a refstr=MORTON_ET_AL__2016 href=https://ui.adsabs.harvard.edu/abs/2016ApJ...822...86M/abstract target=ref>Morton et al. 2016</a>,2.21,0.14,-0.13,0.19716299,5.52,,,M-R relationship,<a refstr=CALCULATED_VALUE href=/docs/pscp_calc.html target=_blank>Calculated Value</a>,0.0174,2.81,0.0,,,74.35,805.0,,5074.0,0.78,0.82,0.01,0.06334841628959277
TOI-7041 b,TOI-7041,1,1,Transit,2025,9.691,,,0.006,-0.006,<a refstr=SAUNDERS_ET_AL__2025 href=https://ui.adsabs.harvard.edu/abs/2025AJ....169...75S/abstract target=ref>Saunders et al. 2025</a>,11.43316031,0.33626942,-0.33626942,1.02,114.41822652,50.85254512,-50.85254512,Mass,<a refstr=SAUNDERS_ET_AL__2025 href=https://ui.adsabs.harvard.edu/abs/2025AJ....169...75S/abstract target=ref>Saunders et al. 2025</a>,0.36,0.421,0.04,0.04,-0.04,143.259,882.37,,4700.0,4.1,1.07,0.25,0.029411764628707458
TOI-7008 b,TOI-7008,1,1,Transit,2026,0.84069041367,,81.41727,1.64472e-06,-1.66072e-06,<a refstr=LAFARGA_ET_AL_2026 href=https://ui.adsabs.harvard.edu/abs/2026MNRAS.548ag512L/abstract target=ref>Lafarga et al. 2026</a>,4.94735276,0.36048908,-0.34445624,0.44137401,21.7,,,M-R relationship,<a refstr=CALCULATED_VALUE href=/docs/pscp_calc.html target=_blank>Calculated Value</a>,0.0682,0.985,,,,1679.35,1783.0,,5116.06,0.95255,0.88,,0.07286504469917766
TOI-3877 b,TOI-3877,1,1,Transit,2025,4.123596,0.0529,83.97,6.7e-06,-6.7e-06,<a refstr=YEE_ET_AL_2025 href=https://ui.adsabs.harvard.edu/abs/2025ApJS..280...30Y/abstract target=ref>Yee et al. 2025</a>,11.67975789,0.49319515,-0.48198617,1.042,99.7981198,21.93016008,-21.29450327,Mass,<a refstr=YEE_ET_AL_2025 href=https://ui.adsabs.harvard.edu/abs/2025ApJS..280...30Y/abstract target=ref>Yee et al. 2025</a>,0.314,0.342,0.22,,,729.0,1445.0,,5731.0,1.445,1.16,0.269,0.04222648745332854
Kepler-859 b,Kepler-859,1,1,Transit,2016,20.38177573,0.13157,89.59,5.321e-05,-5.321e-05,<a refstr=MORTON_ET_AL__2016 href=https://ui.adsabs.harvard.edu/abs/2016ApJ...822...86M/abstract target=ref>Morton et al. 2016</a>,3.09,0.18,-0.15,0.27567134,9.75,,,M-R relationship,<a refstr=CALCULATED_VALUE href=/docs/pscp_calc.html target=_blank>Calculated Value</a>,0.0307,1.82,0.0,,,14.897,528.0,,5020.0,0.77,0.81,-0.02,0.05825242718446602
Kepler-834 b,Kepler-834,1,1,Transit,2016,13.32388301,0.0862,89.87,5.212e-05,-5.212e-05,<a refstr=MORTON_ET_AL__2016 href=https://ui.adsabs.harvard.edu/abs/2016ApJ...822...86M/abstract target=ref>Morton et al. 2016</a>,2.02,0.1,-0.1,0.18021233,4.74,,,M-R relationship,<a refstr=CALCULATED_VALUE href=/docs/pscp_calc.html target=_blank>Calculated Value</a>,0.0149,3.16,0.0,,,11.845,378.0,,4554.0,0.66,0.7,-0.13,0.04950495049504951
K2-249 b,K2-249,1,1,Transit,2018,12.409,0.1151,,0.00337,-0.00284,<a refstr=LIVINGSTON_ET_AL__2018 href=https://ui.adsabs.harvard.edu/abs/2018AJ....156...78L/abstract target=ref>Livingston et al. 2018</a>,2.79,0.27,-0.22,0.24890713,8.2,,,M-R relationship,<a refstr=CALCULATED_VALUE href=/docs/pscp_calc.html target=_blank>Calculated Value</a>,0.0258,2.07,,,,163.7274,1061.0,,6504.0,1.57,1.32,0.04,0.09677419354838711
TOI-2236 b,TOI-2236,1,1,Transit,2022,3.5315902,0.05009,83.58,2.6e-06,-2.6e-06,<a refstr=YEE_ET_AL__2022 href=https://ui.adsabs.harvard.edu/abs/2022AJ....164...70Y/abstract target=ref>Yee et al. 2022</a>,14.36991326,0.35868738,-0.3474784,1.282,502.16888306,127.1313628,-123.95307873,Mass,<a refstr=YEE_ET_AL__2022 href=https://ui.adsabs.harvard.edu/abs/2022AJ....164...70Y/abstract target=ref>Yee et al. 2022</a>,1.58,0.93,0.0,0.048,-0.052,1356.0,1688.0,,6248.0,1.573,1.343,0.119,0.02496099826840569
Kepler-1125 b,Kepler-1125,1,1,Transit,2016,17.6700642,0.1348,83.69,0.0001176,-0.0001176,<a refstr=MORTON_ET_AL__2016 href=https://ui.adsabs.harvard.edu/abs/2016ApJ...822...86M/abstract target=ref>Morton et al. 2016</a>,1.84,0.3,-0.18,0.1641538,4.04,,,M-R relationship,<a refstr=CALCULATED_VALUE href=/docs/pscp_calc.html target=_blank>Calculated Value</a>,0.0127,3.56,0.0,,,41.04,778.0,,5683.0,0.94,0.95,-0.09,0.16304347826086954
NGTS-9 b,NGTS-9,1,1,Transit,2019,4.43527,0.058,84.1,2e-05,-2e-05,<a refstr=COSTES_ET_AL__2020 href=https://ui.adsabs.harvard.edu/abs/2020MNRAS.491.2834C/abstract target=ref>Costes et al. 2020</a>,11.99363,0.67254,-0.67254,1.07,921.707,54.0311,-54.0311,Mass,<a refstr=COSTES_ET_AL__2020 href=https://ui.adsabs.harvard.edu/abs/2020MNRAS.491.2834C/abstract target=ref>Costes et al. 2020</a>,2.9,2.93,0.06,0.076,-0.052,729.0,1448.0,F8 V,6330.0,1.38,1.34,0.31,0.05607476635514019
TOI-277 b,TOI-277,1,1,Transit,2022,3.994,0.0269,88.9,0.0004,-0.0004,<a refstr=MAGLIANO_ET_AL_2023 href=https://ui.adsabs.harvard.edu/abs/2023MNRAS.519.1562M/abstract target=ref>Magliano et al. 2023</a>,2.65,0.18,-0.18,0.23641757,7.51,,,M-R relationship,<a refstr=CALCULATED_VALUE href=/docs/pscp_calc.html target=_blank>Calculated Value</a>,0.0236,2.22,,,,28.236,587.92,,4031.0,0.362,0.16,-0.01,0.06792452830188679
TIC 67686059 b,TIC 67686059,1,1,Transit,2026,3.52163529551,,88.31448,3.803822e-05,-4.337664e-05,<a refstr=LAFARGA_ET_AL_2026 href=https://ui.adsabs.harvard.edu/abs/2026MNRAS.548ag512L/abstract target=ref>Lafarga et al. 2026</a>,2.59125922,0.419496,-0.31487958,0.23117706,7.23,,,M-R relationship,<a refstr=CALCULATED_VALUE href=/docs/pscp_calc.html target=_blank>Calculated Value</a>,0.0227,2.28,,,,,,,5090.09,0.820458,0.86,,0.16188885957924348
Kepler-533 b,Kepler-533,1,1,Transit,2016,28.51120525,0.16704,88.68,2.321e-05,-2.321e-05,<a refstr=MORTON_ET_AL__2016 href=https://ui.adsabs.harvard.edu/abs/2016ApJ...822...86M/abstract target=ref>Morton et al. 2016</a>,3.38,0.08,-0.32,0.3015434,11.4,,,M-R relationship,<a refstr=CALCULATED_VALUE href=/docs/pscp_calc.html target=_blank>Calculated Value</a>,0.0357,1.62,0.0,,,8.769,423.0,,4758.0,0.72,0.78,0.01,0.09467455621301776
Kepler-1467 b,Kepler-1467,1,1,Transit,2016,47.0569043,0.2388,89.98,0.0001835,-0.0001835,<a refstr=MORTON_ET_AL__2016 href=https://ui.adsabs.harvard.edu/abs/2016ApJ...822...86M/abstract target=ref>Morton et al. 2016</a>,3.3,0.31,-0.25,0.29440628,10.9,,,M-R relationship,<a refstr=CALCULATED_VALUE href=/docs/pscp_calc.html target=_blank>Calculated Value</a>,0.0343,1.67,0.0,,,7.917,411.0,,5332.0,0.82,0.86,-0.07,0.09393939393939395
K2-388 b,K2-388,1,1,Transit,2022,6.33932,,,0.00013,-0.00013,<a refstr=HOWARD_ET_AL__2025 href=https://ui.adsabs.harvard.edu/abs/2025ApJS..278...52H/abstract target=ref>Howard et al. 2025</a>,3.9,0.2,-0.1,0.34793529,14.5,,,M-R relationship,<a refstr=CALCULATED_VALUE href=/docs/pscp_calc.html target=_blank>Calculated Value</a>,0.0455,1.34,,,,138.0,874.0,G8,5310.0,0.91,0.93,0.24,0.05128205128205129
Kepler-623 b,Kepler-623,1,1,Transit,2016,9.07097734,0.0854,89.97,1.283e-05,-1.283e-05,<a refstr=MORTON_ET_AL__2016 href=https://ui.adsabs.harvard.edu/abs/2016ApJ...822...86M/abstract target=ref>Morton et al. 2016</a>,3.01,0.34,-0.21,0.26853421,9.32,,,M-R relationship,<a refstr=CALCULATED_VALUE href=/docs/pscp_calc.html target=_blank>Calculated Value</a>,0.0293,1.88,0.0,,,77.098,825.0,,5443.0,0.86,0.9,-0.03,0.11295681063122925
WASP-176 b,WASP-176,1,1,Transit,2020,3.899052,0.0535,86.7,5e-06,-5e-06,<a refstr=COOKE_ET_AL__2020 href=https://ui.adsabs.harvard.edu/abs/2020AJ....159..255C/abstract target=ref>Cooke et al. 2020</a>,16.869545,0.56045,-0.504405,1.505,271.74465,22.88376,-21.93027,Mass,<a refstr=COOKE_ET_AL__2020 href=https://ui.adsabs.harvard.edu/abs/2020AJ....159..255C/abstract target=ref>Cooke et al. 2020</a>,0.855,0.31,0.0,,,1703.2413,1721.0,F9,5941.0,1.925,1.345,0.164,0.03322259136212625
Kepler-970 b,Kepler-970,2,1,Transit,2016,16.736525,0.139,88.74,2e-05,-2e-05,<a refstr=BARBER_ET_AL_2022 href=https://ui.adsabs.harvard.edu/abs/2022AJ....164...88B/abstract target=ref>Barber et al. 2022</a>,2.609,0.265,-0.203,0.23275979,7.31,,,M-R relationship,<a refstr=CALCULATED_VALUE href=/docs/pscp_calc.html target=_blank>Calculated Value</a>,0.023,2.26,0.34,0.18,-0.22,11.111,464.0,,4290.0,0.71,0.67,0.04,0.1015714833269452
HAT-P-70 b,HAT-P-70,1,1,Transit,2019,2.74432452,0.04739,96.5,7.9e-07,-6.8e-07,<a refstr=ZHOU_ET_AL__2019 href=https://ui.adsabs.harvard.edu/abs/2019AJ....158..141Z/abstract target=ref>Zhou et al. 2019</a>,20.96083,1.68135,-1.1209,1.87,2154.8874,,,Mass,<a refstr=ZHOU_ET_AL__2019 href=https://ui.adsabs.harvard.edu/abs/2019AJ....158..141Z/abstract target=ref>Zhou et al. 2019</a>,6.78,1.54,0.0,,,5405.6,2562.0,,8450.0,1.858,1.89,-0.059,0.0802139037433155
Kepler-943 b,Kepler-943,1,1,Transit,2016,49.7701438,0.2559,88.8,0.0001172,-0.0001172,<a refstr=MORTON_ET_AL__2016 href=https://ui.adsabs.harvard.edu/abs/2016ApJ...822...86M/abstract target=ref>Morton et al. 2016</a>,5.93,0.79,-0.53,0.52903916,29.5,,,M-R relationship,<a refstr=CALCULATED_VALUE href=/docs/pscp_calc.html target=_blank>Calculated Value</a>,0.0928,0.777,0.0,,,10.16,455.0,,5612.0,0.91,0.93,-0.07,0.13322091062394606
TIC 18942729 b,TIC 18942729,1,1,Transit,2026,0.99817838064,,85.23412,6.431083e-05,-6.807615e-05,<a refstr=LAFARGA_ET_AL_2026 href=https://ui.adsabs.harvard.edu/abs/2026MNRAS.548ag512L/abstract target=ref>Lafarga et al. 2026</a>,2.00021315,0.28986198,-0.22039639,0.17844737,4.66,,,M-R relationship,<a refstr=CALCULATED_VALUE href=/docs/pscp_calc.html target=_blank>Calculated Value</a>,0.0147,3.2,,,,,,,4360.11,0.825257,0.652,0.0118,0.14491554562572495
Gaia-1 b,Gaia-1,1,1,Transit,2022,3.052524,0.04047,85.73,1.7e-05,-1.7e-05,<a refstr=PANAHI_ET_AL_2022 href=https://ui.adsabs.harvard.edu/abs/2022A&A...663A.101P/abstract target=ref>Panahi et al. 2022</a>,13.77583728,0.23538859,-0.23538859,1.229,533.95172376,34.96112477,-34.96112477,Mass,<a refstr=PANAHI_ET_AL_2022 href=https://ui.adsabs.harvard.edu/abs/2022A&A...663A.101P/abstract target=ref>Panahi et al. 2022</a>,1.68,1.12,,,,426.5351,1159.07,,5470.0,0.952,0.949,,0.017087062311758085
Kepler-1980 b,Kepler-1980,1,1,Transit,2023,33.0257179,0.2049,89.94,0.0006181,-0.0006181,<a refstr=Q1_Q17_DR25_KOI_TABLE href=https://exoplanetarchive.ipac.caltech.edu/docs/Kepler_KOI_docs.html target=ref>Q1-Q17 DR25 KOI Table</a>,2.21,0.36,-0.12,0.19716333,5.52,,,M-R relationship,<a refstr=CALCULATED_VALUE href=/docs/pscp_calc.html target=_blank>Calculated Value</a>,0.0174,2.81,0.0,,,23.95,564.0,,5819.0,0.99,1.049,0.14,0.16289592760180996
TOI-122 b,TOI-122,1,1,Transit,2020,5.07803,0.0392,88.4,1.5e-05,-1.5e-05,<a refstr=WAALKES_ET_AL__2021 href=https://ui.adsabs.harvard.edu/abs/2021AJ....161...13W/abstract target=ref>Waalkes et al. 2021</a>,2.72,0.18,-0.18,0.24266215,7.85,,,M-R relationship,<a refstr=CALCULATED_VALUE href=/docs/pscp_calc.html target=_blank>Calculated Value</a>,0.0247,2.14,0.0,,,8.8,471.0,M3 V,3403.0,0.334,0.312,,0.06617647058823528
HATS-52 b,HATS-52,1,1,Transit,2017,1.36665436,0.02498,84.7,9.4e-07,-9.4e-07,<a refstr=HENNING_ET_AL__2018 href=https://ui.adsabs.harvard.edu/abs/2018AJ....155...79H/abstract target=ref>Henning et al. 2018</a>,15.490838,0.963974,-0.963974,1.382,711.9392,47.6745,-47.6745,Mass,<a refstr=HENNING_ET_AL__2018 href=https://ui.adsabs.harvard.edu/abs/2018AJ....155...79H/abstract target=ref>Henning et al. 2018</a>,2.24,1.06,0.246,,,1310.22,1834.0,,6010.0,1.046,1.111,-0.2843,0.06222865412445731
Kepler-1298 b,Kepler-1298,1,1,Transit,2016,7.12811928,0.0814,88.82,4.863e-05,-4.863e-05,<a refstr=MORTON_ET_AL__2016 href=https://ui.adsabs.harvard.edu/abs/2016ApJ...822...86M/abstract target=ref>Morton et al. 2016</a>,1.31,0.23,-0.23,0.11687037,2.27,,,M-R relationship,<a refstr=CALCULATED_VALUE href=/docs/pscp_calc.html target=_blank>Calculated Value</a>,0.00714,5.55,0.0,,,1003.027,1373.0,,6339.0,2.0,1.45,0.13,0.17557251908396945
Kepler-1361 b,Kepler-1361,1,1,Transit,2016,3.57554956,0.04304,87.45,2.329e-05,-2.329e-05,<a refstr=MORTON_ET_AL__2016 href=https://ui.adsabs.harvard.edu/abs/2016ApJ...822...86M/abstract target=ref>Morton et al. 2016</a>,0.86,0.12,-0.12,0.07672406,0.566,,,M-R relationship,<a refstr=CALCULATED_VALUE href=/docs/pscp_calc.html target=_blank>Calculated Value</a>,0.00178,4.89,0.0,,,186.069,1061.0,,5131.0,0.79,0.83,0.0,0.13953488372093023
TOI-532 b,TOI-532,1,1,Transit,2021,2.3266508,0.0296,88.08,3e-06,-3e-06,<a refstr=KANODIA_ET_AL__2021 href=https://ui.adsabs.harvard.edu/abs/2021AJ....162..135K/abstract target=ref>Kanodia et al. 2021</a>,5.82,0.19,-0.19,0.51922652,61.5,9.7,-9.3,Mass,<a refstr=KANODIA_ET_AL__2021 href=https://ui.adsabs.harvard.edu/abs/2021AJ....162..135K/abstract target=ref>Kanodia et al. 2021</a>,0.19350064,1.72,0.0,,,94.1,867.0,,3927.0,0.612,0.639,0.338,0.03264604810996564
Kepler-1604 b,Kepler-1604,1,1,Transit,2016,0.683684256,0.01406,40.98,6.28e-07,-6.28e-07,<a refstr=MORTON_ET_AL__2016 href=https://ui.adsabs.harvard.edu/abs/2016ApJ...822...86M/abstract target=ref>Morton et al. 2016</a>,1.41,0.19,-0.11,0.12579177,2.57,,,M-R relationship,<a refstr=CALCULATED_VALUE href=/docs/pscp_calc.html target=_blank>Calculated Value</a>,0.00809,5.04,0.0,,,1391.4,2023.0,,4976.0,0.76,0.81,0.02,0.1347517730496454
Kepler-984 b,Kepler-984,1,1,Transit,2016,43.0342272,0.23688,88.07,0.0001479,-0.0001479,<a refstr=MORTON_ET_AL__2016 href=https://ui.adsabs.harvard.edu/abs/2016ApJ...822...86M/abstract target=ref>Morton et al. 2016</a>,2.12,0.13,-0.11,0.18913373,5.14,,,M-R relationship,<a refstr=CALCULATED_VALUE href=/docs/pscp_calc.html target=_blank>Calculated Value</a>,0.0162,2.96,0.0,,,13.991,484.0,,5610.0,0.93,0.96,0.04,0.06132075471698113
Kepler-435 b,Kepler-435,1,1,Transit,2015,8.6001536,0.0948,85.51,1.8e-06,-1.8e-06,<a refstr=ALMENARA_ET_AL__2015 href=https://ui.adsabs.harvard.edu/abs/2015A&A...575A..71A/abstract target=ref>Almenara et al. 2015</a>,22.31,2.02,-2.02,1.99,266.97,47.67,-47.67,Mass,<a refstr=ALMENARA_ET_AL__2015 href=https://ui.adsabs.harvard.edu/abs/2015A&A...575A..71A/abstract target=ref>Almenara et al. 2015</a>,0.84,0.131,0.114,0.077,-0.077,677.917,1729.0,,6161.0,3.21,1.538,-0.18,0.09054235768713582
WASP-70 A b,WASP-70 A,2,1,Transit,2014,3.7130203,0.04853,87.12,4.7e-06,-4.7e-06,<a refstr=ANDERSON_ET_AL__2014 href=https://ui.adsabs.harvard.edu/abs/2014MNRAS.445.1114A/abstract target=ref>Anderson et al. 2014</a>,13.047,0.818,-1.143,1.164,187.512,6.992,-6.992,Mass,<a refstr=ANDERSON_ET_AL__2014 href=https://ui.adsabs.harvard.edu/abs/2014MNRAS.445.1114A/abstract target=ref>Anderson et al. 2014</a>,0.59,0.499,0.0,,,649.1548,1387.0,G4,5763.0,1.215,1.106,-0.006,0.08760634628650264
TOI-444 b,TOI-444,1,1,Transit,2023,17.9636,0.133,89.647,4e-05,-4e-05,<a refstr=ODDO_ET_AL__2023 href=https://ui.adsabs.harvard.edu/abs/2023AJ....165..134O/abstract target=ref>Oddo et al. 2023</a>,2.77,0.2,-0.2,0.24712327,8.1,,,M-R relationship,<a refstr=CALCULATED_VALUE href=/docs/pscp_calc.html target=_blank>Calculated Value</a>,0.0255,2.09,,,,23.4694,609.0,K1/2 V,5225.0,0.779,0.96,0.08,0.07220216606498195
TrES-1 b,TrES-1,2,1,Transit,2004,3.03007,0.03925,90.0,8e-06,-8e-06,<a refstr=STASSUN_ET_AL__2017 href=https://ui.adsabs.harvard.edu/abs/2017AJ....153..136S/abstract target=ref>Stassun et al. 2017</a>,12.66617,0.67254,-0.67254,1.13,266.9772,34.9613,-34.9613,Mass,<a refstr=STASSUN_ET_AL__2017 href=https://ui.adsabs.harvard.edu/abs/2017AJ....153..136S/abstract target=ref>Stassun et al. 2017</a>,0.84,0.712,0.0,,,318.4582,1140.0,K0 V,5230.0,0.85,1.04,0.02,0.05309734513274337
NGTS-34 b,NGTS-34,1,1,Transit,2025,43.12655,0.257,88.874,0.00012,-0.00017,<a refstr=KENDALL_ET_AL_2026 href=https://ui.adsabs.harvard.edu/abs/2026MNRAS.547f2189K/abstract target=ref>Kendall et al. 2026</a>,3.65,0.22,-0.22,0.32563175,19.1,4.9,-4.5,Mass,<a refstr=KENDALL_ET_AL_2026 href=https://ui.adsabs.harvard.edu/abs/2026MNRAS.547f2189K/abstract target=ref>Kendall et al. 2026</a>,0.06009532,2.16,,,,36.0339,624.0,F8 V,6134.0,1.367,1.266,0.228,0.06027397260273973
K2-274 b,K2-274,1,1,Transit,2018,14.1330314,0.0964,89.44,2.82e-05,-2.82e-05,<a refstr=CASTRO_GONZ_AACUTE_LEZ_ET_AL__2022 href=https://ui.adsabs.harvard.edu/abs/2022MNRAS.509.1075C/abstract target=ref>Castro-Gonz&aacute;lez et al. 2022</a>,2.08,0.12,-0.07,0.18556549,4.98,,,M-R relationship,<a refstr=CALCULATED_VALUE href=/docs/pscp_calc.html target=_blank>Calculated Value</a>,0.0157,3.04,,,,33.3287,655.0,,5044.0,0.7,0.79,-0.16,0.05769230769230769
TOI-1011 b,TOI-1011,1,1,Transit,2025,2.470498,,,7e-06,-7e-06,<a refstr=BRINKMAN_ET_AL__2025 href=https://ui.adsabs.harvard.edu/abs/2025AJ....170..109B/abstract target=ref>Brinkman et al. 2025</a>,1.45,0.05,-0.05,0.12936056,4.04,0.59,-0.59,Mass,<a refstr=BRINKMAN_ET_AL__2025 href=https://ui.adsabs.harvard.edu/abs/2025AJ....170..109B/abstract target=ref>Brinkman et al. 2025</a>,0.01271126,7.28,0.0,,,575.597,1364.0,,5475.0,0.92,0.91,0.03,0.034482758620689655
Kepler-1583 b,Kepler-1583,1,1,Transit,2016,9.32807355,0.08307,89.86,8.851e-05,-8.851e-05,<a refstr=MORTON_ET_AL__2016 href=https://ui.adsabs.harvard.edu/abs/2016ApJ...822...86M/abstract target=ref>Morton et al. 2016</a>,0.6,0.09,-0.05,0.05352841,0.156,,,M-R relationship,<a refstr=CALCULATED_VALUE href=/docs/pscp_calc.html target=_blank>Calculated Value</a>,0.00049,3.97,0.0,,,124.307,788.0,,5645.0,0.91,0.94,-0.07,0.15
HATS-32 b,HATS-32,1,1,Transit,2016,2.8126548,0.04024,87.1,5.5e-06,-5.5e-06,<a refstr=DE_VAL_BORRO_ET_AL__2016 href=https://ui.adsabs.harvard.edu/abs/2016AJ....152..161D/abstract target=ref>de Val-Borro et al. 2016</a>,14.000041,1.614096,-1.076064,1.249,292.4036,31.783,-31.783,Mass,<a refstr=DE_VAL_BORRO_ET_AL__2016 href=https://ui.adsabs.harvard.edu/abs/2016AJ....152..161D/abstract target=ref>de Val-Borro et al. 2016</a>,0.92,0.58,0.471,,,614.5934,1437.0,,5700.0,1.097,1.099,0.39,0.11529223378702963
ZTF J1828+2308 b,ZTF J1828+2308,1,1,Transit,2025,0.1120067,,88.9,8.7e-07,-8.7e-07,<a refstr=PARSONS_ET_AL__2025 href=https://ui.adsabs.harvard.edu/abs/2025MNRAS.537.2112P/abstract target=ref>Parsons et al. 2025</a>,11.13051784,0.21297063,-0.21297063,0.993,6356.56814,317.828407,-317.828407,Mass,<a refstr=PARSONS_ET_AL__2025 href=https://ui.adsabs.harvard.edu/abs/2025MNRAS.537.2112P/abstract target=ref>Parsons et al. 2025</a>,20.0,25.3,,,,,,,15900.0,0.0131,0.61,,0.01913393725803507
Kepler-1876 b,Kepler-1876,1,1,Transit,2021,6.99205,0.0758,89.13,3.8e-05,-3.8e-05,<a refstr=BONOMO_ET_AL_2023 href=https://ui.adsabs.harvard.edu/abs/2023A&A...677A..33B/abstract target=ref>Bonomo et al. 2023</a>,0.853,0.039,-0.026,0.07609969,2.4,,,Mass,<a refstr=BONOMO_ET_AL_2023 href=https://ui.adsabs.harvard.edu/abs/2023A&A...677A..33B/abstract target=ref>Bonomo et al. 2023</a>,0.00755124,19.0,0.098,,,475.0,1299.0,,6104.0,1.477,1.187,0.01,0.04572098475967175
TOI-6564 b,TOI-6564,1,1,Transit,2026,3.985413,0.0542,86.77,1.1e-05,-1.1e-05,<a refstr=BATTLEY_ET_AL_2026 href=https://ui.adsabs.harvard.edu/abs/2026MNRAS.549g1053B/abstract target=ref>Battley et al. 2026</a>,16.39873876,0.21297063,-0.21297063,1.463,222.16205649,20.97667486,-20.97667486,Mass,<a refstr=BATTLEY_ET_AL_2026 href=https://ui.adsabs.harvard.edu/abs/2026MNRAS.549g1053B/abstract target=ref>Battley et al. 2026</a>,0.699,0.277,0.0,,,1257.4271,1445.0,,5943.0,1.7,1.18,0.19,0.012987012789025
TOI-333 b,TOI-333,1,1,Transit,2025,3.7852503,0.049,89.26,5.7e-06,-5.7e-06,<a refstr=ALVES_ET_AL_2026 href=https://ui.adsabs.harvard.edu/abs/2026A&A...705A.210A/abstract target=ref>Alves et al. 2026</a>,4.26,0.11,-0.11,0.3800524,20.1,2.4,-2.4,Mass,<a refstr=ALVES_ET_AL_2026 href=https://ui.adsabs.harvard.edu/abs/2026A&A...705A.210A/abstract target=ref>Alves et al. 2026</a>,0.06324167,1.42,0.0,,,650.4959,1445.0,,6241.0,1.1,1.2,0.01,0.025821596244131457
Kepler-665 b,Kepler-665,1,1,Transit,2016,16.01310205,0.1148,88.14,4.308e-05,-4.308e-05,<a refstr=MORTON_ET_AL__2016 href=https://ui.adsabs.harvard.edu/abs/2016ApJ...822...86M/abstract target=ref>Morton et al. 2016</a>,2.6,0.15,-0.15,0.23195646,7.27,,,M-R relationship,<a refstr=CALCULATED_VALUE href=/docs/pscp_calc.html target=_blank>Calculated Value</a>,0.0229,2.27,0.0,,,20.719,593.0,,4913.0,0.74,0.79,-0.03,0.05769230769230769
Kepler-601 b,Kepler-601,1,1,Transit,2016,5.378868441,0.05494,85.81,7.268e-06,-7.268e-06,<a refstr=MORTON_ET_AL__2016 href=https://ui.adsabs.harvard.edu/abs/2016ApJ...822...86M/abstract target=ref>Morton et al. 2016</a>,1.9,0.27,-0.18,0.16950665,4.27,,,M-R relationship,<a refstr=CALCULATED_VALUE href=/docs/pscp_calc.html target=_blank>Calculated Value</a>,0.0134,3.42,0.0,,,110.619,833.0,,5160.0,0.79,0.85,-0.02,0.14210526315789476
K2-417 b,K2-417,1,1,Transit,2023,6.535,0.063,89.0,0.0014,-0.0014,<a refstr=INCHA_ET_AL__2023 href=https://ui.adsabs.harvard.edu/abs/2023MNRAS.523..474I/abstract target=ref>Incha et al. 2023</a>,3.31,0.14,-0.12,0.29529893,699.2224954,,,Mass,<a refstr=INCHA_ET_AL__2023 href=https://ui.adsabs.harvard.edu/abs/2023MNRAS.523..474I/abstract target=ref>Incha et al. 2023</a>,2.2,,,,,15.8226,558.0,M V,3861.0,0.5776,0.569,,0.04229607250755287
Kepler-1020 b,Kepler-1020,1,1,Transit,2016,96.9151496,0.37594,89.71,0.0003632,-0.0003632,<a refstr=MORTON_ET_AL__2016 href=https://ui.adsabs.harvard.edu/abs/2016ApJ...822...86M/abstract target=ref>Morton et al. 2016</a>,2.28,0.08,-0.09,0.20340798,5.82,,,M-R relationship,<a refstr=CALCULATED_VALUE href=/docs/pscp_calc.html target=_blank>Calculated Value</a>,0.0183,2.7,0.0,,,2.339,325.0,,5227.0,0.8,0.87,0.0,0.03947368421052632
TOI-1750 b,TOI-1750,1,1,Transit,2026,11.33727129656,,88.95634,4.12243e-05,-4.221798e-05,<a refstr=LAFARGA_ET_AL_2026 href=https://ui.adsabs.harvard.edu/abs/2026MNRAS.548ag512L/abstract target=ref>Lafarga et al. 2026</a>,2.78943837,0.34420606,-0.24425703,0.24885745,8.19,,,M-R relationship,<a refstr=CALCULATED_VALUE href=/docs/pscp_calc.html target=_blank>Calculated Value</a>,0.0258,2.07,,,,33.352,612.92,,4683.75,0.768675,0.767,,0.12339618745546975
TOI-1696 b,TOI-1696,1,1,Transit,2022,2.500311,0.0229,88.461,4e-06,-4e-06,<a refstr=MORI_ET_AL__2022 href=https://ui.adsabs.harvard.edu/abs/2022AJ....163..298M/abstract target=ref>Mori et al. 2022</a>,3.09,0.11,-0.11,0.27567181,48.8,,,Mass,<a refstr=MORI_ET_AL__2022 href=https://ui.adsabs.harvard.edu/abs/2022AJ....163..298M/abstract target=ref>Mori et al. 2022</a>,0.15354197,9.44,0.0,,,13.5,489.0,M5V,3185.0,0.2775,0.255,0.336,0.03559870550161812
TIC 77552382 b,TIC 77552382,1,1,Transit,2026,3.51025904942,,87.79345,2.13503e-05,-2.052363e-05,<a refstr=LAFARGA_ET_AL_2026 href=https://ui.adsabs.harvard.edu/abs/2026MNRAS.548ag512L/abstract target=ref>Lafarga et al. 2026</a>,5.69176189,0.68938597,-0.51868695,0.50778586,27.5,,,M-R relationship,<a refstr=CALCULATED_VALUE href=/docs/pscp_calc.html target=_blank>Calculated Value</a>,0.0865,0.82,,,,701.7449,1433.88,,4981.07,0.886956,0.83,,0.1211199595701991
Kepler-567 b,Kepler-567,1,1,Transit,2016,16.54297375,0.1229,89.41,4.149e-05,-4.149e-05,<a refstr=MORTON_ET_AL__2016 href=https://ui.adsabs.harvard.edu/abs/2016ApJ...822...86M/abstract target=ref>Morton et al. 2016</a>,2.25,0.15,-0.12,0.20073156,5.69,,,M-R relationship,<a refstr=CALCULATED_VALUE href=/docs/pscp_calc.html target=_blank>Calculated Value</a>,0.0179,2.74,0.0,,,26.137,611.0,,5148.0,0.79,0.84,0.0,0.06666666666666667
K2-415 b,K2-415,1,1,Transit,2023,4.0179694,0.027,89.32,2.7e-06,-2.7e-06,<a refstr=HIRANO_ET_AL_2023 href=https://ui.adsabs.harvard.edu/abs/2023AJ....165..131H/abstract target=ref>Hirano et al. 2023</a>,1.015,0.051,-0.0051,0.09055239,7.5,,,Mass,<a refstr=HIRANO_ET_AL_2023 href=https://ui.adsabs.harvard.edu/abs/2023AJ....165..131H/abstract target=ref>Hirano et al. 2023</a>,0.02359764,,,,,4.82,412.4,M5 V,3173.0,0.1965,0.1635,-0.13,0.05024630541871921
Kepler-800 b,Kepler-800,1,1,Transit,2016,14.13176026,0.1106,86.95,4.273e-05,-4.273e-05,<a refstr=MORTON_ET_AL__2016 href=https://ui.adsabs.harvard.edu/abs/2016ApJ...822...86M/abstract target=ref>Morton et al. 2016</a>,2.85,0.34,-0.26,0.25425997,8.5,,,M-R relationship,<a refstr=CALCULATED_VALUE href=/docs/pscp_calc.html target=_blank>Calculated Value</a>,0.0267,2.02,0.0,,,44.872,675.0,,5315.0,0.82,0.85,-0.09,0.1192982456140351
K2-271 b,K2-271,1,1,Transit,2018,8.562421,0.077,,0.000127,-0.000127,<a refstr=LIVINGSTON_ET_AL__2018 href=https://ui.adsabs.harvard.edu/abs/2018AJ....156..277L/abstract target=ref>Livingston et al. 2018</a>,7.28,0.23,-0.23,0.6494781,41.8,,,M-R relationship,<a refstr=CALCULATED_VALUE href=/docs/pscp_calc.html target=_blank>Calculated Value</a>,0.131,0.595,,,,133.8067,893.0,,5644.0,0.99,0.83,-0.3,0.03159340659340659
Kepler-1418 b,Kepler-1418,1,1,Transit,2016,22.4764425,0.131,89.8,0.0001747,-0.0001747,<a refstr=MORTON_ET_AL__2016 href=https://ui.adsabs.harvard.edu/abs/2016ApJ...822...86M/abstract target=ref>Morton et al. 2016</a>,1.66,0.08,-0.14,0.14809528,3.39,,,M-R relationship,<a refstr=CALCULATED_VALUE href=/docs/pscp_calc.html target=_blank>Calculated Value</a>,0.0107,4.07,0.0,,,7.29,419.0,,4770.0,0.72,0.77,0.0,0.08433734939759037
MASCARA-4 b,MASCARA-4,2,1,Transit,2020,2.8240932,0.0474,86.89,4.6e-06,-4.6e-06,<a refstr=ZHANG_ET_AL__2022 href=https://ui.adsabs.harvard.edu/abs/2022A&A...666A..47Z/abstract target=ref>Zhang et al. 2022</a>,16.98160576,0.49319515,-0.49319515,1.515,532.36258173,76.59664609,-76.59664609,Mass,<a refstr=ZHANG_ET_AL__2022 href=https://ui.adsabs.harvard.edu/abs/2022A&A...666A..47Z/abstract target=ref>Zhang et al. 2022</a>,1.675,0.481,0.0,,,4913.69,2250.0,A7 V,7800.0,1.79,1.75,0.0,0.029042904244174373
Kepler-1265 b,Kepler-1265,1,1,Transit,2016,6.49441289,0.0612,84.68,2.951e-05,-2.951e-05,<a refstr=MORTON_ET_AL__2016 href=https://ui.adsabs.harvard.edu/abs/2016ApJ...822...86M/abstract target=ref>Morton et al. 2016</a>,1.35,0.07,-0.13,0.12043893,2.39,,,M-R relationship,<a refstr=CALCULATED_VALUE href=/docs/pscp_calc.html target=_blank>Calculated Value</a>,0.00752,5.34,0.0,,,58.15,732.0,,4630.0,0.69,0.71,-0.1,0.0962962962962963
HD 332231 b,HD 332231,1,1,Transit,2020,18.712024,0.145,89.68,2.3e-05,-2.3e-05,<a refstr=POLANSKI_ET_AL__2024 href=https://ui.adsabs.harvard.edu/abs/2024ApJS..272...32P/abstract target=ref>Polanski et al. 2024</a>,9.07303305,0.18720815,-0.17534239,0.80944319,74.1,5.6,-5.4,Mass,<a refstr=POLANSKI_ET_AL__2024 href=https://ui.adsabs.harvard.edu/abs/2024ApJS..272...32P/abstract target=ref>Polanski et al. 2024</a>,0.23314467,0.55,0.0,,,98.09,798.3,F8,6128.0,1.266,1.1642,0.043,0.02063346942178283
TOI-7189 b,TOI-7189,1,1,Transit,2026,2.89055,0.03294,88.41,6.12e-06,-6.1e-06,<a refstr=PREMNATH_ET_AL_2026 href=https://ui.adsabs.harvard.edu/abs/2026AJ....172...92P/abstract target=ref>Premnath et al. 2026</a>,10.9,0.52,-0.52,0.98,159.04,30.96,-29.56,Mass,<a refstr=PREMNATH_ET_AL_2026 href=https://ui.adsabs.harvard.edu/abs/2026AJ....172...92P/abstract target=ref>Premnath et al. 2026</a>,0.5,0.67,0.0601,0.0615,-0.0425,49.3,738.0,M1 V,3775.0,0.591,0.612,0.47,0.047706422018348627
TOI-7265 B b,TOI-7265 B,2,1,Transit,2026,4.17232,0.04007,88.89,2.56e-06,-2.57e-06,<a refstr=PREMNATH_ET_AL_2026 href=https://ui.adsabs.harvard.edu/abs/2026AJ....172...92P/abstract target=ref>Premnath et al. 2026</a>,10.7,0.49,-0.47,0.95,224.95,29.58,-29.51,Mass,<a refstr=PREMNATH_ET_AL_2026 href=https://ui.adsabs.harvard.edu/abs/2026AJ....172...92P/abstract target=ref>Premnath et al. 2026</a>,0.71,1.01,0.0372,0.0421,-0.0258,17.7,571.0,M2 V,3503.0,0.497,0.521,0.35,0.04579439252336449
WISEP J121756.91+162640.2 A b,WISEP J121756.91+162640.2 A,1,1,Imaging,2012,,8.0,,,,,10.468,0.327,-0.327,0.934,6992.0,636.0,-636.0,Mass,<a refstr=LEGGETT_ET_AL__2014 href=https://ui.adsabs.harvard.edu/abs/2014ApJ...780...62L/abstract target=ref> Leggett et al. 2014 </a>,22.0,33.5,,,,0.0,450.0,T8.5,575.0,0.091,0.029,,0.031238058846006878
Kepler-1222 b,Kepler-1222,1,1,Transit,2016,1.916944254,0.02801,87.57,6.111e-06,-6.111e-06,<a refstr=MORTON_ET_AL__2016 href=https://ui.adsabs.harvard.edu/abs/2016ApJ...822...86M/abstract target=ref>Morton et al. 2016</a>,0.79,0.06,-0.06,0.07047908,0.418,,,M-R relationship,<a refstr=CALCULATED_VALUE href=/docs/pscp_calc.html target=_blank>Calculated Value</a>,0.00131,4.66,0.0,,,416.231,1246.0,,5239.0,0.8,0.84,-0.04,0.07594936708860758
Kepler-463 b,Kepler-463,1,1,Transit,2016,8.981016833,0.07925,89.85,3.162e-06,-3.162e-06,<a refstr=MORTON_ET_AL__2016 href=https://ui.adsabs.harvard.edu/abs/2016ApJ...822...86M/abstract target=ref>Morton et al. 2016</a>,3.05,0.43,-0.3,0.27210277,9.53,,,M-R relationship,<a refstr=CALCULATED_VALUE href=/docs/pscp_calc.html target=_blank>Calculated Value</a>,0.03,1.85,0.0,,,166.039,880.0,,5661.0,0.9,0.87,-0.28,0.14098360655737704
TOI-2337 b,TOI-2337,1,1,Transit,2022,2.99432,,,8e-05,-8e-05,<a refstr=GRUNBLATT_ET_AL__2022 href=https://ui.adsabs.harvard.edu/abs/2022AJ....163..120G/abstract target=ref>Grunblatt et al. 2022</a>,10.08808263,1.12089807,-1.12089807,0.9,508.5254512,47.67426105,-47.67426105,Mass,<a refstr=GRUNBLATT_ET_AL__2022 href=https://ui.adsabs.harvard.edu/abs/2022AJ....163..120G/abstract target=ref>Grunblatt et al. 2022</a>,1.6,2.72,0.019,0.017,-0.017,619.5809,1272.46,,4780.0,3.22,1.325,0.39,0.1111111111111111
Kepler-566 b,Kepler-566,1,1,Transit,2016,18.42794624,0.1247,88.81,4.23e-05,-4.23e-05,<a refstr=MORTON_ET_AL__2016 href=https://ui.adsabs.harvard.edu/abs/2016ApJ...822...86M/abstract target=ref>Morton et al. 2016</a>,2.15,0.13,-0.13,0.19181015,5.27,,,M-R relationship,<a refstr=CALCULATED_VALUE href=/docs/pscp_calc.html target=_blank>Calculated Value</a>,0.0166,2.91,0.0,,,16.879,526.0,,5132.0,0.79,0.83,-0.01,0.060465116279069774
Kepler-1224 b,Kepler-1224,1,1,Transit,2016,13.32351601,0.11625,89.5,7.281e-05,-7.281e-05,<a refstr=MORTON_ET_AL__2016 href=https://ui.adsabs.harvard.edu/abs/2016ApJ...822...86M/abstract target=ref>Morton et al. 2016</a>,1.33,0.12,-0.08,0.11865465,2.33,,,M-R relationship,<a refstr=CALCULATED_VALUE href=/docs/pscp_calc.html target=_blank>Calculated Value</a>,0.00733,5.44,0.0,,,132.663,872.0,,6155.0,1.22,1.18,0.14,0.09022556390977443
WASP-149 b,WASP-149,1,1,Transit,2025,1.332813,0.024,83.02,6e-07,-5e-07,<a refstr=SCHANCHE_ET_AL_2025 href=https://ui.adsabs.harvard.edu/abs/2025AJ....169..334S/abstract target=ref>Schanche et al. 2025</a>,15.24421375,0.67253884,-0.67253884,1.36,314.96795134,62.29436777,-62.29436777,Mass,<a refstr=SCHANCHE_ET_AL_2025 href=https://ui.adsabs.harvard.edu/abs/2025AJ....169..334S/abstract target=ref>Schanche et al. 2025</a>,0.991,0.49,0.0,,,1966.0,1855.0,,5750.0,1.08,1.05,0.0,0.04411764693341432
WASP-60 b,WASP-60,1,1,Transit,2012,4.305,0.05548,87.9,6e-06,-6e-06,<a refstr=STASSUN_ET_AL__2017 href=https://ui.adsabs.harvard.edu/abs/2017AJ....153..136S/abstract target=ref>Stassun et al. 2017</a>,9.86392,1.34508,-1.34508,0.88,174.8065,60.3877,-60.3877,Mass,<a refstr=STASSUN_ET_AL__2017 href=https://ui.adsabs.harvard.edu/abs/2017AJ....153..136S/abstract target=ref>Stassun et al. 2017</a>,0.55,0.378,0.0,,,925.4935,1479.0,G1 V,5900.0,1.17,1.19,-0.04,0.13636363636363635
TOI-5916 b,TOI-5916,1,1,Transit,2026,2.36712341,0.02789,89.13,3.3e-06,-3.2e-06,<a refstr=O_BRIEN_ET_AL_2026 href=https://ui.adsabs.harvard.edu/abs/2026AJ....172..117O/abstract target=ref>O&#39;Brien et al. 2026</a>,11.8,0.52,-0.51,1.05,219.0,28.0,-28.0,Mass,<a refstr=O_BRIEN_ET_AL_2026 href=https://ui.adsabs.harvard.edu/abs/2026AJ....172..117O/abstract target=ref>O&#39;Brien et al. 2026</a>,0.688,0.73,0.045,0.05,-0.032,43.8,716.0,M2,3541.0,0.487,0.518,0.04,0.04406779661016949
TOI-603 b,TOI-603,1,1,Transit,2026,16.179846,0.1282,89.58,1.9e-05,-1.7e-05,<a refstr=LILLO_BOX_ET_AL_2026 href=https://ui.adsabs.harvard.edu/abs/2026arXiv260719756L/abstract target=ref>Lillo-Box et al. 2026</a>,7.37,0.24,-0.23,0.65750849,33.0,6.5,-6.2,Mass,<a refstr=LILLO_BOX_ET_AL_2026 href=https://ui.adsabs.harvard.edu/abs/2026arXiv260719756L/abstract target=ref>Lillo-Box et al. 2026</a>,0.10382961,0.453,,,,157.0,899.0,F8 IV,6027.0,1.477,1.24,0.183,0.032564450474898234
TOI-2128 b,TOI-2128,1,1,Transit,2024,16.34136,0.127,,0.00013,-0.00013,<a refstr=POLANSKI_ET_AL__2024 href=https://ui.adsabs.harvard.edu/abs/2024ApJS..272...32P/abstract target=ref>Polanski et al. 2024</a>,2.08874836,0.08866263,-0.07642236,0.18634597,4.5,2.0,-2.0,Mass,<a refstr=POLANSKI_ET_AL__2024 href=https://ui.adsabs.harvard.edu/abs/2024ApJS..272...32P/abstract target=ref>Polanski et al. 2024</a>,0.01415858,2.68,0.0,,,86.2315,780.53,,5968.0,1.1174,1.0251,-0.07,0.04244773171240217
WASP-172 b,WASP-172,1,1,Transit,2018,5.477433,0.0694,86.7,7e-06,-7e-06,<a refstr=HELLIER_ET_AL__2019 href=https://ui.adsabs.harvard.edu/abs/2019MNRAS.482.1379H/abstract target=ref>Hellier et al. 2019</a>,17.59813,1.1209,-1.1209,1.57,149.3801,31.783,-31.783,Mass,<a refstr=HELLIER_ET_AL__2019 href=https://ui.adsabs.harvard.edu/abs/2019MNRAS.482.1379H/abstract target=ref>Hellier et al. 2019</a>,0.47,0.16,0.0,,,1506.5,1740.0,F1 V,6900.0,1.91,1.49,-0.1,0.06369426751592357
Kepler-1493 b,Kepler-1493,1,1,Transit,2016,15.0217983,0.1197,82.45,0.0001075,-0.0001075,<a refstr=MORTON_ET_AL__2016 href=https://ui.adsabs.harvard.edu/abs/2016ApJ...822...86M/abstract target=ref>Morton et al. 2016</a>,1.41,0.27,-0.23,0.12579177,2.57,,,M-R relationship,<a refstr=CALCULATED_VALUE href=/docs/pscp_calc.html target=_blank>Calculated Value</a>,0.00809,5.04,0.0,,,137.91,874.0,,5863.0,1.29,1.06,0.06,0.1914893617021277
TOI-2114 b,TOI-2114,1,1,Transit,2026,6.209959,0.076,84.39,4.5e-06,-4.7e-06,<a refstr=LILLO_BOX_ET_AL_2026 href=https://ui.adsabs.harvard.edu/abs/2026arXiv260719756L/abstract target=ref>Lillo-Box et al. 2026</a>,14.54925695,0.67253884,-0.67253884,1.298,324.18497514,47.67426105,-44.49597698,Mass,<a refstr=LILLO_BOX_ET_AL_2026 href=https://ui.adsabs.harvard.edu/abs/2026arXiv260719756L/abstract target=ref>Lillo-Box et al. 2026</a>,1.02,0.58,0.472,0.026,-0.026,1130.0,1472.0,F5 IV,6400.0,1.97,1.309,0.001,0.04622496133728671
TOI-5806 b,TOI-5806,2,1,Transit,2026,3.1856381,0.0484,82.24,1e-06,-1e-06,<a refstr=LILLO_BOX_ET_AL_2026 href=https://ui.adsabs.harvard.edu/abs/2026arXiv260719756L/abstract target=ref>Lillo-Box et al. 2026</a>,15.13212395,1.90552672,-1.23298788,1.35,721.47048389,82.63538582,-79.45710175,Mass,<a refstr=LILLO_BOX_ET_AL_2026 href=https://ui.adsabs.harvard.edu/abs/2026arXiv260719756L/abstract target=ref>Lillo-Box et al. 2026</a>,2.27,1.15,,,,1660.0,1621.0,F3 V,6730.0,1.387,1.333,-0.019,0.1259259259504017
TOI-7169 b,TOI-7169,1,1,Transit,2026,3.4373125,0.0428,84.62,2e-06,-1.9e-06,<a refstr=SIMON_ET_AL_2026 href=https://ui.adsabs.harvard.edu/abs/2026AJ....172..118S/abstract target=ref>Simon et al. 2026</a>,16.53324653,0.32506044,-0.32506044,1.475,130.30964687,44.49597698,-44.49597698,Mass,<a refstr=SIMON_ET_AL_2026 href=https://ui.adsabs.harvard.edu/abs/2026AJ....172..118S/abstract target=ref>Simon et al. 2026</a>,0.41,0.159,0.055,0.11,-0.041,1169.0,1631.0,G,5714.0,1.5,0.885,-0.72,0.019661016933980237
TOI-521 b,TOI-521,1,1,Transit,2025,1.54285047,0.0195,88.6,1e-06,-8e-07,<a refstr=LACEDELLI_ET_AL_2026 href=https://ui.adsabs.harvard.edu/abs/2026A&A...705A.260L/abstract target=ref>Lacedelli et al. 2026</a>,1.98,0.14,-0.14,0.17664407,5.3,1.0,-1.0,Mass,<a refstr=LACEDELLI_ET_AL_2026 href=https://ui.adsabs.harvard.edu/abs/2026A&A...705A.260L/abstract target=ref>Lacedelli et al. 2026</a>,0.01667566,3.8,0.0,,,66.0,794.0,M3,3544.0,0.421,0.42,-0.12,0.07070707070707072
TOI-2180 b,TOI-2180,1,1,Transit,2022,260.79,0.828,89.955,0.59,-0.58,<a refstr=DALBA_ET_AL__2022 href=https://ui.adsabs.harvard.edu/abs/2022AJ....163...61D/abstract target=ref>Dalba et al. 2022</a>,11.32107051,0.24659758,-0.21297063,1.01,875.61726129,27.65107141,-25.74410097,Mass,<a refstr=DALBA_ET_AL__2022 href=https://ui.adsabs.harvard.edu/abs/2022AJ....163...61D/abstract target=ref>Dalba et al. 2022</a>,2.755,3.32,0.3683,0.0073,-0.0073,2.71,348.0,G5,5695.0,1.636,1.111,0.253,0.021782178618371666
Kepler-985 b,Kepler-985,1,1,Transit,2016,116.331901,0.44664,89.99,0.001381,-0.001381,<a refstr=MORTON_ET_AL__2016 href=https://ui.adsabs.harvard.edu/abs/2016ApJ...822...86M/abstract target=ref>Morton et al. 2016</a>,2.98,0.14,-0.15,0.26585779,9.17,,,M-R relationship,<a refstr=CALCULATED_VALUE href=/docs/pscp_calc.html target=_blank>Calculated Value</a>,0.0288,1.9,0.0,,,2.4,323.0,,5434.0,0.85,0.91,0.0,0.050335570469798654
WASP-73 b,WASP-73,1,1,Transit,2014,4.08722,0.05512,87.4,0.00022,-0.00022,<a refstr=STASSUN_ET_AL__2017 href=https://ui.adsabs.harvard.edu/abs/2017AJ....153..136S/abstract target=ref>Stassun et al. 2017</a>,15.91678,2.46598,-2.46598,1.42,908.9938,292.4036,-292.4036,Mass,<a refstr=STASSUN_ET_AL__2017 href=https://ui.adsabs.harvard.edu/abs/2017AJ....153..136S/abstract target=ref>Stassun et al. 2017</a>,2.86,1.596,0.0,,,2242.3605,1790.0,F9,6030.0,2.55,2.52,0.14,0.15492957746478875
Kepler-733 b,Kepler-733,1,1,Transit,2016,20.83424726,0.1483,89.63,5.682e-05,-5.682e-05,<a refstr=MORTON_ET_AL__2016 href=https://ui.adsabs.harvard.edu/abs/2016ApJ...822...86M/abstract target=ref>Morton et al. 2016</a>,2.82,0.46,-0.19,0.25158355,8.35,,,M-R relationship,<a refstr=CALCULATED_VALUE href=/docs/pscp_calc.html target=_blank>Calculated Value</a>,0.0263,2.05,0.0,,,24.507,595.0,,5418.0,0.86,0.9,0.01,0.16312056737588654
TOI-5108 b,TOI-5108,1,1,Transit,2025,6.753581,0.073,85.91,7e-06,-7e-06,<a refstr=THOMAS_ET_AL_2025 href=https://ui.adsabs.harvard.edu/abs/2025A&A...694A.143T/abstract target=ref>Thomas et al. 2025</a>,6.6,0.1,-0.1,0.58881358,32.0,5.0,-5.0,Mass,<a refstr=THOMAS_ET_AL_2025 href=https://ui.adsabs.harvard.edu/abs/2025A&A...694A.143T/abstract target=ref>Thomas et al. 2025</a>,0.10068326,0.6,,,,122.785,1180.0,,5808.0,1.29,1.1,0.2,0.015151515151515154
Kepler-410 A b,Kepler-410 A,2,1,Transit,2013,17.833648,0.1226,87.72,5.4e-05,-5.4e-05,<a refstr=VAN_EYLEN_ET_AL__2014 href=https://ui.adsabs.harvard.edu/abs/2014ApJ...782...14V/abstract target=ref> Van Eylen et al. 2014 </a>,2.838,0.054,-0.054,0.253,8.44,,,M-R relationship,<a refstr=CALCULATED_VALUE href=/docs/pscp_calc.html target=_blank>Calculated Value</a>,0.0265,2.03,0.17,0.1,-0.05,159.5,866.0,,6273.0,1.352,1.214,0.01,0.019027484143763214
Kepler-1628 b,Kepler-1628,1,1,Transit,2016,76.378033,0.2952,89.71,0.001833,-0.001833,<a refstr=MORTON_ET_AL__2016 href=https://ui.adsabs.harvard.edu/abs/2016ApJ...822...86M/abstract target=ref>Morton et al. 2016</a>,6.43,0.94,-0.51,0.57364618,33.8,,,M-R relationship,<a refstr=CALCULATED_VALUE href=/docs/pscp_calc.html target=_blank>Calculated Value</a>,0.106,0.699,0.0,,,0.79,240.0,,3724.0,0.52,0.55,0.17,0.14618973561430793
OGLE2-TR-L9 b,OGLE2-TR-L9,1,1,Transit,2008,2.4855335,0.0308,79.8,7e-07,-7e-07,<a refstr=SNELLEN_ET_AL__2009 href=https://ui.adsabs.harvard.edu/abs/2009A&A...497..545S/abstract target=ref> Snellen et al. 2009 </a>,18.046,0.448,-0.448,1.61,1430.175,476.725,-476.725,Mass,<a refstr=SNELLEN_ET_AL__2009 href=https://ui.adsabs.harvard.edu/abs/2009A&A...497..545S/abstract target=ref> Snellen et al. 2009 </a>,4.5,1.25,,,,4135.4482,2034.0,,6933.0,1.53,1.52,-0.05,0.02482544608223429
TOI-5736 b,TOI-5736,1,1,Transit,2025,0.64899,,84.5,1e-05,-1e-05,<a refstr=GOMEZ_BARRIENTOS_ET_AL_2026 href=https://ui.adsabs.harvard.edu/abs/2026AJ....171...99G/abstract target=ref>Gomez Barrientos et al. 2026</a>,1.56,0.07,-0.07,0.13917412,3.05,,,M-R relationship,<a refstr=CALCULATED_VALUE href=/docs/pscp_calc.html target=_blank>Calculated Value</a>,0.00961,4.41,,,,493.4827,1311.0,,3949.0,0.58,0.57,,0.04487179487179487
Kepler-1577 b,Kepler-1577,1,1,Transit,2016,6.30560247,0.0657,87.71,3.666e-05,-3.666e-05,<a refstr=MORTON_ET_AL__2016 href=https://ui.adsabs.harvard.edu/abs/2016ApJ...822...86M/abstract target=ref>Morton et al. 2016</a>,1.13,0.05,-0.11,0.10081185,1.51,,,M-R relationship,<a refstr=CALCULATED_VALUE href=/docs/pscp_calc.html target=_blank>Calculated Value</a>,0.00474,5.75,0.0,,,57.751,1125.0,,4862.0,0.74,0.78,0.0,0.09734513274336284
Kepler-675 b,Kepler-675,1,1,Transit,2016,2.33743801,0.0325,88.19,2.071e-06,-2.071e-06,<a refstr=MORTON_ET_AL__2016 href=https://ui.adsabs.harvard.edu/abs/2016ApJ...822...86M/abstract target=ref>Morton et al. 2016</a>,2.44,0.24,-0.16,0.21768222,6.53,,,M-R relationship,<a refstr=CALCULATED_VALUE href=/docs/pscp_calc.html target=_blank>Calculated Value</a>,0.0205,2.47,0.0,,,308.547,1070.0,,4945.0,0.75,0.79,-0.05,0.09836065573770492
Kepler-1482 b,Kepler-1482,1,1,Transit,2016,12.25383217,0.09968,89.3,8.407e-05,-8.407e-05,<a refstr=MORTON_ET_AL__2016 href=https://ui.adsabs.harvard.edu/abs/2016ApJ...822...86M/abstract target=ref>Morton et al. 2016</a>,1.01,0.1,-0.11,0.09010616,1.01,,,M-R relationship,<a refstr=CALCULATED_VALUE href=/docs/pscp_calc.html target=_blank>Calculated Value</a>,0.00317,5.39,0.0,,,86.499,678.0,,5381.0,0.84,0.88,-0.04,0.10891089108910891
TOI-5515 b,TOI-5515,1,1,Transit,2026,8.59225810839,,88.58827,0.00077050733,-0.00084098986,<a refstr=LAFARGA_ET_AL_2026 href=https://ui.adsabs.harvard.edu/abs/2026MNRAS.548ag512L/abstract target=ref>Lafarga et al. 2026</a>,2.65362762,0.25797628,-0.22080259,0.23674121,7.53,,,M-R relationship,<a refstr=CALCULATED_VALUE href=/docs/pscp_calc.html target=_blank>Calculated Value</a>,0.0237,2.21,,,,86.6267,778.1,,5483.65,0.835682,0.963,,0.09721645872829739
TOI-2184 b,TOI-2184,1,1,Transit,2022,6.90683,,,9e-05,-9e-05,<a refstr=SAUNDERS_ET_AL__2022 href=https://ui.adsabs.harvard.edu/abs/2022AJ....163...53S/abstract target=ref>Saunders et al. 2022</a>,11.39953337,0.57165802,-0.57165802,1.017,206.58846455,50.85254512,-50.85254512,Mass,<a refstr=SAUNDERS_ET_AL__2022 href=https://ui.adsabs.harvard.edu/abs/2022AJ....163...53S/abstract target=ref>Saunders et al. 2022</a>,0.65,0.76,0.08,0.07,-0.07,1429.0,1676.05,,5966.0,2.9,1.53,0.14,0.05014749301093541
Kepler-1612 b,Kepler-1612,1,1,Transit,2016,3.91795101,0.0482,88.27,2.727e-05,-2.727e-05,<a refstr=MORTON_ET_AL__2016 href=https://ui.adsabs.harvard.edu/abs/2016ApJ...822...86M/abstract target=ref>Morton et al. 2016</a>,1.03,0.18,-0.11,0.09189045,1.08,,,M-R relationship,<a refstr=CALCULATED_VALUE href=/docs/pscp_calc.html target=_blank>Calculated Value</a>,0.0034,5.43,0.0,,,269.248,1030.0,,5643.0,0.94,0.96,0.03,0.17475728155339804
Kepler-1439 b,Kepler-1439,1,1,Transit,2016,8.07392849,0.0594,85.44,4.784e-05,-4.784e-05,<a refstr=MORTON_ET_AL__2016 href=https://ui.adsabs.harvard.edu/abs/2016ApJ...822...86M/abstract target=ref>Morton et al. 2016</a>,1.46,0.14,-0.21,0.13025248,2.73,,,M-R relationship,<a refstr=CALCULATED_VALUE href=/docs/pscp_calc.html target=_blank>Calculated Value</a>,0.00859,4.82,0.0,,,9.081,420.0,,3578.0,0.43,0.46,-0.03,0.14383561643835616
Kepler-1536 b,Kepler-1536,1,1,Transit,2016,364.758031,0.8507,89.59,0.00582,-0.00582,<a refstr=MORTON_ET_AL__2016 href=https://ui.adsabs.harvard.edu/abs/2016ApJ...822...86M/abstract target=ref>Morton et al. 2016</a>,3.14,0.36,-0.53,0.28013204,10.0,,,M-R relationship,<a refstr=CALCULATED_VALUE href=/docs/pscp_calc.html target=_blank>Calculated Value</a>,0.0315,1.77,0.0,,,0.193,166.0,,4434.0,0.67,0.71,0.05,0.16878980891719744
Kepler-961 b,Kepler-961,1,1,Transit,2016,16.87727414,0.12585,89.02,2.872e-05,-2.872e-05,<a refstr=MORTON_ET_AL__2016 href=https://ui.adsabs.harvard.edu/abs/2016ApJ...822...86M/abstract target=ref>Morton et al. 2016</a>,2.55,0.11,-0.08,0.22749576,7.04,,,M-R relationship,<a refstr=CALCULATED_VALUE href=/docs/pscp_calc.html target=_blank>Calculated Value</a>,0.0221,2.33,0.0,,,40.4,642.0,,5582.0,0.9,0.96,0.05,0.04313725490196079
Kepler-1099 b,Kepler-1099,1,1,Transit,2016,2.168452593,0.0337,88.96,2.799e-06,-2.799e-06,<a refstr=MORTON_ET_AL__2016 href=https://ui.adsabs.harvard.edu/abs/2016ApJ...822...86M/abstract target=ref>Morton et al. 2016</a>,2.83,0.43,-0.51,0.25247569,8.4,,,M-R relationship,<a refstr=CALCULATED_VALUE href=/docs/pscp_calc.html target=_blank>Calculated Value</a>,0.0264,2.04,0.0,,,766.344,1558.0,,5837.0,1.0,1.01,-0.02,0.18021201413427562
Kepler-705 b,Kepler-705,1,1,Transit,2016,56.0560538,0.232,89.99,0.0002486,-0.0002486,<a refstr=MORTON_ET_AL__2016 href=https://ui.adsabs.harvard.edu/abs/2016ApJ...822...86M/abstract target=ref>Morton et al. 2016</a>,2.11,0.1,-0.08,0.18824159,5.1,,,M-R relationship,<a refstr=CALCULATED_VALUE href=/docs/pscp_calc.html target=_blank>Calculated Value</a>,0.016,2.98,0.0,,,0.729,265.0,,3722.0,0.51,0.53,0.07,0.047393364928909956
TOI-778 b,TOI-778,1,1,Transit,2023,4.633611,0.06,84.7,1e-06,-1e-06,<a refstr=CLARK_ET_AL__2023 href=https://ui.adsabs.harvard.edu/abs/2023AJ....165..207C/abstract target=ref>Clark et al. 2023</a>,15.4,0.5,-0.5,1.37,878.0,77.0,-72.0,Mass,<a refstr=CLARK_ET_AL__2023 href=https://ui.adsabs.harvard.edu/abs/2023AJ....165..207C/abstract target=ref>Clark et al. 2023</a>,2.8,1.3,0.21,0.04,-0.04,734.672,1561.0,F3 V,6643.0,1.71,1.4,0.0,0.032467532467532464
Kepler-1355 b,Kepler-1355,1,1,Transit,2016,1.289588112,0.0224,86.63,3.503e-06,-3.503e-06,<a refstr=MORTON_ET_AL__2016 href=https://ui.adsabs.harvard.edu/abs/2016ApJ...822...86M/abstract target=ref>Morton et al. 2016</a>,1.46,0.12,-0.1,0.13025248,2.73,,,M-R relationship,<a refstr=CALCULATED_VALUE href=/docs/pscp_calc.html target=_blank>Calculated Value</a>,0.00859,4.82,0.0,,,944.873,1448.0,,5352.0,0.83,0.88,-0.04,0.0821917808219178
Kepler-1579 b,Kepler-1579,1,1,Transit,2016,0.849907889,0.014,81.86,2.927e-06,-2.927e-06,<a refstr=MORTON_ET_AL__2016 href=https://ui.adsabs.harvard.edu/abs/2016ApJ...822...86M/abstract target=ref>Morton et al. 2016</a>,0.84,0.06,-0.05,0.07493978,0.52,,,M-R relationship,<a refstr=CALCULATED_VALUE href=/docs/pscp_calc.html target=_blank>Calculated Value</a>,0.00164,4.82,0.0,,,396.64,1139.0,,4584.0,0.7,0.75,0.11,0.07142857142857142
Kepler-510 b,Kepler-510,1,1,Transit,2016,19.55659418,0.1352,87.7,3.606e-05,-3.606e-05,<a refstr=MORTON_ET_AL__2016 href=https://ui.adsabs.harvard.edu/abs/2016ApJ...822...86M/abstract target=ref>Morton et al. 2016</a>,2.47,0.23,-0.12,0.22035864,6.66,,,M-R relationship,<a refstr=CALCULATED_VALUE href=/docs/pscp_calc.html target=_blank>Calculated Value</a>,0.021,2.43,0.0,,,114.389,797.0,,5746.0,1.41,0.91,-0.35,0.09311740890688258
TIC 34085383 b,TIC 34085383,1,1,Transit,2026,3.47793368523,,87.2174,1.695173e-05,-1.617891e-05,<a refstr=LAFARGA_ET_AL_2026 href=https://ui.adsabs.harvard.edu/abs/2026MNRAS.548ag512L/abstract target=ref>Lafarga et al. 2026</a>,3.91982296,0.40942416,-0.33426205,0.34970378,14.6,,,M-R relationship,<a refstr=CALCULATED_VALUE href=/docs/pscp_calc.html target=_blank>Calculated Value</a>,0.0459,1.33,,,,,,,4694.84,0.809951,0.733,,0.10444965606303812
Kepler-1605 b,Kepler-1605,1,1,Transit,2016,85.7565495,0.36567,89.51,0.0006161,-0.0006161,<a refstr=MORTON_ET_AL__2016 href=https://ui.adsabs.harvard.edu/abs/2016ApJ...822...86M/abstract target=ref>Morton et al. 2016</a>,1.08,0.09,-0.08,0.09635115,1.28,,,M-R relationship,<a refstr=CALCULATED_VALUE href=/docs/pscp_calc.html target=_blank>Calculated Value</a>,0.00403,5.58,0.0,,,16.734,528.0,,5280.0,0.82,0.86,-0.01,0.08333333333333333
OGLE-TR-132 b,OGLE-TR-132,1,1,Transit,2004,1.689868,0.03035,83.4,,,<a refstr=TORRES_ET_AL__2008 href=https://ui.adsabs.harvard.edu/abs/2008ApJ...677.1324T/abstract target=ref> Torres et al. 2008 </a>,13.45,1.68,-1.23,1.2,375.02,44.49,-41.32,Mass,<a refstr=TORRES_ET_AL__2008 href=https://ui.adsabs.harvard.edu/abs/2008ApJ...677.1324T/abstract target=ref> Torres et al. 2008 </a>,1.18,0.85,0.6,,,2550.8364,2013.0,F5 V,6210.0,1.32,1.305,0.37,0.12490706319702602
OGLE-TR-56 b,OGLE-TR-56,1,1,Transit,2002,1.2119189,0.02383,77.6,,,<a refstr=TORRES_ET_AL__2008 href=https://ui.adsabs.harvard.edu/abs/2008ApJ...677.1324T/abstract target=ref> Torres et al. 2008 </a>,15.278,1.031,-1.009,1.36301421,441.77,57.21,-54.03,Mass,<a refstr=TORRES_ET_AL__2008 href=https://ui.adsabs.harvard.edu/abs/2008ApJ...677.1324T/abstract target=ref> Torres et al. 2008 </a>,1.39,0.68,0.0,,,3942.3204,2212.0,F8 V,6050.0,1.363,1.228,0.25,0.06748265479774838
WASP-156 b,WASP-156,1,1,Transit,2017,3.8361629,0.046,88.1,6e-07,-6e-07,<a refstr=LAFARGA_ET_AL_2026 href=https://ui.adsabs.harvard.edu/abs/2026MNRAS.tmp..940L/abstract target=ref>Lafarga et al. 2026</a>,6.15,0.12,-0.12,0.5486672,42.0,2.0,-2.0,Mass,<a refstr=LAFARGA_ET_AL_2026 href=https://ui.adsabs.harvard.edu/abs/2026MNRAS.tmp..940L/abstract target=ref>Lafarga et al. 2026</a>,0.13214678,0.99,0.16,,,150.0,934.5,K3 V,5036.0,0.8268,0.8712,0.32,0.019512195121951216
Kepler-16 b,Kepler-16,2,1,Transit,2011,228.776,0.7048,90.0322,0.02,-0.037,<a refstr=DOYLE_ET_AL__2011 href=https://ui.adsabs.harvard.edu/abs/2011Sci...333.1602D/abstract target=ref> Doyle et al. 2011 </a>,8.4493,0.0291,-0.0291,0.7538,105.833,5.085,-5.085,Mass,<a refstr=DOYLE_ET_AL__2011 href=https://ui.adsabs.harvard.edu/abs/2011Sci...333.1602D/abstract target=ref> Doyle et al. 2011 </a>,0.333,0.964,0.0069,0.001,-0.0015,0.2517,205.9,,4450.0,0.6489,0.6897,-0.3,0.0034440722900121908
WASP-23 b,WASP-23,1,1,Transit,2010,2.9444256,0.0376,88.39,1.1e-06,-1.3e-06,<a refstr=TRIAUD_ET_AL__2011 href=https://ui.adsabs.harvard.edu/abs/2011A%26A...531A..24T/abstract target=ref> Triaud et al. 2011 </a>,10.783,0.527,-0.628,0.962,280.95,27.968,-31.464,Mass,<a refstr=TRIAUD_ET_AL__2011 href=https://ui.adsabs.harvard.edu/abs/2011A%26A...531A..24T/abstract target=ref> Triaud et al. 2011 </a>,0.884,1.17,0.062,,,317.4314,1076.55,,5150.0,0.765,0.78,-0.05,0.05823982194194566
CoRoT-23 b,CoRoT-23,1,1,Transit,2011,3.6313,0.048,85.7,0.0001,-0.0001,<a refstr=ROUAN_ET_AL__2012 href=https://ui.adsabs.harvard.edu/abs/2012A%26A...537A..54R/abstract target=ref> Rouan et al. 2012 </a>,11.77,1.46,-1.46,1.05,889.9,95.3,-95.3,Mass,<a refstr=ROUAN_ET_AL__2012 href=https://ui.adsabs.harvard.edu/abs/2012A%26A...537A..54R/abstract target=ref> Rouan et al. 2012 </a>,2.8,3.0,0.16,0.02,-0.02,530.0221,1660.0,G0 V,5900.0,1.61,1.14,0.05,0.12404418011894648
HATS-1 b,HATS-1,1,1,Transit,2012,3.446459,0.0444,85.6,4e-06,-4e-06,<a refstr=PENEV_ET_AL__2013 href=https://ui.adsabs.harvard.edu/abs/2013AJ....145....5P/abstract target=ref> Penev et al. 2013 </a>,14.594,1.816,-1.098,1.302,589.55,83.268,-62.292,Mass,<a refstr=PENEV_ET_AL__2013 href=https://ui.adsabs.harvard.edu/abs/2013AJ....145....5P/abstract target=ref> Penev et al. 2013 </a>,1.855,1.03,0.12,0.092,-0.092,489.9461,1359.0,,5870.0,1.038,0.986,-0.06,0.12443469919144855
CoRoT-6 b,CoRoT-6,1,1,Transit,2009,8.886593,0.0855,89.07,4e-06,-4e-06,<a refstr=FRIDLUND_ET_AL__2010 href=https://ui.adsabs.harvard.edu/abs/2010A%26A...512A..14F/abstract target=ref> Fridlund et al. 2010 </a>,13.068,0.392,-0.392,1.166,940.74,108.06,-108.06,Mass,<a refstr=FRIDLUND_ET_AL__2010 href=https://ui.adsabs.harvard.edu/abs/2010A%26A...512A..14F/abstract target=ref> Fridlund et al. 2010 </a>,2.96,2.32,0.1,,,145.1436,1017.0,F9 V,6090.0,1.025,1.05,-0.2,0.02999693908784818
HAT-P-37 b,HAT-P-37,1,1,Transit,2011,2.797436,0.0379,86.9,7e-06,-7e-06,<a refstr=BAKOS_ET_AL__2012 href=https://ui.adsabs.harvard.edu/abs/2012arXiv1201.0659B/abstract target=ref> Bakos et al. 2012 </a>,13.204,0.863,-0.863,1.178,371.528,32.735,-32.735,Mass,<a refstr=BAKOS_ET_AL__2012 href=https://ui.adsabs.harvard.edu/abs/2012arXiv1201.0659B/abstract target=ref> Bakos et al. 2012 </a>,1.169,0.89,0.058,0.038,-0.038,412.3914,1271.0,,5500.0,0.877,0.929,0.03,0.06535898212662829
SWEEPS-4 b,SWEEPS-4,1,1,Transit,2006,4.2,0.055,,,,<a refstr=SAHU_ET_AL__2006 href=https://ui.adsabs.harvard.edu/abs/2006Natur.443..534S/abstract target=ref>Sahu et al. 2006</a>,9.079,1.121,-1.121,0.81,1207.7,,,Mass,<a refstr=SAHU_ET_AL__2006 href=https://ui.adsabs.harvard.edu/abs/2006Natur.443..534S/abstract target=ref>Sahu et al. 2006</a>,3.8,8.87,,,,,,,,1.18,1.24,,0.12347174798986672
Kepler-35 b,Kepler-35,2,1,Transit,2011,131.458,0.60347,90.76,0.077,-0.105,<a refstr=WELSH_ET_AL__2012 href=https://ui.adsabs.harvard.edu/abs/2012Natur.481..475W/abstract target=ref> Welsh et al. 2012 </a>,8.16,0.157,-0.157,0.728,40.363,6.356,-6.356,Mass,<a refstr=WELSH_ET_AL__2012 href=https://ui.adsabs.harvard.edu/abs/2012Natur.481..475W/abstract target=ref> Welsh et al. 2012 </a>,0.127,0.41,0.042,0.007,-0.004,2.5804,352.89,,5606.0,1.0284,0.8877,-0.34,0.019240196078431374
CoRoT-16 b,CoRoT-16,1,1,Transit,2011,5.35227,0.0618,85.01,0.0002,-0.0002,<a refstr=OLLIVIER_ET_AL__2012 href=https://ui.adsabs.harvard.edu/abs/2012A%26A...541A.149O/abstract target=ref> Ollivier et al. 2012 </a>,13.11,1.79,-1.57,1.17,170.032,27.014,-26.379,Mass,<a refstr=OLLIVIER_ET_AL__2012 href=https://ui.adsabs.harvard.edu/abs/2012A%26A...541A.149O/abstract target=ref> Ollivier et al. 2012 </a>,0.535,0.44,0.33,0.09,-0.1,96.1756,1195.53,G5 V,5650.0,1.19,1.098,0.19,0.13653699466056446
KELT-1 b,KELT-1,1,1,Transit,2012,1.217514,0.02466,87.8,1.5e-05,-1.5e-05,<a refstr=SIVERD_ET_AL__2012 href=https://ui.adsabs.harvard.edu/abs/2012ApJ...761..123S/abstract target=ref> Siverd et al. 2012 </a>,12.442,0.358687,-0.246598,1.11,8654.15,158.908,-152.552,Mass,<a refstr=SIVERD_ET_AL__2012 href=https://ui.adsabs.harvard.edu/abs/2012ApJ...761..123S/abstract target=ref> Siverd et al. 2012 </a>,27.23,24.7,0.0099,0.01,-0.0069,5165.92,2361.0,,6516.0,1.471,1.335,0.052,0.0288287252853239
CoRoT-5 b,CoRoT-5,1,1,Transit,2009,4.0378962,0.04947,85.83,1.9e-06,-1.9e-06,<a refstr=RAUER_ET_AL__2009 href=https://ui.adsabs.harvard.edu/abs/2009A&A...506..281R/abstract target=ref> Rauer et al. 2009 </a>,15.558,0.516,-0.527,1.388,148.42,14.937,-7.628,Mass,<a refstr=RAUER_ET_AL__2009 href=https://ui.adsabs.harvard.edu/abs/2009A&A...506..281R/abstract target=ref> Rauer et al. 2009 </a>,0.467,0.217,0.09,0.09,-0.04,786.2949,1438.0,F9 V,6100.0,1.186,1.0,-0.25,0.033873248489523076
Kepler-34 b,Kepler-34,2,1,Transit,2011,288.822,1.0896,90.355,0.063,-0.081,<a refstr=WELSH_ET_AL__2012 href=https://ui.adsabs.harvard.edu/abs/2012Natur.481..475W/abstract target=ref> Welsh et al. 2012 </a>,8.564,0.135,-0.157,0.764,69.92,3.496,-3.178,Mass,<a refstr=WELSH_ET_AL__2012 href=https://ui.adsabs.harvard.edu/abs/2012Natur.481..475W/abstract target=ref> Welsh et al. 2012 </a>,0.22,0.613,0.182,0.016,-0.02,1.2545,294.42,,5913.0,1.1618,1.0479,-0.07,0.018332554880896777
WASP-5 b,WASP-5,1,1,Transit,2008,1.6284279,0.0267,86.9,2.2e-06,-4.9e-06,<a refstr=GILLON_ET_AL__2009 href=https://ui.adsabs.harvard.edu/abs/2009A&A...496..259G/abstract target=ref> Gillon et al. 2009 </a>,12.184,0.762,-0.796,1.087,502.15,41.32,-31.78,Mass,<a refstr=GILLON_ET_AL__2009 href=https://ui.adsabs.harvard.edu/abs/2009A&A...496..259G/abstract target=ref> Gillon et al. 2009 </a>,1.58,1.64,0.038,0.026,-0.018,1559.4762,1706.0,G5,5700.0,1.029,0.96,0.09,0.06533158240315168
OGLE-TR-111 b,OGLE-TR-111,1,1,Transit,2004,4.0144463,0.0473,88.3,1e-06,-1e-06,<a refstr=ADAMS_ET_AL__2010 href=https://ui.adsabs.harvard.edu/abs/2010arXiv1003.0457A/abstract target=ref> Adams et al. 2010 </a>,11.421971,0.291434,-0.291434,1.019,174.799,31.782,-31.782,Mass,<a refstr=TORRES_ET_AL__2008 href=https://ui.adsabs.harvard.edu/abs/2008ApJ...677.1324T/abstract target=ref> Torres et al. 2008 </a>,0.55,0.65,0.0,,,204.9529,1019.0,K2 V,5040.0,0.83,0.82,0.19,0.025515210991167814
HAT-P-23 b,HAT-P-23,1,1,Transit,2010,1.212884,0.0232,85.1,2e-06,-2e-06,<a refstr=BAKOS_ET_AL__2010 href=https://ui.adsabs.harvard.edu/abs/2010arXiv1008.3388B/abstract target=ref> Bakos et al. 2010 </a>,15.334,1.009,-1.009,1.368,664.237,35.278,-35.278,Mass,<a refstr=BAKOS_ET_AL__2010 href=https://ui.adsabs.harvard.edu/abs/2010arXiv1008.3388B/abstract target=ref> Bakos et al. 2010 </a>,2.09,1.01,0.106,0.044,-0.044,2796.2342,2056.0,G0,5905.0,1.203,1.13,0.15,0.06580148689187426
HAT-P-20 b,HAT-P-20,1,1,Transit,2010,2.875317,0.0361,86.8,4e-06,-4e-06,<a refstr=BAKOS_ET_AL__2010 href=https://ui.adsabs.harvard.edu/abs/2010arXiv1008.3388B/abstract target=ref> Bakos et al. 2010 </a>,9.718,0.37,-0.37,0.867,2302.899,59.432,-59.432,Mass,<a refstr=BAKOS_ET_AL__2010 href=https://ui.adsabs.harvard.edu/abs/2010arXiv1008.3388B/abstract target=ref> Bakos et al. 2010 </a>,7.246,13.78,0.015,0.005,-0.005,85.1168,970.0,K3,4595.0,0.694,0.756,0.35,0.038073677711463264
CoRoT-17 b,CoRoT-17,1,1,Transit,2011,3.7681,0.0461,88.34,0.0003,-0.0003,<a refstr=CSIZMADIA_ET_AL__2011 href=https://ui.adsabs.harvard.edu/abs/2011A%26A...531A..41C/abstract target=ref> Csizmadia et al. 2011 </a>,11.43,0.78,-0.78,1.02,772.29,95.34,-95.34,Mass,<a refstr=CSIZMADIA_ET_AL__2011 href=https://ui.adsabs.harvard.edu/abs/2011A%26A...531A..41C/abstract target=ref> Csizmadia et al. 2011 </a>,2.43,2.82,0.0,,,640.9232,1626.0,G2 V,5740.0,1.59,1.04,0.0,0.06824146981627296
Kepler-45 b,Kepler-45,1,1,Transit,2011,2.455239,0.03,87.0,4e-06,-4e-06,<a refstr=JOHNSON_ET_AL__2012 href=https://ui.adsabs.harvard.edu/abs/2012AJ....143..111J/abstract target=ref> Johnson et al. 2012 </a>,10.76,1.23,-1.23,0.96,160.497,28.604,-28.604,Mass,<a refstr=JOHNSON_ET_AL__2012 href=https://ui.adsabs.harvard.edu/abs/2012AJ....143..111J/abstract target=ref> Johnson et al. 2012 </a>,0.505,0.8,0.11,0.1,-0.09,68.37,1000.0,M,3820.0,0.55,0.59,0.28,0.11431226765799257
Kepler-14 b,Kepler-14,2,1,Transit,2011,6.790123,0.0771,90.0,4.3e-06,-4.3e-06,<a refstr=BUCHHAVE_ET_AL__2011 href=https://ui.adsabs.harvard.edu/abs/2011ApJS..197....3B/abstract target=ref> Buchhave et al. 2011 </a>,12.733,0.818,-0.605,1.136,2669.66,111.24,-108.06,Mass,<a refstr=BUCHHAVE_ET_AL__2011 href=https://ui.adsabs.harvard.edu/abs/2011ApJS..197....3B/abstract target=ref> Buchhave et al. 2011 </a>,8.4,7.1,0.035,0.02,-0.02,1029.51,1605.0,,6395.0,2.048,1.512,0.12,0.06424251943768161
CoRoT-18 b,CoRoT-18,1,1,Transit,2011,1.9000693,0.0295,86.5,2.8e-06,-2.8e-06,<a refstr=HEBRARD_ET_AL__2011 href=https://ui.adsabs.harvard.edu/abs/2011A%26A...533A.130H/abstract target=ref> Hebrard et al. 2011 </a>,14.68,2.02,-2.02,1.31,1102.82,120.77,-120.77,Mass,<a refstr=HEBRARD_ET_AL__2011 href=https://ui.adsabs.harvard.edu/abs/2011A%26A...533A.130H/abstract target=ref> Hebrard et al. 2011 </a>,3.47,2.2,0.08,,,823.7009,1550.0,G9 V,5440.0,1.0,0.95,-0.1,0.13760217983651227
Kepler-15 b,Kepler-15,1,1,Transit,2011,4.942782,0.05714,87.44,1.3e-06,-1.3e-06,<a refstr=ENDL_ET_AL__2011 href=https://ui.adsabs.harvard.edu/abs/2011ApJS..197...13E/abstract target=ref> Endl et al. 2011 </a>,10.76,0.67,-0.78,0.96,209.76,25.43,-28.6,Mass,<a refstr=ENDL_ET_AL__2011 href=https://ui.adsabs.harvard.edu/abs/2011ApJS..197...13E/abstract target=ref> Endl et al. 2011 </a>,0.66,0.93,0.06,,,430.677,1251.0,,5515.0,0.992,1.018,0.36,0.0724907063197026
CoRoT-14 b,CoRoT-14,1,1,Transit,2010,1.51214,0.027,79.6,0.00013,-0.00013,<a refstr=TINGLEY_ET_AL__2011 href=https://ui.adsabs.harvard.edu/abs/2011A%26A...528A..97T/abstract target=ref> Tingley et al. 2011 </a>,12.22,0.78,-0.78,1.09,2415.4,190.7,-190.7,Mass,<a refstr=TINGLEY_ET_AL__2011 href=https://ui.adsabs.harvard.edu/abs/2011A%26A...528A..97T/abstract target=ref> Tingley et al. 2011 </a>,7.6,7.3,0.0,,,1803.4781,1952.0,F9 V,6035.0,1.21,1.13,0.05,0.06382978723404255
HAT-P-4 b,HAT-P-4,2,1,Transit,2007,3.056536,0.04438,89.91,,,<a refstr=TORRES_ET_AL__2008 href=https://ui.adsabs.harvard.edu/abs/2008ApJ...677.1324T/abstract target=ref> Torres et al. 2008 </a>,14.28,0.549,-0.673,1.274,213.255,10.488,-13.984,Mass,<a refstr=TORRES_ET_AL__2008 href=https://ui.adsabs.harvard.edu/abs/2008ApJ...677.1324T/abstract target=ref> Torres et al. 2008 </a>,0.671,0.403,0.0,,,1438.0,1686.0,F,5860.0,1.596,1.248,0.24,0.04712885154061625
OGLE-TR-10 b,OGLE-TR-10,1,1,Transit,2004,3.101278,0.0434,90.0,,,<a refstr=TORRES_ET_AL__2008 href=https://ui.adsabs.harvard.edu/abs/2008ApJ...677.1324T/abstract target=ref> Torres et al. 2008 </a>,14.011,1.569,-1.345,1.25,197.046,44.494,-44.494,Mass,<a refstr=TORRES_ET_AL__2008 href=https://ui.adsabs.harvard.edu/abs/2008ApJ...677.1324T/abstract target=ref> Torres et al. 2008 </a>,0.62,0.4,0.0,,,818.5035,1702.0,G2 V,5950.0,1.17,1.14,0.28,0.11198344158161445
OGLE-TR-113 b,OGLE-TR-113,1,1,Transit,2004,1.4324752,0.02289,87.8,,,<a refstr=TORRES_ET_AL__2008 href=https://ui.adsabs.harvard.edu/abs/2008ApJ...677.1324T/abstract target=ref> Torres et al. 2008 </a>,12.251,0.314,-0.213,1.093,400.449,50.851,-50.851,Mass,<a refstr=TORRES_ET_AL__2008 href=https://ui.adsabs.harvard.edu/abs/2008ApJ...677.1324T/abstract target=ref> Torres et al. 2008 </a>,1.26,1.2,0.0,,,528.4147,1342.0,K4 V,4790.0,0.774,0.779,0.09,0.025630560770549343
Kepler-476 b,Kepler-476,1,1,Transit,2016,14.00640607,0.1126,88.33,1.794e-05,-1.794e-05,<a refstr=MORTON_ET_AL__2016 href=https://ui.adsabs.harvard.edu/abs/2016ApJ...822...86M/abstract target=ref>Morton et al. 2016</a>,3.08,0.51,-0.3,0.2747792,9.69,,,M-R relationship,<a refstr=CALCULATED_VALUE href=/docs/pscp_calc.html target=_blank>Calculated Value</a>,0.0305,1.82,0.0,,,100.09,807.0,,5837.0,1.09,1.03,0.04,0.16558441558441558
Kepler-1976 b,Kepler-1976,1,1,Transit,2023,4.959319244,0.0565,86.15,5.15e-07,-5.15e-07,<a refstr=Q1_Q17_DR25_KOI_TABLE href=https://exoplanetarchive.ipac.caltech.edu/docs/Kepler_KOI_docs.html target=ref>Q1-Q17 DR25 KOI Table</a>,12.21,1.96,-1.46,1.08930511,,,,Msini,<a refstr=Q1_Q17_DR25_KOI_TABLE href=https://exoplanetarchive.ipac.caltech.edu/docs/Kepler_KOI_docs.html target=ref>Q1-Q17 DR25 KOI Table</a>,,,0.0,,,349.4,1103.0,,5712.0,1.082,0.976,0.1,0.16052416052416052
WASP-155 b,WASP-155,1,1,Transit,2025,3.110413,0.043,86.7,1e-06,-1e-06,<a refstr=SCHANCHE_ET_AL_2025 href=https://ui.adsabs.harvard.edu/abs/2025AJ....169..334S/abstract target=ref>Schanche et al. 2025</a>,13.45077684,0.67253884,-0.67253884,1.2,276.8285425,57.20911326,-57.20911326,Mass,<a refstr=SCHANCHE_ET_AL_2025 href=https://ui.adsabs.harvard.edu/abs/2025AJ....169..334S/abstract target=ref>Schanche et al. 2025</a>,0.871,0.62,0.0,,,771.0,1468.0,,5660.0,1.24,1.09,0.0,0.0499999998513097
WASP-65 b,WASP-65,1,1,Transit,2013,2.3114243,0.0334,88.8,1.5e-06,-1.5e-06,<a refstr=GOMEZ_ET_AL__2013 href=https://ui.adsabs.harvard.edu/abs/2013A%26A...559A..36G/abstract target=ref> Gomez et al. 2013 </a>,12.464,0.661,-0.661,1.112,492.62,50.85,-50.85,Mass,<a refstr=GOMEZ_ET_AL__2013 href=https://ui.adsabs.harvard.edu/abs/2013A%26A...559A..36G/abstract target=ref> Gomez et al. 2013 </a>,1.55,1.5,0.0,,,957.0053,1480.0,G6,5600.0,1.01,0.93,-0.07,0.05303273427471117
Kepler-38 b,Kepler-38,2,1,Transit,2012,105.599,0.4632,89.442,0.038,-0.053,<a refstr=OROSZ_ET_AL__2012 href=https://ui.adsabs.harvard.edu/abs/2012ApJ...758...87O/abstract target=ref> Orosz et al. 2012 </a>,4.3,0.11,-0.11,0.384,122.0,,,Mass,<a refstr=OROSZ_ET_AL__2012 href=https://ui.adsabs.harvard.edu/abs/2012ApJ...758...87O/abstract target=ref> Orosz et al. 2012 </a>,0.384,,0.032,,,14.4568,475.0,G4 V,5623.0,1.752,0.941,-0.11,0.02558139534883721
WASP-1 b,WASP-1,2,1,Transit,2007,2.5199454,0.03889,90.0,5e-07,-5e-07,<a refstr=MACIEJEWSKI_ET_AL__2014 href=https://ui.adsabs.harvard.edu/abs/2014AcA....64...27M/abstract target=ref> Maciejewski et al. 2014</a>,16.623,0.269,-0.381,1.483,271.415,18.116,-16.526,Mass,<a refstr=MACIEJEWSKI_ET_AL__2014 href=https://ui.adsabs.harvard.edu/abs/2014AcA....64...27M/abstract target=ref> Maciejewski et al. 2014</a>,0.854,0.348,0.0,,,2121.5175,1812.0,F7 V,6110.0,1.47,1.24,0.17,0.022920050532394872
WASP-75 b,WASP-75,2,1,Transit,2013,2.484193,0.0375,82.0,3e-06,-3e-06,<a refstr=GOMEZ_ET_AL__2013 href=https://ui.adsabs.harvard.edu/abs/2013A%26A...559A..36G/abstract target=ref> Gomez et al. 2013 </a>,14.235,0.538,-0.538,1.27,340.06,15.89,-15.89,Mass,<a refstr=GOMEZ_ET_AL__2013 href=https://ui.adsabs.harvard.edu/abs/2013A%26A...559A..36G/abstract target=ref> Gomez et al. 2013 </a>,1.07,0.69,0.0,,,1657.0,1710.0,F9,6100.0,1.26,1.14,0.07,0.03779416930101862
WTS-1 b,WTS-1,1,1,Transit,2012,3.352057,0.047,85.5,1.3e-05,-1.5e-05,<a refstr=CAPPETTA_ET_AL__2012 href=https://ui.adsabs.harvard.edu/abs/2012MNRAS.427.1877C/abstract target=ref> Cappetta et al. 2012 </a>,16.7,1.79,-2.02,1.49,1274.44,111.24,-111.24,Mass,<a refstr=CAPPETTA_ET_AL__2012 href=https://ui.adsabs.harvard.edu/abs/2012MNRAS.427.1877C/abstract target=ref> Cappetta et al. 2012 </a>,4.01,1.61,0.1,,,554.9183,1500.0,F6 V,6250.0,1.15,1.2,-0.5,0.12095808383233533
CoRoT-26 b,CoRoT-26,1,1,Transit,2013,4.20474,0.0526,86.8,5e-05,-5e-05,<a refstr=ALMENARA_ET_AL__2013 href=https://ui.adsabs.harvard.edu/abs/2013A%26A...555A.118A/abstract target=ref> Almenara et al. 2013 </a>,14.12,1.46,-0.78,1.26,165.26,15.89,-15.89,Mass,<a refstr=ALMENARA_ET_AL__2013 href=https://ui.adsabs.harvard.edu/abs/2013A%26A...555A.118A/abstract target=ref> Almenara et al. 2013 </a>,0.52,0.28,0.0,,,1021.0065,1600.0,G5,5590.0,1.79,1.09,0.01,0.10339943342776205
HAT-P-42 b,HAT-P-42,1,1,Transit,2012,4.641878,0.0575,85.9,3.2e-05,-3.2e-05,<a refstr=BOISSE_ET_AL__2013 href=https://ui.adsabs.harvard.edu/abs/2013A%26A...558A..86B/abstract target=ref> Boisse et al. 2013 </a>,14.348,1.715,-1.715,1.28,331.801,26.379,-26.379,Mass,<a refstr=BOISSE_ET_AL__2013 href=https://ui.adsabs.harvard.edu/abs/2013A%26A...558A..86B/abstract target=ref> Boisse et al. 2013 </a>,1.044,0.61,0.0,,,684.0973,1428.0,,5743.0,1.53,1.178,0.27,0.11952885419570672
GU Psc b,GU Psc,1,1,Imaging,2014,,2000.0,,,,,14.179,1.289,-1.289,1.265,3591.3,540.3,-540.3,Mass,<a refstr=NAUD_ET_AL__2014 href=https://ui.adsabs.harvard.edu/abs/2014ApJ...787....5N/abstract target=ref> Naud et al. 2014 </a>,11.3,6.92,,,,0.0,1050.0,M3,4031.81,0.450458,0.325,0.1,0.0909090909090909
CoRoT-1 b,CoRoT-1,1,1,Transit,2008,1.5089557,0.02752,85.1,6.4e-06,-6.4e-06,<a refstr=BARGE_ET_AL__2008 href=https://ui.adsabs.harvard.edu/abs/2008A&A...482L..17B/abstract target=ref> Barge et al. 2008 </a>,16.7,0.9,-0.9,1.49,327.35,38.14,-38.14,Mass,<a refstr=BARGE_ET_AL__2008 href=https://ui.adsabs.harvard.edu/abs/2008A&A...482L..17B/abstract target=ref> Barge et al. 2008 </a>,1.03,0.38,0.0,,,2852.63,1898.0,G0 V,5950.0,1.11,0.95,-0.3,0.05389221556886228
HAT-P-45 b,HAT-P-45,1,1,Transit,2014,3.128992,0.0452,87.8,2.1e-05,-2.1e-05,<a refstr=HARTMAN_ET_AL__2014 href=https://ui.adsabs.harvard.edu/abs/2014AJ....147..128H/abstract target=ref> Hartman et al. 2014 </a>,15.984,1.962,-0.975,1.426,283.492,43.541,-31.464,Mass,<a refstr=HARTMAN_ET_AL__2014 href=https://ui.adsabs.harvard.edu/abs/2014AJ....147..128H/abstract target=ref> Hartman et al. 2014 </a>,0.892,0.38,0.049,0.063,-0.063,1052.239,1652.0,,6330.0,1.319,1.259,0.07,0.12274774774774774
HATS-5 b,HATS-5,1,1,Transit,2014,4.763387,0.0542,89.3,1e-05,-1e-05,<a refstr=ZHOU_ET_AL__2014 href=https://ui.adsabs.harvard.edu/abs/2014AJ....147..144Z/abstract target=ref> Zhou et al. 2014 </a>,10.223,0.28,-0.28,0.912,75.323,3.814,-3.914,Mass,<a refstr=ZHOU_ET_AL__2014 href=https://ui.adsabs.harvard.edu/abs/2014AJ....147..144Z/abstract target=ref> Zhou et al. 2014 </a>,0.237,0.39,0.019,0.019,-0.019,183.2395,1025.0,G,5304.0,0.871,0.936,0.19,0.02738922038540546
WASP-64 b,WASP-64,2,1,Transit,2012,1.5732918,0.02648,86.57,1.5e-06,-1.5e-06,<a refstr=GILLON_ET_AL__2013 href=https://ui.adsabs.harvard.edu/abs/2013A%26A...552A..82G/abstract target=ref> Gillon et al. 2013 </a>,14.247,0.437,-0.437,1.271,403.945,21.612,-21.612,Mass,<a refstr=GILLON_ET_AL__2013 href=https://ui.adsabs.harvard.edu/abs/2013A%26A...552A..82G/abstract target=ref> Gillon et al. 2013 </a>,1.271,0.823,0.0,,,1563.6374,1689.0,G7,5400.0,1.058,1.004,-0.08,0.030673124166491192
Kepler-67 b,Kepler-67,1,1,Transit,2013,15.7259,0.1171,89.78,0.00011,-0.00011,<a refstr=MEIBOM_ET_AL__2013 href=https://ui.adsabs.harvard.edu/abs/2013Natur.499...55M/abstract target=ref> Meibom et al. 2013 </a>,2.94,0.16,-0.16,0.262,8.96,,,M-R relationship,<a refstr=CALCULATED_VALUE href=/docs/pscp_calc.html target=_blank>Calculated Value</a>,0.0282,1.94,0.0,,,30.6,602.0,G9 V,5331.0,0.778,0.865,-0.2,0.054421768707483
HAT-P-38 b,HAT-P-38,1,1,Transit,2012,4.640382,0.0523,88.3,3.2e-05,-3.2e-05,<a refstr=SATO_ET_AL__2012 href=https://ui.adsabs.harvard.edu/abs/2012PASJ...64...97S/abstract target=ref> Sato et al. 2012 </a>,9.247,1.031,-0.706,0.825,84.857,6.356,-6.356,Mass,<a refstr=SATO_ET_AL__2012 href=https://ui.adsabs.harvard.edu/abs/2012PASJ...64...97S/abstract target=ref> Sato et al. 2012 </a>,0.267,0.59,0.067,0.047,-0.047,243.0337,1082.0,G5,5330.0,0.923,0.886,0.06,0.11149562020114631
PH1 b,PH1,4,1,Transit,2012,138.317,0.652,90.05,0.04,-0.027,<a refstr=SCHWAMB_ET_AL__2013 href=https://ui.adsabs.harvard.edu/abs/2013ApJ...768..127S/abstract target=ref> Schwamb et al. 2013 </a>,6.18,0.17,-0.17,0.551,169.0,,,Mass,<a refstr=SCHWAMB_ET_AL__2013 href=https://ui.adsabs.harvard.edu/abs/2013ApJ...768..127S/abstract target=ref> Schwamb et al. 2013 </a>,0.531,,0.0702,0.0029,-0.0039,10.7524,481.0,F,6407.0,1.734,1.528,0.21,0.027508090614886734
WASP-126 b,WASP-126,1,1,Transit,2016,3.28883,0.0449,89.51,3.71e-05,-3.71e-05,<a refstr=PEARSON_2019 href=https://ui.adsabs.harvard.edu/abs/2019AJ....158..243P/abstract target=ref>Pearson 2019</a>,10.51358773,0.51853716,-0.51853716,0.93796109,90.3,,,Mass,<a refstr=PEARSON_2019 href=https://ui.adsabs.harvard.edu/abs/2019AJ....158..243P/abstract target=ref>Pearson 2019</a>,0.28411415,0.41,0.18,,,759.3374,1480.0,G2,5800.0,1.27,1.12,0.2068,0.04932066705643974
Kepler-1544 b,Kepler-1544,1,1,Transit,2016,168.811174,0.54465,89.797,0.001271,-0.001271,<a refstr=MORTON_ET_AL__2016 href=https://ui.adsabs.harvard.edu/abs/2016ApJ...822...86M/abstract target=ref>Morton et al. 2016</a>,1.78,0.09,-0.07,0.15880096,3.82,,,M-R relationship,<a refstr=CALCULATED_VALUE href=/docs/pscp_calc.html target=_blank>Calculated Value</a>,0.012,3.72,0.0,,,0.833,269.0,,4886.0,0.74,0.81,0.02,0.05056179775280899
HAT-P-39 b,HAT-P-39,2,1,Transit,2012,3.54387,0.0509,87.0,5e-06,-5e-06,<a refstr=HARTMAN_ET_AL__2012 href=https://ui.adsabs.harvard.edu/abs/2012AJ....144..139H/abstract target=ref> Hartman et al. 2012 </a>,17.609,1.211,-0.908,1.571,190.372,31.464,-31.464,Mass,<a refstr=HARTMAN_ET_AL__2012 href=https://ui.adsabs.harvard.edu/abs/2012AJ....144..139H/abstract target=ref> Hartman et al. 2012 </a>,0.599,0.19,0.0,,,1915.6934,1752.0,,6430.0,1.625,1.404,0.19,0.0687716508603555
CoRoT-2 b,CoRoT-2,2,1,Transit,2008,1.7429935,0.02798,88.08,1e-06,-1e-06,<a refstr=GILLON_ET_AL__2010 href=https://ui.adsabs.harvard.edu/abs/2010A&A...511A...3G/abstract target=ref> Gillon et al. 2010 </a>,16.432,0.471,-0.493,1.466,1102.82,69.92,-69.92,Mass,<a refstr=GILLON_ET_AL__2010 href=https://ui.adsabs.harvard.edu/abs/2010A&A...511A...3G/abstract target=ref> Gillon et al. 2010 </a>,3.47,1.47,0.0143,0.0077,-0.0076,932.9076,1521.0,,5625.0,0.906,0.96,0.04,0.030002434274586175
TOI-1272 b,TOI-1272,1,1,Transit,2022,3.3159765,0.041,86.0,1.5e-06,-1.5e-06,<a refstr=MANCINI_ET_AL_2026 href=https://ui.adsabs.harvard.edu/abs/2026A&A...712A.147M/abstract target=ref>Mancini et al. 2026</a>,4.26,0.1,-0.1,0.3800524,24.1,1.4,-1.4,Mass,<a refstr=MANCINI_ET_AL_2026 href=https://ui.adsabs.harvard.edu/abs/2026A&A...712A.147M/abstract target=ref>Mancini et al. 2026</a>,0.07582708,1.72,0.345,0.046,-0.041,120.595,1051.0,K2 V - K3 V,4985.0,0.8,0.828,0.1,0.02347417840375587
TOI-1883 b,TOI-1883,1,1,Transit,2024,4.508,0.0423,89.37,0.002,-0.003,<a refstr=FUKUDA_ET_AL_2026 href=https://ui.adsabs.harvard.edu/abs/2026PASJ...78.1602F/abstract target=ref>Fukuda et al. 2026</a>,5.65,0.24,-0.24,0.50406011,13.7,6.8,-6.5,Mass,<a refstr=FUKUDA_ET_AL_2026 href=https://ui.adsabs.harvard.edu/abs/2026PASJ...78.1602F/abstract target=ref>Fukuda et al. 2026</a>,0.04310502,0.4,0.0,,,14.7,544.0,M,3554.0,0.506,0.495,0.32,0.04247787610619468
CoRoT-27 b,CoRoT-27,1,1,Transit,2014,3.57532,0.0476,86.7,6e-05,-6e-05,<a refstr=PARVIAINEN_ET_AL__2014 href=https://ui.adsabs.harvard.edu/abs/2014A%26A...562A.140P/abstract target=ref> Parviainen et al. 2014 </a>,11.287,0.493,-0.493,1.007,3302.11,174.8,-174.8,Mass,<a refstr=PARVIAINEN_ET_AL__2014 href=https://ui.adsabs.harvard.edu/abs/2014A%26A...562A.140P/abstract target=ref> Parviainen et al. 2014 </a>,10.39,12.6,0.065,,,300.8697,1500.0,G2,5900.0,1.08,1.05,-0.1,0.04367856826437494
Kepler-63 b,Kepler-63,1,1,Transit,2013,9.4341505,0.08,87.806,1e-06,-1e-06,<a refstr=SANCHIS_OJEDA_ET_AL__2013 href=https://ui.adsabs.harvard.edu/abs/2013ApJ...775...54S/abstract target=ref> Sanchis-Ojeda et al. 2013 </a>,6.11,0.2,-0.2,0.545,120.0,,,Mass,<a refstr=SANCHIS_OJEDA_ET_AL__2013 href=https://ui.adsabs.harvard.edu/abs/2013ApJ...775...54S/abstract target=ref> Sanchis-Ojeda et al. 2013 </a>,0.378,3.0,0.45,,,100.371,791.0,G5,5576.0,0.901,0.984,0.05,0.03273322422258593
POTS-1 b,POTS-1,1,1,Transit,2013,3.1606296,0.03734,88.06,1.57e-06,-1.57e-06,<a refstr=KOPPENHOEFER_ET_AL__2013 href=https://ui.adsabs.harvard.edu/abs/2013MNRAS.435.3133K/abstract target=ref> Koppenhoefer et al. 2013 </a>,10.548,0.404,-0.527,0.941,734.16,244.72,-244.72,Mass,<a refstr=KOPPENHOEFER_ET_AL__2013 href=https://ui.adsabs.harvard.edu/abs/2013MNRAS.435.3133K/abstract target=ref> Koppenhoefer et al. 2013 </a>,2.31,3.44,,,,58.7159,841.95,K5 V,4400.0,0.588,0.695,-0.03,0.04996207811907471
Kepler-413 b,Kepler-413,2,1,Transit,2014,66.262,0.3553,89.929,0.024,-0.021,<a refstr=KOSTOV_ET_AL__2014 href=https://ui.adsabs.harvard.edu/abs/2014ApJ...784...14K/abstract target=ref>Kostov et al. 2014</a>,4.347,0.099,-0.099,0.388,67.0,22.0,-21.0,Mass,<a refstr=KOSTOV_ET_AL__2014 href=https://ui.adsabs.harvard.edu/abs/2014ApJ...784...14K/abstract target=ref>Kostov et al. 2014</a>,0.211,3.2,0.1181,0.0018,-0.0017,2.9436,334.96,,4700.0,0.7761,0.82,-0.2,0.022774327122153208
Kepler-61 b,Kepler-61,1,1,Transit,2013,59.87756,0.24861,89.8,0.0002,-0.0002,<a refstr=BALLARD_ET_AL__2013 href=https://ui.adsabs.harvard.edu/abs/2013ApJ...773...98B/abstract target=ref> Ballard et al. 2013 </a>,2.15,0.13,-0.13,0.192,5.27,,,M-R relationship,<a refstr=CALCULATED_VALUE href=/docs/pscp_calc.html target=_blank>Calculated Value</a>,0.0166,2.91,0.25,,,1.69,273.0,K7 V,4017.0,0.62,0.635,0.03,0.060465116279069774
HAT-P-27 b,HAT-P-27,2,1,Transit,2011,3.039577,0.04,85.0,5e-06,-6e-06,<a refstr=BROWN_ET_AL__2012 href=https://ui.adsabs.harvard.edu/abs/2012ApJ...760..139B/abstract target=ref> Brown et al. 2012 </a>,11.43,0.78,-0.67,1.02,197.05,9.53,-9.53,Mass,<a refstr=BROWN_ET_AL__2012 href=https://ui.adsabs.harvard.edu/abs/2012ApJ...760..139B/abstract target=ref> Brown et al. 2012 </a>,0.62,0.76,0.0,,,336.0384,1091.99,G8,5316.0,0.864673,0.916,0.3,0.06824146981627296
Qatar-4 b,Qatar-4,1,1,Transit,2017,1.8053564,0.02803,87.5,,,<a refstr=ALSUBAI_ET_AL__2017 href=https://ui.adsabs.harvard.edu/abs/2017AJ....153..200A/abstract target=ref>Alsubai et al. 2017</a>,12.722215,1.23299,-1.23299,1.135,1938.763,171.6282,-171.6282,Mass,<a refstr=ALSUBAI_ET_AL__2017 href=https://ui.adsabs.harvard.edu/abs/2017AJ....153..200A/abstract target=ref>Alsubai et al. 2017</a>,6.1,5.1,0.0,,,614.0,1385.0,K1 V,5215.0,0.849,0.896,0.103,0.09691629955947137
WTS-2 b,WTS-2,1,1,Transit,2014,1.0187068,0.01855,83.55,6.5e-07,-6.5e-07,<a refstr=BIRKBY_ET_AL__2014 href=https://ui.adsabs.harvard.edu/abs/2014MNRAS.440.1470B/abstract target=ref> Birkby et al. 2014 </a>,15.277867,0.683749,-0.683749,1.363,355.9696,50.8528,-50.8528,Mass,<a refstr=BIRKBY_ET_AL__2014 href=https://ui.adsabs.harvard.edu/abs/2014MNRAS.440.1470B/abstract target=ref> Birkby et al. 2014 </a>,1.12,0.54,0.0,,,2544.6509,2000.0,K2 V,5000.0,0.752,0.82,0.2,0.04475421863536317
TOI-4438 b,TOI-4438,1,1,Transit,2024,7.446295,0.0523,89.7,6e-06,-6e-06,<a refstr=SERRANO_BELL_ET_AL_2026 href=https://ui.adsabs.harvard.edu/abs/2026arXiv260713333S/abstract target=ref>Serrano Bell et al. 2026</a>,2.4,0.09,-0.1,0.21411403,4.11,0.4,-0.38,Mass,<a refstr=SERRANO_BELL_ET_AL_2026 href=https://ui.adsabs.harvard.edu/abs/2026arXiv260713333S/abstract target=ref>Serrano Bell et al. 2026</a>,0.01293151,1.65,0.07,0.07,-0.05,6.0,446.0,M3.5 V,3501.0,0.365,0.345,0.07,0.04166666666666667
TOI-762 A b,TOI-762 A,2,1,Transit,2024,3.4716826,0.03418,87.5,7.2e-07,-7.2e-07,<a refstr=HARTMAN_ET_AL_2024 href=https://ui.adsabs.harvard.edu/abs/2024AJ....168..202H/abstract target=ref>Hartman et al. 2024</a>,8.33948164,0.19055267,-0.19055267,0.744,79.77493016,13.34879309,-13.34879309,Mass,<a refstr=HARTMAN_ET_AL_2024 href=https://ui.adsabs.harvard.edu/abs/2024AJ....168..202H/abstract target=ref>Hartman et al. 2024</a>,0.251,0.76,0.083,,,17.0012,555.4,,3266.0,0.425,0.442,0.357,0.022849462139951423
TOI-4409 b,TOI-4409,1,1,Transit,2026,92.491789,,90.0,0.000101,-9.8e-05,<a refstr=RELLER_ET_AL_2026 href=https://ui.adsabs.harvard.edu/abs/2026A&A...712A.142R/abstract target=ref>Reller et al. 2026</a>,7.44,0.19,-0.19,0.66375348,14.93793513,5.08525451,-5.40308292,Mass,<a refstr=RELLER_ET_AL_2026 href=https://ui.adsabs.harvard.edu/abs/2026A&A...712A.142R/abstract target=ref>Reller et al. 2026</a>,0.047,0.2,0.036,0.03,-0.022,2.0466,305.05,K,4928.0,0.72,0.763,0.0,0.02553763440860215
TIC 46432937 b,TIC 46432937,2,1,Transit,2024,1.44044527,0.02065,84.35,8.7e-08,-8.7e-08,<a refstr=HARTMAN_ET_AL_2024 href=https://ui.adsabs.harvard.edu/abs/2024AJ....168..202H/abstract target=ref>Hartman et al. 2024</a>,13.31626907,0.33626942,-0.33626942,1.188,1017.0509024,34.96112477,-34.96112477,Mass,<a refstr=HARTMAN_ET_AL_2024 href=https://ui.adsabs.harvard.edu/abs/2024AJ....168..202H/abstract target=ref>Hartman et al. 2024</a>,3.2,2.37,0.009,,,115.1312,872.0,,3572.0,0.5299,0.563,0.323,0.025252525180463326
TOI-3053 b,TOI-3053,1,1,Transit,2026,2.9919987,0.039,87.3,1.3e-06,-1.2e-06,<a refstr=PLUNKETT_ET_AL_2026 href=https://ui.adsabs.harvard.edu/abs/2026arXiv260805500P/abstract target=ref>Plunkett et al. 2026</a>,13.56286665,0.33626942,-0.33626942,1.21,270.15414595,38.13940884,-38.13940884,Mass,<a refstr=PLUNKETT_ET_AL_2026 href=https://ui.adsabs.harvard.edu/abs/2026arXiv260805500P/abstract target=ref>Plunkett et al. 2026</a>,0.85,0.64,0.0,,,460.0,1290.0,G8-K0 V,5378.0,0.97,0.96,0.2,0.024793388350537234
Kepler-441 b,Kepler-441,1,1,Transit,2015,207.2482,0.64,89.97,0.0022,-0.002,<a refstr=TORRES_ET_AL__2015 href=https://ui.adsabs.harvard.edu/abs/2015ApJ...800...99T/abstract target=ref>Torres et al. 2015</a>,1.64,0.22,-0.24,0.15,3.33,,,M-R relationship,<a refstr=CALCULATED_VALUE href=/docs/pscp_calc.html target=_blank>Calculated Value</a>,0.0105,4.15,0.1,0.11,-0.1,0.21,189.0,,4340.0,0.55,0.572,-0.57,0.14634146341463414
CoRoT-22 b,CoRoT-22,1,1,Transit,2014,9.75598,0.092,89.749,0.00011,-0.00011,<a refstr=MOUTOU_ET_AL__2014 href=https://ui.adsabs.harvard.edu/abs/2014MNRAS.444.2783M/abstract target=ref>Moutou et al. 2014</a>,4.88,0.17,-0.39,0.435,12.2,14.0,-8.8,Mass,<a refstr=MOUTOU_ET_AL__2014 href=https://ui.adsabs.harvard.edu/abs/2014MNRAS.444.2783M/abstract target=ref>Moutou et al. 2014</a>,0.038,0.249,0.077,0.3,-0.042,121.8837,885.0,G3 V,5939.0,1.136,1.099,0.17,0.07991803278688525
Kepler-437 b,Kepler-437,1,1,Transit,2015,66.65062,0.288,89.9,0.00033,-0.00032,<a refstr=TORRES_ET_AL__2015 href=https://ui.adsabs.harvard.edu/abs/2015ApJ...800...99T/abstract target=ref>Torres et al. 2015</a>,2.14,0.22,-0.17,0.19,5.22,,,M-R relationship,<a refstr=CALCULATED_VALUE href=/docs/pscp_calc.html target=_blank>Calculated Value</a>,0.0164,2.93,0.02,0.08,-0.02,2.15,308.0,,4551.0,0.68,0.707,0.0,0.102803738317757
Kepler-422 b,Kepler-422,1,1,Transit,2014,7.8914483,0.082,88.3,5e-07,-5.1e-07,<a refstr=ENDL_ET_AL__2014 href=https://ui.adsabs.harvard.edu/abs/2014ApJ...795..151E/abstract target=ref>Endl et al. 2014</a>,12.89,1.23,-1.23,1.15,136.66,41.32,-41.32,Mass,<a refstr=ENDL_ET_AL__2014 href=https://ui.adsabs.harvard.edu/abs/2014ApJ...795..151E/abstract target=ref>Endl et al. 2014</a>,0.43,0.38,0.0,,,264.983,1028.0,,5972.0,1.24,1.15,0.23,0.09542280837858805
Kepler-426 b,Kepler-426,1,1,Transit,2014,3.21751883,0.0414,85.74,1.9e-07,-1.9e-07,<a refstr=H_EACUTE_BRARD_ET_AL__2014 href=https://ui.adsabs.harvard.edu/abs/2014A&A...572A..93H/abstract target=ref>H&eacute;brard et al. 2014</a>,12.22,0.34,-0.34,1.09,108.06,25.43,-25.43,Mass,<a refstr=H_EACUTE_BRARD_ET_AL__2014 href=https://ui.adsabs.harvard.edu/abs/2014A&A...572A..93H/abstract target=ref>H&eacute;brard et al. 2014</a>,0.34,0.26,0.18,,,410.723,1300.0,G1 V,5725.0,0.92,0.91,-0.21,0.027823240589198037
Kepler-427 b,Kepler-427,1,1,Transit,2014,10.290994,0.091,89.5,1.1e-06,-1.1e-06,<a refstr=H_EACUTE_BRARD_ET_AL__2014 href=https://ui.adsabs.harvard.edu/abs/2014A&A...572A..93H/abstract target=ref>H&eacute;brard et al. 2014</a>,13.79,2.35,-2.35,1.23,92.17,28.6,-28.6,Mass,<a refstr=H_EACUTE_BRARD_ET_AL__2014 href=https://ui.adsabs.harvard.edu/abs/2014A&A...572A..93H/abstract target=ref>H&eacute;brard et al. 2014</a>,0.29,0.16,0.57,,,208.721,1100.0,G2 V,5800.0,1.35,0.96,-0.19,0.1704133430021755
Kepler-428 b,Kepler-428,1,1,Transit,2014,3.52563254,0.0433,89.36,1.5e-07,-1.5e-07,<a refstr=H_EACUTE_BRARD_ET_AL__2014 href=https://ui.adsabs.harvard.edu/abs/2014A&A...572A..93H/abstract target=ref>H&eacute;brard et al. 2014</a>,12.11,0.34,-0.34,1.08,403.63,60.39,-60.39,Mass,<a refstr=H_EACUTE_BRARD_ET_AL__2014 href=https://ui.adsabs.harvard.edu/abs/2014A&A...572A..93H/abstract target=ref>H&eacute;brard et al. 2014</a>,1.27,1.02,0.22,,,195.088,1070.0,K1 V,5150.0,0.8,0.87,0.09,0.028075970272502068
Kepler-425 b,Kepler-425,1,1,Transit,2014,3.79701816,0.0464,87.02,1.9e-07,-1.9e-07,<a refstr=H_EACUTE_BRARD_ET_AL__2014 href=https://ui.adsabs.harvard.edu/abs/2014A&A...572A..93H/abstract target=ref>H&eacute;brard et al. 2014</a>,10.962,0.247,-0.247,0.978,79.45,25.43,-25.43,Mass,<a refstr=H_EACUTE_BRARD_ET_AL__2014 href=https://ui.adsabs.harvard.edu/abs/2014A&A...572A..93H/abstract target=ref>H&eacute;brard et al. 2014</a>,0.25,0.27,0.33,,,229.036,1070.0,K1 V,5170.0,0.86,0.93,0.24,0.022532384601350118
Qatar-2 b,Qatar-2,1,1,Transit,2011,1.33711647,0.02153,86.12,2.6e-07,-2.6e-07,<a refstr=MANCINI_ET_AL__2014 href=https://ui.adsabs.harvard.edu/abs/2014MNRAS.443.2391M/abstract target=ref>Mancini et al. 2014</a>,14.056,0.146,-0.146,1.254,792.635,17.162,-17.162,Mass,<a refstr=MANCINI_ET_AL__2014 href=https://ui.adsabs.harvard.edu/abs/2014MNRAS.443.2391M/abstract target=ref>Mancini et al. 2014</a>,2.494,1.573,0.0,,,447.4134,1344.0,,4645.0,0.776,0.743,0.02,0.010387023335230507
Kepler-98 b,Kepler-98,1,1,Transit,2014,1.54168,0.02614,86.47,,,<a refstr=MARCY_ET_AL__2014 href=https://ui.adsabs.harvard.edu/abs/2014ApJS..210...20M/abstract target=ref> Marcy et al. 2014 </a>,1.99,0.22,-0.22,0.178,3.55,1.6,-1.6,Mass,<a refstr=MARCY_ET_AL__2014 href=https://ui.adsabs.harvard.edu/abs/2014ApJS..210...20M/abstract target=ref> Marcy et al. 2014 </a>,0.011,2.18,0.0,,,1107.389,1592.0,,5539.0,1.11,0.99,0.18,0.11055276381909548
Kepler-96 b,Kepler-96,1,1,Transit,2014,16.2385,0.1261,87.94,,,<a refstr=MARCY_ET_AL__2014 href=https://ui.adsabs.harvard.edu/abs/2014ApJS..210...20M/abstract target=ref> Marcy et al. 2014 </a>,2.67,0.22,-0.22,0.238,8.46,3.4,-3.4,Mass,<a refstr=MARCY_ET_AL__2014 href=https://ui.adsabs.harvard.edu/abs/2014ApJS..210...20M/abstract target=ref> Marcy et al. 2014 </a>,0.027,2.26,0.0,,,57.524,711.0,,5690.0,1.02,1.0,0.04,0.08239700374531836
Kepler-440 b,Kepler-440,1,1,Transit,2015,101.11141,0.242,89.93,0.00087,-0.00068,<a refstr=TORRES_ET_AL__2015 href=https://ui.adsabs.harvard.edu/abs/2015ApJ...800...99T/abstract target=ref>Torres et al. 2015</a>,1.86,0.24,-0.19,0.17,4.12,,,M-R relationship,<a refstr=CALCULATED_VALUE href=/docs/pscp_calc.html target=_blank>Calculated Value</a>,0.013,3.52,0.34,0.12,-0.19,1.2,229.0,,4134.0,0.559,0.575,-0.3,0.12903225806451613
Kepler-477 b,Kepler-477,2,1,Transit,2016,11.11990653,0.0911,87.75,1.16e-05,-1.16e-05,<a refstr=MORTON_ET_AL__2016 href=https://ui.adsabs.harvard.edu/abs/2016ApJ...822...86M/abstract target=ref>Morton et al. 2016</a>,2.07,0.18,-0.12,0.18467303,4.94,,,M-R relationship,<a refstr=CALCULATED_VALUE href=/docs/pscp_calc.html target=_blank>Calculated Value</a>,0.0155,3.06,0.0,,,38.71,649.0,,5240.0,0.79,0.87,-0.04,0.08695652173913043
Kepler-6 b,Kepler-6,1,1,Transit,2009,3.2346996,0.04852,88.93,4e-07,-4e-07,<a refstr=ESTEVES_ET_AL__2015 href=https://ui.adsabs.harvard.edu/abs/2015ApJ...804..150E/abstract target=ref>Esteves et al. 2015</a>,14.616536,0.201762,-0.369897,1.304,212.31044,12.07754,-11.12405,Mass,<a refstr=ESTEVES_ET_AL__2015 href=https://ui.adsabs.harvard.edu/abs/2015ApJ...804..150E/abstract target=ref>Esteves et al. 2015</a>,0.668,0.4,0.0,,,792.218,1460.0,,5647.0,1.391,1.209,0.34,0.02530674846625767
Kepler-505 b,Kepler-505,1,1,Transit,2016,27.52197994,0.1445,89.61,3.295e-05,-3.295e-05,<a refstr=MORTON_ET_AL__2016 href=https://ui.adsabs.harvard.edu/abs/2016ApJ...822...86M/abstract target=ref>Morton et al. 2016</a>,2.6,0.11,-0.09,0.23195646,7.27,,,M-R relationship,<a refstr=CALCULATED_VALUE href=/docs/pscp_calc.html target=_blank>Calculated Value</a>,0.0229,2.27,0.0,,,3.641,314.0,,3931.0,0.53,0.55,-0.19,0.0423076923076923
CoRoT-29 b,CoRoT-29,1,1,Transit,2015,2.85057,0.0386,87.3,6e-06,-6e-06,<a refstr=CABRERA_ET_AL__2015 href=https://ui.adsabs.harvard.edu/abs/2015A&A...579A..36C/abstract target=ref>Cabrera et al. 2015</a>,10.0881,1.79344,-1.79344,0.9,270.1555,63.566,-63.566,Mass,<a refstr=CABRERA_ET_AL__2015 href=https://ui.adsabs.harvard.edu/abs/2015A&A...579A..36C/abstract target=ref>Cabrera et al. 2015</a>,0.85,1.45,0.082,0.081,-0.081,540.3673,1224.75,K0 V,5260.0,0.9,0.97,0.2,0.17777777777777776
Kepler-412 b,Kepler-412,1,1,Transit,2014,1.7208604,0.02897,80.559,3e-07,-3e-07,<a refstr=ESTEVES_ET_AL__2015 href=https://ui.adsabs.harvard.edu/abs/2015ApJ...804..150E/abstract target=ref>Esteves et al. 2015</a>,15.031269,0.493196,-0.515614,1.341,299.07803,39.72875,-6.03877,Mass,<a refstr=ESTEVES_ET_AL__2015 href=https://ui.adsabs.harvard.edu/abs/2015ApJ...804..150E/abstract target=ref>Esteves et al. 2015</a>,0.941,0.52,0.0038,0.0087,-0.0032,2144.307,1850.0,G3 V,5750.0,1.287,1.167,0.27,0.0343027591349739
Kepler-753 b,Kepler-753,1,1,Transit,2016,5.747725012,0.054,88.33,8.377e-06,-8.377e-06,<a refstr=MORTON_ET_AL__2016 href=https://ui.adsabs.harvard.edu/abs/2016ApJ...822...86M/abstract target=ref>Morton et al. 2016</a>,1.91,0.25,-0.09,0.17039879,4.31,,,M-R relationship,<a refstr=CALCULATED_VALUE href=/docs/pscp_calc.html target=_blank>Calculated Value</a>,0.0136,3.4,0.0,,,41.674,641.0,,4346.0,0.65,0.68,-0.03,0.13089005235602094
HAT-P-54 b,HAT-P-54,1,1,Transit,2015,3.799847,0.04117,87.04,1.4e-05,-1.4e-05,<a refstr=BAKOS_ET_AL__2015 href=https://ui.adsabs.harvard.edu/abs/2015AJ....149..149B/abstract target=ref>Bakos et al. 2015</a>,10.581296,0.313852,-0.313852,0.944,241.5508,10.17056,-10.17056,Mass,<a refstr=BAKOS_ET_AL__2015 href=https://ui.adsabs.harvard.edu/abs/2015AJ....149..149B/abstract target=ref>Bakos et al. 2015</a>,0.76,1.118,0.074,,,88.6713,818.0,K7,4390.0,0.617,0.645,-0.127,0.029661016949152543
TrES-5 b,TrES-5,1,1,Transit,2011,1.48224686,0.02459,84.27,6.14e-06,-6.14e-06,<a refstr=MISLIS_ET_AL__2015 href=https://ui.adsabs.harvard.edu/abs/2015MNRAS.448.2617M/abstract target=ref>Mislis et al. 2015</a>,13.383546,0.168135,-0.168135,1.194,568.9157,21.61244,-21.61244,Mass,<a refstr=MISLIS_ET_AL__2015 href=https://ui.adsabs.harvard.edu/abs/2015MNRAS.448.2617M/abstract target=ref>Mislis et al. 2015</a>,1.79,1.31,0.0,,,442.993,1480.0,,5171.0,0.868,0.901,0.2,0.012562814070351758
KOI-13 b,KOI-13,3,1,Transit,2011,1.763588,0.03641,86.77,1e-06,-1e-06,<a refstr=ESTEVES_ET_AL__2015 href=https://ui.adsabs.harvard.edu/abs/2015ApJ...804..150E/abstract target=ref>Esteves et al. 2015</a>,16.948008,0.392315,-0.392315,1.512,2949.4624,50.8528,-50.8528,Mass,<a refstr=ESTEVES_ET_AL__2015 href=https://ui.adsabs.harvard.edu/abs/2015ApJ...804..150E/abstract target=ref>Esteves et al. 2015</a>,9.28,3.6,0.00064,0.00012,-0.00016,25339.901,2550.0,,7650.0,1.74,1.72,0.2,0.023148148148148147
WASP-42 b,WASP-42,1,1,Transit,2012,4.9816819,0.0561,88.0,1.1e-06,-1.1e-06,<a refstr=SOUTHWORTH_ET_AL__2016 href=https://ui.adsabs.harvard.edu/abs/2016MNRAS.457.4205S/abstract target=ref>Southworth et al. 2016</a>,12.576498,0.437151,-0.437151,1.122,167.49641,8.89924,-8.89924,Mass,<a refstr=SOUTHWORTH_ET_AL__2016 href=https://ui.adsabs.harvard.edu/abs/2016MNRAS.457.4205S/abstract target=ref>Southworth et al. 2016</a>,0.527,0.464,0.062,0.013,-0.011,137.118,1021.0,,5315.0,0.892,0.951,0.29,0.034759358288770054
Kepler-771 b,Kepler-771,1,1,Transit,2016,8.73485836,0.0843,88.75,4.732e-05,-4.732e-05,<a refstr=MORTON_ET_AL__2016 href=https://ui.adsabs.harvard.edu/abs/2016ApJ...822...86M/abstract target=ref>Morton et al. 2016</a>,1.82,0.31,-0.21,0.16236952,3.97,,,M-R relationship,<a refstr=CALCULATED_VALUE href=/docs/pscp_calc.html target=_blank>Calculated Value</a>,0.0125,3.62,0.0,,,339.296,890.0,,5906.0,1.05,1.03,0.01,0.17032967032967034
Kepler-76 b,Kepler-76,1,1,Orbital Brightness Modulation,2013,1.5449298,0.0274,77.55,4e-07,-4e-07,<a refstr=ESTEVES_ET_AL__2015 href=https://ui.adsabs.harvard.edu/abs/2015ApJ...804..150E/abstract target=ref>Esteves et al. 2015</a>,15.24424,1.34508,-1.34508,1.36,638.8383,117.5971,-111.2405,Mass,<a refstr=ESTEVES_ET_AL__2015 href=https://ui.adsabs.harvard.edu/abs/2015ApJ...804..150E/abstract target=ref>Esteves et al. 2015</a>,2.01,1.1,0.0,,,3583.673,2140.0,F,6409.0,1.32,1.2,-0.1,0.08823529411764706
Kepler-5 b,Kepler-5,1,1,Transit,2009,3.5484657,0.0538,89.14,7e-07,-7e-07,<a refstr=ESTEVES_ET_AL__2015 href=https://ui.adsabs.harvard.edu/abs/2015ApJ...804..150E/abstract target=ref>Esteves et al. 2015</a>,15.984034,0.403524,-0.571659,1.426,670.93913,21.29461,-27.33338,Mass,<a refstr=ESTEVES_ET_AL__2015 href=https://ui.adsabs.harvard.edu/abs/2015ApJ...804..150E/abstract target=ref>Esteves et al. 2015</a>,2.111,0.4,0.0,,,1822.758,1750.0,,6297.0,1.793,1.374,0.04,0.035764375876577846
Kepler-7 b,Kepler-7,1,1,Transit,2009,4.8854892,0.06067,85.161,9e-07,-9e-07,<a refstr=ESTEVES_ET_AL__2015 href=https://ui.adsabs.harvard.edu/abs/2015ApJ...804..150E/abstract target=ref>Esteves et al. 2015</a>,18.180998,0.145717,-0.145717,1.622,140.16303,13.66669,-13.34886,Mass,<a refstr=ESTEVES_ET_AL__2015 href=https://ui.adsabs.harvard.edu/abs/2015ApJ...804..150E/abstract target=ref>Esteves et al. 2015</a>,0.441,0.14,0.0,,,1375.11,1630.0,,5933.0,1.966,1.359,0.11,0.008014796547472258
K2-29 b,K2-29,2,1,Transit,2016,3.2588321,0.04217,86.656,1.9e-06,-1.9e-06,<a refstr=SANTERNE_ET_AL__2016 href=https://ui.adsabs.harvard.edu/abs/2016ApJ...824...55S/abstract target=ref>Santerne et al. 2016</a>,13.33871,0.22418,-0.22418,1.19,232.0159,12.7132,-12.7132,Mass,<a refstr=SANTERNE_ET_AL__2016 href=https://ui.adsabs.harvard.edu/abs/2016ApJ...824...55S/abstract target=ref>Santerne et al. 2016</a>,0.73,0.53,0.066,0.022,-0.022,293.0,1171.0,G7 V,5358.0,0.86,0.94,0.16,0.01680672268907563
Kepler-767 b,Kepler-767,1,1,Transit,2016,161.5280101,0.5874,90.0,0.0003086,-0.0003086,<a refstr=MORTON_ET_AL__2016 href=https://ui.adsabs.harvard.edu/abs/2016ApJ...822...86M/abstract target=ref>Morton et al. 2016</a>,6.64,0.86,-0.55,0.59238112,35.7,,,M-R relationship,<a refstr=CALCULATED_VALUE href=/docs/pscp_calc.html target=_blank>Calculated Value</a>,0.112,0.67,0.0,,,9.365,366.0,,5694.0,0.94,0.96,-0.05,0.12951807228915663
Kepler-773 b,Kepler-773,1,1,Transit,2016,3.749100061,0.04682,80.24,7.141e-06,-7.141e-06,<a refstr=MORTON_ET_AL__2016 href=https://ui.adsabs.harvard.edu/abs/2016ApJ...822...86M/abstract target=ref>Morton et al. 2016</a>,1.43,0.09,-0.07,0.12757605,2.63,,,M-R relationship,<a refstr=CALCULATED_VALUE href=/docs/pscp_calc.html target=_blank>Calculated Value</a>,0.00829,4.94,0.0,,,490.707,1160.0,,5850.0,1.01,1.04,0.05,0.06293706293706294
Kepler-774 b,Kepler-774,1,1,Transit,2016,11.0895723,0.1082,89.92,4.373e-05,-4.373e-05,<a refstr=MORTON_ET_AL__2016 href=https://ui.adsabs.harvard.edu/abs/2016ApJ...822...86M/abstract target=ref>Morton et al. 2016</a>,3.17,0.46,-0.54,0.28280846,10.2,,,M-R relationship,<a refstr=CALCULATED_VALUE href=/docs/pscp_calc.html target=_blank>Calculated Value</a>,0.032,1.76,0.0,,,451.177,1422.0,,6403.0,2.42,1.57,0.04,0.17034700315457416
2MASS J02192210-3925225 b,2MASS J02192210-3925225,1,1,Imaging,2015,,156.0,,,,,16.14096,0.33627,-0.33627,1.44,4417.837,349.613,-349.613,Mass,<a refstr=ARTIGAU_ET_AL__2015 href=https://ui.adsabs.harvard.edu/abs/2015ApJ...806..254A/abstract target=ref>Artigau et al. 2015</a>,13.9,5.77,,,,0.0,6.27,M6,3064.0,0.281,0.108,,0.020833333333333336
HAT-P-50 b,HAT-P-50,1,1,Transit,2015,3.1220109,0.0453,83.65,6.5e-06,-6.5e-06,<a refstr=HARTMAN_ET_AL__2015 href=https://ui.adsabs.harvard.edu/abs/2015AJ....150..168H/abstract target=ref>Hartman et al. 2015</a>,14.437192,0.717376,-0.717376,1.288,429.0705,23.20159,-23.20159,Mass,<a refstr=HARTMAN_ET_AL__2015 href=https://ui.adsabs.harvard.edu/abs/2015AJ....150..168H/abstract target=ref>Hartman et al. 2015</a>,1.35,0.78,0.115,,,2108.4362,1862.0,F5,6280.0,1.698,1.273,-0.18,0.04968944099378882
HATS-17 b,HATS-17,1,1,Transit,2016,16.254611,0.1308,89.08,7.3e-05,-7.3e-05,<a refstr=BRAHM_ET_AL__2016 href=https://ui.adsabs.harvard.edu/abs/2016AJ....151...89B/abstract target=ref>Brahm et al. 2016</a>,8.709393,0.627704,-0.627704,0.777,425.25654,20.65895,-20.65895,Mass,<a refstr=BRAHM_ET_AL__2016 href=https://ui.adsabs.harvard.edu/abs/2016AJ....151...89B/abstract target=ref>Brahm et al. 2016</a>,1.338,3.5,0.029,0.022,-0.022,72.7,814.0,G V,5846.0,1.091,1.131,0.3,0.07207207207207207
WASP-92 b,WASP-92,1,1,Transit,2016,2.1746742,0.0348,83.75,1.6e-06,-1.6e-06,<a refstr=HAY_ET_AL__2016 href=https://ui.adsabs.harvard.edu/abs/2016MNRAS.463.3276H/abstract target=ref>Hay et al. 2016</a>,16.376349,0.863093,-0.863093,1.461,255.85315,21.61244,-21.61244,Mass,<a refstr=HAY_ET_AL__2016 href=https://ui.adsabs.harvard.edu/abs/2016MNRAS.463.3276H/abstract target=ref>Hay et al. 2016</a>,0.805,0.346,0.0,,,1622.2528,1871.0,F7,6280.0,1.341,1.19,0.0,0.052703627652292945
Kepler-781 b,Kepler-781,1,1,Transit,2016,13.2140732,0.1019,87.44,3.577e-05,-3.577e-05,<a refstr=MORTON_ET_AL__2016 href=https://ui.adsabs.harvard.edu/abs/2016ApJ...822...86M/abstract target=ref>Morton et al. 2016</a>,2.89,0.49,-0.24,0.25782853,8.7,,,M-R relationship,<a refstr=CALCULATED_VALUE href=/docs/pscp_calc.html target=_blank>Calculated Value</a>,0.0274,1.98,0.0,,,44.397,629.0,,5162.0,0.78,0.81,-0.1,0.1695501730103806
WASP-93 b,WASP-93,1,1,Transit,2016,2.7325321,0.04211,81.18,2e-06,-2e-06,<a refstr=HAY_ET_AL__2016 href=https://ui.adsabs.harvard.edu/abs/2016MNRAS.463.3276H/abstract target=ref>Hay et al. 2016</a>,17.900773,0.863093,-0.863093,1.597,467.2101,92.1707,-92.1707,Mass,<a refstr=HAY_ET_AL__2016 href=https://ui.adsabs.harvard.edu/abs/2016MNRAS.463.3276H/abstract target=ref>Hay et al. 2016</a>,1.47,0.479,0.0,,,2531.1336,1942.0,F4,6700.0,1.524,1.334,0.07,0.048215403882279274
WASP-46 b,WASP-46,1,1,Transit,2011,1.43036763,0.02335,82.8,9.3e-07,-9.3e-07,<a refstr=CICERI_ET_AL__2016 href=https://ui.adsabs.harvard.edu/abs/2016MNRAS.456..990C/abstract target=ref>Ciceri et al. 2016</a>,13.159366,0.414733,-0.414733,1.174,607.0553,41.3179,-41.3179,Mass,<a refstr=CICERI_ET_AL__2016 href=https://ui.adsabs.harvard.edu/abs/2016MNRAS.456..990C/abstract target=ref>Ciceri et al. 2016</a>,1.91,1.467,0.0,,,1281.2408,1636.0,G6 V,5600.0,0.858,0.828,-0.3,0.031516183986371384
Kepler-41 b,Kepler-41,1,1,Transit,2011,1.8555582,0.03101,82.51,5.2e-07,-5.2e-07,<a refstr=BONOMO_ET_AL__2015 href=https://ui.adsabs.harvard.edu/abs/2015A&A...575A..85B/abstract target=ref>Bonomo et al. 2015</a>,14.46,0.22,-0.22,1.29,177.98,25.43,-25.43,Mass,<a refstr=BONOMO_ET_AL__2015 href=https://ui.adsabs.harvard.edu/abs/2015A&A...575A..85B/abstract target=ref>Bonomo et al. 2015</a>,0.56,0.33,0.0,,,2036.749,1790.0,G2 V,5750.0,1.29,1.15,0.38,0.015214384508990318
HATS-8 b,HATS-8,1,1,Transit,2015,3.583893,0.04667,87.8,1e-05,-1e-05,<a refstr=BAYLISS_ET_AL__2015 href=https://ui.adsabs.harvard.edu/abs/2015AJ....150...49B/abstract target=ref>Bayliss et al. 2015</a>,9.785457,1.378707,-0.840675,0.873,43.86054,6.03877,-6.03877,Mass,<a refstr=BAYLISS_ET_AL__2015 href=https://ui.adsabs.harvard.edu/abs/2015AJ....150...49B/abstract target=ref>Bayliss et al. 2015</a>,0.138,0.259,0.376,,,510.8195,1324.0,,5679.0,1.086,1.056,0.21,0.140893470790378
Qatar-1 b,Qatar-1,1,1,Transit,2010,1.4200242,0.02332,84.08,2.2e-07,-2.2e-07,<a refstr=COLLINS_ET_AL__2017 href=https://ui.adsabs.harvard.edu/abs/2017AJ....153...78C/abstract target=ref>Collins et al. 2017</a>,12.811887,0.291434,-0.280225,1.143,411.27202,16.52716,-15.57367,Mass,<a refstr=COLLINS_ET_AL__2017 href=https://ui.adsabs.harvard.edu/abs/2017AJ....153...78C/abstract target=ref>Collins et al. 2017</a>,1.294,1.076,0.0,,,382.328,1418.0,,5013.0,0.803,0.838,0.171,0.022747156605424323
HAT-P-66 b,HAT-P-66,1,1,Transit,2016,2.972086,0.04363,86.2,5.7e-06,-5.7e-06,<a refstr=HARTMAN_ET_AL__2016 href=https://ui.adsabs.harvard.edu/abs/2016AJ....152..182H/abstract target=ref>Hartman et al. 2016</a>,17.82231,1.79344,-1.1209,1.59,248.86089,18.11631,-18.11631,Mass,<a refstr=HARTMAN_ET_AL__2016 href=https://ui.adsabs.harvard.edu/abs/2016AJ....152..182H/abstract target=ref>Hartman et al. 2016</a>,0.783,0.242,0.09,,,1939.51,1896.0,G0,6002.0,1.881,1.255,0.035,0.10062893081761005
Kepler-75 b,Kepler-75,1,1,Transit,2013,8.8849116,0.0818,89.12,3.4e-06,-3.4e-06,<a refstr=BONOMO_ET_AL__2015 href=https://ui.adsabs.harvard.edu/abs/2015A&A...575A..85B/abstract target=ref>Bonomo et al. 2015</a>,11.77,0.34,-0.34,1.05,3209.9,127.1,-127.1,Mass,<a refstr=BONOMO_ET_AL__2015 href=https://ui.adsabs.harvard.edu/abs/2015A&A...575A..85B/abstract target=ref>Bonomo et al. 2015</a>,10.1,11.0,0.57,0.01,-0.01,106.484,767.0,K0 V,5200.0,0.89,0.91,0.3,0.028887000849617674
Kepler-453 b,Kepler-453,2,1,Transit,2015,240.503,0.7903,89.4429,0.053,-0.053,<a refstr=WELSH_ET_AL__2015 href=https://ui.adsabs.harvard.edu/abs/2015ApJ...809...26W/abstract target=ref>Welsh et al. 2015</a>,6.204,0.039,-0.039,0.55348381,16.0,,,Mass,<a refstr=WELSH_ET_AL__2015 href=https://ui.adsabs.harvard.edu/abs/2015ApJ...809...26W/abstract target=ref>Welsh et al. 2015</a>,0.05034138,,0.0359,0.0088,-0.0088,0.9636,273.62,,5527.0,0.833,0.944,0.09,0.0062862669245647975
WASP-89 b,WASP-89,1,1,Transit,2015,3.3564227,0.0427,89.4,2.5e-06,-2.5e-06,<a refstr=HELLIER_ET_AL__2015 href=https://ui.adsabs.harvard.edu/abs/2015AJ....150...18H/abstract target=ref>Hellier et al. 2015</a>,11.65736,0.44836,-0.44836,1.04,1875.197,127.132,-127.132,Mass,<a refstr=HELLIER_ET_AL__2015 href=https://ui.adsabs.harvard.edu/abs/2015AJ....150...18H/abstract target=ref>Hellier et al. 2015</a>,5.9,7.0,0.193,0.009,-0.009,278.8533,1120.0,K3,5130.0,0.88,0.92,0.15,0.03846153846153846
KIC 3558849 b,KIC 3558849,1,1,Transit,2015,1322.3,,89.973,386.1,-11.2,<a refstr=WANG_ET_AL__2015 href=https://ui.adsabs.harvard.edu/abs/2015ApJ...815..127W/abstract target=ref>Wang et al. 2015</a>,6.9,1.0,-0.9,0.61557677,38.1,,,M-R relationship,<a refstr=CALCULATED_VALUE href=/docs/pscp_calc.html target=_blank>Calculated Value</a>,0.12,0.637,,,,,,,6175.0,1.01,0.98,-0.42,0.14492753623188406
K2-15 b,K2-15,1,1,Transit,2015,11.8104,0.091,,0.00204,-0.00204,<a refstr=MONTET_ET_AL__2015 href=https://ui.adsabs.harvard.edu/abs/2015ApJ...809...25M/abstract target=ref>Montet et al. 2015</a>,2.48,0.3,-0.3,0.22125078,6.71,,,M-R relationship,<a refstr=CALCULATED_VALUE href=/docs/pscp_calc.html target=_blank>Calculated Value</a>,0.0211,2.42,,,,48.0,676.0,G8,5131.0,0.68,0.72,-0.46,0.12096774193548386
K2-14 b,K2-14,1,1,Transit,2015,8.36802,0.0627,88.19,0.00019,-0.00019,<a refstr=MONTET_ET_AL__2015 href=https://ui.adsabs.harvard.edu/abs/2015ApJ...809...25M/abstract target=ref>Montet et al. 2015</a>,4.81,0.42,-0.42,0.42911946,20.7,,,M-R relationship,<a refstr=CALCULATED_VALUE href=/docs/pscp_calc.html target=_blank>Calculated Value</a>,0.065,1.02,0.14,0.157139,-0.112926,8.0,488.0,M0,3789.0,0.45,0.47,-0.37,0.08731808731808732
K2-17 b,K2-17,1,1,Transit,2015,17.96753,0.119,89.08,0.00152,-0.00152,<a refstr=MONTET_ET_AL__2015 href=https://ui.adsabs.harvard.edu/abs/2015ApJ...809...25M/abstract target=ref>Montet et al. 2015</a>,2.23,0.2,-0.2,0.19894727,5.6,,,M-R relationship,<a refstr=CALCULATED_VALUE href=/docs/pscp_calc.html target=_blank>Calculated Value</a>,0.0176,2.77,0.18,0.201126,-0.152247,4.91,487.0,K7,4320.0,0.66,0.71,0.15,0.08968609865470853
WASP-36 b,WASP-36,2,1,Transit,2011,1.53736596,0.02677,83.15,2.4e-07,-2.4e-07,<a refstr=MANCINI_ET_AL__2016 href=https://ui.adsabs.harvard.edu/abs/2016MNRAS.459.1393M/abstract target=ref>Mancini et al. 2016</a>,14.874343,0.235389,-0.235389,1.327,750.39663,22.2481,-22.2481,Mass,<a refstr=MANCINI_ET_AL__2016 href=https://ui.adsabs.harvard.edu/abs/2016MNRAS.459.1393M/abstract target=ref>Mancini et al. 2016</a>,2.361,1.26,0.0,,,1422.6075,1733.0,,5959.0,0.985,1.081,-0.26,0.015825169555388093
HATS-13 b,HATS-13,1,1,Transit,2015,3.0440499,0.04057,88.55,2.7e-06,-2.7e-06,<a refstr=MANCINI_ET_AL__2015 href=https://ui.adsabs.harvard.edu/abs/2015A&A...580A..63M/abstract target=ref>Mancini et al. 2015</a>,13.585308,0.392315,-0.392315,1.212,172.58169,22.88376,-22.88376,Mass,<a refstr=MANCINI_ET_AL__2015 href=https://ui.adsabs.harvard.edu/abs/2015A&A...580A..63M/abstract target=ref>Mancini et al. 2015</a>,0.543,0.377,0.181,,,315.9878,1244.0,,5523.0,0.887,0.962,0.05,0.02887788778877888
HATS-14 b,HATS-14,1,1,Transit,2015,2.7667641,0.03815,88.83,2.7e-06,-2.7e-06,<a refstr=MANCINI_ET_AL__2015 href=https://ui.adsabs.harvard.edu/abs/2015A&A...580A..63M/abstract target=ref>Mancini et al. 2015</a>,11.646151,0.358688,-0.246598,1.039,340.39593,22.2481,-22.2481,Mass,<a refstr=MANCINI_ET_AL__2015 href=https://ui.adsabs.harvard.edu/abs/2015A&A...580A..63M/abstract target=ref>Mancini et al. 2015</a>,1.071,1.191,0.142,,,505.884,1276.0,,5346.0,0.933,0.967,0.33,0.030798845043310877
WASP-90 b,WASP-90,1,1,Transit,2016,3.916243,0.0562,82.1,3e-06,-3e-06,<a refstr=WEST_ET_AL__2016 href=https://ui.adsabs.harvard.edu/abs/2016A&A...585A.126W/abstract target=ref>West et al. 2016</a>,18.27067,1.00881,-1.00881,1.63,200.2329,22.2481,-22.2481,Mass,<a refstr=WEST_ET_AL__2016 href=https://ui.adsabs.harvard.edu/abs/2016A&A...585A.126W/abstract target=ref>West et al. 2016</a>,0.63,0.193,0.0,,,1704.4939,1840.0,F6,6430.0,1.98,1.55,0.11,0.05521472392638037
Kepler-908 b,Kepler-908,3,1,Transit,2016,1.340597468,0.02526,89.94,1.947e-06,-1.947e-06,<a refstr=MORTON_ET_AL__2016 href=https://ui.adsabs.harvard.edu/abs/2016ApJ...822...86M/abstract target=ref>Morton et al. 2016</a>,1.22,0.1,-0.08,0.10884111,1.98,,,M-R relationship,<a refstr=CALCULATED_VALUE href=/docs/pscp_calc.html target=_blank>Calculated Value</a>,0.00624,5.99,0.0,,,3304.101,1783.0,,5973.0,1.12,1.11,0.15,0.0819672131147541
Kepler-499 b,Kepler-499,1,1,Transit,2016,5.632528453,0.0598,88.58,5.753e-06,-5.753e-06,<a refstr=MORTON_ET_AL__2016 href=https://ui.adsabs.harvard.edu/abs/2016ApJ...822...86M/abstract target=ref>Morton et al. 2016</a>,2.17,0.25,-0.16,0.19359443,5.35,,,M-R relationship,<a refstr=CALCULATED_VALUE href=/docs/pscp_calc.html target=_blank>Calculated Value</a>,0.0168,2.88,0.0,,,148.456,844.0,,5312.0,0.83,0.87,0.0,0.1152073732718894
Kepler-801 b,Kepler-801,1,1,Transit,2016,11.41928253,0.0795,89.36,2.439e-05,-2.439e-05,<a refstr=MORTON_ET_AL__2016 href=https://ui.adsabs.harvard.edu/abs/2016ApJ...822...86M/abstract target=ref>Morton et al. 2016</a>,2.0,0.08,-0.1,0.17842805,4.66,,,M-R relationship,<a refstr=CALCULATED_VALUE href=/docs/pscp_calc.html target=_blank>Calculated Value</a>,0.0147,3.2,0.0,,,14.442,419.0,,4435.0,0.63,0.67,-0.17,0.05
Kepler-870 b,Kepler-870,1,1,Transit,2016,21.3587621,0.1539,89.81,0.0001184,-0.0001184,<a refstr=MORTON_ET_AL__2016 href=https://ui.adsabs.harvard.edu/abs/2016ApJ...822...86M/abstract target=ref>Morton et al. 2016</a>,2.78,0.51,-0.29,0.24801499,8.15,,,M-R relationship,<a refstr=CALCULATED_VALUE href=/docs/pscp_calc.html target=_blank>Calculated Value</a>,0.0256,2.08,0.0,,,54.869,691.0,,5857.0,1.02,1.01,-0.01,0.18345323741007197
Kepler-907 b,Kepler-907,1,1,Transit,2016,15.86621821,0.1225,86.77,6.487e-05,-6.487e-05,<a refstr=MORTON_ET_AL__2016 href=https://ui.adsabs.harvard.edu/abs/2016ApJ...822...86M/abstract target=ref>Morton et al. 2016</a>,1.2,0.06,-0.05,0.10705683,1.87,,,M-R relationship,<a refstr=CALCULATED_VALUE href=/docs/pscp_calc.html target=_blank>Calculated Value</a>,0.00588,5.95,0.0,,,137.66,879.0,,6106.0,1.38,1.08,-0.15,0.05
Kepler-797 b,Kepler-797,1,1,Transit,2016,27.07237711,0.181,89.97,9.275e-05,-9.275e-05,<a refstr=MORTON_ET_AL__2016 href=https://ui.adsabs.harvard.edu/abs/2016ApJ...822...86M/abstract target=ref>Morton et al. 2016</a>,2.17,0.43,-0.22,0.19359443,5.35,,,M-R relationship,<a refstr=CALCULATED_VALUE href=/docs/pscp_calc.html target=_blank>Calculated Value</a>,0.0168,2.88,0.0,,,90.1,605.0,,5680.0,0.95,0.96,-0.02,0.19815668202764977
Kepler-867 b,Kepler-867,1,1,Transit,2016,150.242127,0.5375,89.81,0.0006047,-0.0006047,<a refstr=MORTON_ET_AL__2016 href=https://ui.adsabs.harvard.edu/abs/2016ApJ...822...86M/abstract target=ref>Morton et al. 2016</a>,4.64,0.41,-0.3,0.41395307,19.4,,,M-R relationship,<a refstr=CALCULATED_VALUE href=/docs/pscp_calc.html target=_blank>Calculated Value</a>,0.0612,1.07,0.0,,,2.72,327.0,,5541.0,0.91,0.92,-0.02,0.08836206896551724
Kepler-868 b,Kepler-868,1,1,Transit,2016,5.03251791,0.0575,72.3,2.082e-05,-2.082e-05,<a refstr=MORTON_ET_AL__2016 href=https://ui.adsabs.harvard.edu/abs/2016ApJ...822...86M/abstract target=ref>Morton et al. 2016</a>,2.05,0.2,-0.17,0.18288875,4.86,,,M-R relationship,<a refstr=CALCULATED_VALUE href=/docs/pscp_calc.html target=_blank>Calculated Value</a>,0.0153,3.1,0.0,,,417.034,1047.0,,5614.0,0.89,0.93,-0.08,0.09756097560975611
Kepler-866 b,Kepler-866,1,1,Transit,2016,2.617032536,0.0331,89.15,7.305e-06,-7.305e-06,<a refstr=MORTON_ET_AL__2016 href=https://ui.adsabs.harvard.edu/abs/2016ApJ...822...86M/abstract target=ref>Morton et al. 2016</a>,1.63,0.08,-0.12,0.14541886,3.29,,,M-R relationship,<a refstr=CALCULATED_VALUE href=/docs/pscp_calc.html target=_blank>Calculated Value</a>,0.0104,4.17,0.0,,,196.127,996.0,,4751.0,0.71,0.75,-0.07,0.0736196319018405
Kepler-910 b,Kepler-910,1,1,Transit,2016,2.364369015,0.03752,88.44,8.829e-06,-8.829e-06,<a refstr=MORTON_ET_AL__2016 href=https://ui.adsabs.harvard.edu/abs/2016ApJ...822...86M/abstract target=ref>Morton et al. 2016</a>,0.82,0.04,-0.03,0.0731555,0.477,,,M-R relationship,<a refstr=CALCULATED_VALUE href=/docs/pscp_calc.html target=_blank>Calculated Value</a>,0.0015,4.75,0.0,,,2108.073,1752.0,,6230.0,1.5,1.26,0.12,0.04878048780487805
Kepler-847 b,Kepler-847,1,1,Transit,2016,2.343231895,0.0315,89.7,7.572e-06,-7.572e-06,<a refstr=MORTON_ET_AL__2016 href=https://ui.adsabs.harvard.edu/abs/2016ApJ...822...86M/abstract target=ref>Morton et al. 2016</a>,1.18,0.09,-0.05,0.10527255,1.76,,,M-R relationship,<a refstr=CALCULATED_VALUE href=/docs/pscp_calc.html target=_blank>Calculated Value</a>,0.00553,5.89,0.0,,,292.31,1054.0,,4940.0,0.77,0.83,0.15,0.07627118644067797
Kepler-846 b,Kepler-846,1,1,Transit,2016,19.80792185,0.1399,89.93,8.966e-05,-8.966e-05,<a refstr=MORTON_ET_AL__2016 href=https://ui.adsabs.harvard.edu/abs/2016ApJ...822...86M/abstract target=ref>Morton et al. 2016</a>,2.48,0.32,-0.18,0.22125078,6.71,,,M-R relationship,<a refstr=CALCULATED_VALUE href=/docs/pscp_calc.html target=_blank>Calculated Value</a>,0.0211,2.42,0.0,,,35.276,624.0,,5579.0,0.91,0.94,0.0,0.12903225806451613
Kepler-795 b,Kepler-795,2,1,Transit,2016,29.6193421,0.1803,89.94,0.0001144,-0.0001144,<a refstr=MORTON_ET_AL__2016 href=https://ui.adsabs.harvard.edu/abs/2016ApJ...822...86M/abstract target=ref>Morton et al. 2016</a>,1.68,0.18,-0.13,0.14987956,3.46,,,M-R relationship,<a refstr=CALCULATED_VALUE href=/docs/pscp_calc.html target=_blank>Calculated Value</a>,0.0109,4.01,0.0,,,28.9,580.0,,5631.0,0.96,0.94,-0.02,0.10714285714285714
Kepler-909 b,Kepler-909,1,1,Transit,2016,13.93290318,0.11873,87.14,4.462e-05,-4.462e-05,<a refstr=MORTON_ET_AL__2016 href=https://ui.adsabs.harvard.edu/abs/2016ApJ...822...86M/abstract target=ref>Morton et al. 2016</a>,1.47,0.16,-0.11,0.13114462,2.76,,,M-R relationship,<a refstr=CALCULATED_VALUE href=/docs/pscp_calc.html target=_blank>Calculated Value</a>,0.00869,4.77,0.0,,,127.24,852.0,,6154.0,1.23,1.17,0.08,0.108843537414966
Kepler-916 b,Kepler-916,1,1,Transit,2016,32.2968798,0.1885,89.78,0.0002489,-0.0002489,<a refstr=MORTON_ET_AL__2016 href=https://ui.adsabs.harvard.edu/abs/2016ApJ...822...86M/abstract target=ref>Morton et al. 2016</a>,1.76,0.14,-0.13,0.15701668,3.75,,,M-R relationship,<a refstr=CALCULATED_VALUE href=/docs/pscp_calc.html target=_blank>Calculated Value</a>,0.0118,3.78,0.0,,,14.683,503.0,,5248.0,0.81,0.85,-0.05,0.07954545454545456
Kepler-845 b,Kepler-845,1,1,Transit,2016,0.927859821,0.01668,76.15,5.49e-07,-5.49e-07,<a refstr=MORTON_ET_AL__2016 href=https://ui.adsabs.harvard.edu/abs/2016ApJ...822...86M/abstract target=ref>Morton et al. 2016</a>,2.04,0.09,-0.29,0.18199661,4.82,,,M-R relationship,<a refstr=CALCULATED_VALUE href=/docs/pscp_calc.html target=_blank>Calculated Value</a>,0.0152,3.12,0.0,,,772.498,1361.0,,4913.0,0.75,0.79,0.01,0.14215686274509803
Kepler-844 b,Kepler-844,1,1,Transit,2016,2.613020856,0.0298,80.29,6.243e-06,-6.243e-06,<a refstr=MORTON_ET_AL__2016 href=https://ui.adsabs.harvard.edu/abs/2016ApJ...822...86M/abstract target=ref>Morton et al. 2016</a>,1.68,0.07,-0.24,0.14987956,3.46,,,M-R relationship,<a refstr=CALCULATED_VALUE href=/docs/pscp_calc.html target=_blank>Calculated Value</a>,0.0109,4.01,0.0,,,89.652,713.0,,4128.0,0.57,0.59,-0.24,0.14285714285714285
Kepler-862 b,Kepler-862,1,1,Transit,2016,3.148664534,0.039,85.68,7.031e-06,-7.031e-06,<a refstr=MORTON_ET_AL__2016 href=https://ui.adsabs.harvard.edu/abs/2016ApJ...822...86M/abstract target=ref>Morton et al. 2016</a>,2.21,0.44,-0.17,0.19716299,5.52,,,M-R relationship,<a refstr=CALCULATED_VALUE href=/docs/pscp_calc.html target=_blank>Calculated Value</a>,0.0174,2.81,0.0,,,547.293,1097.0,,5333.0,0.84,0.88,0.04,0.1990950226244344
Kepler-861 b,Kepler-861,1,1,Transit,2016,3.949631375,0.0463,89.86,5.49e-06,-5.49e-06,<a refstr=MORTON_ET_AL__2016 href=https://ui.adsabs.harvard.edu/abs/2016ApJ...822...86M/abstract target=ref>Morton et al. 2016</a>,2.28,0.12,-0.13,0.20340798,5.82,,,M-R relationship,<a refstr=CALCULATED_VALUE href=/docs/pscp_calc.html target=_blank>Calculated Value</a>,0.0183,2.7,0.0,,,197.29,966.0,,5047.0,0.78,0.82,0.01,0.05701754385964913
Kepler-842 b,Kepler-842,1,1,Transit,2016,1.21956827,0.0204,89.37,1.099e-06,-1.099e-06,<a refstr=MORTON_ET_AL__2016 href=https://ui.adsabs.harvard.edu/abs/2016ApJ...822...86M/abstract target=ref>Morton et al. 2016</a>,1.6,0.08,-0.09,0.14274244,3.19,,,M-R relationship,<a refstr=CALCULATED_VALUE href=/docs/pscp_calc.html target=_blank>Calculated Value</a>,0.01,4.28,0.0,,,588.95,1252.0,,4848.0,0.73,0.78,-0.02,0.056249999999999994
Kepler-841 b,Kepler-841,1,1,Transit,2016,124.4198398,0.479,90.0,0.000331,-0.000331,<a refstr=MORTON_ET_AL__2016 href=https://ui.adsabs.harvard.edu/abs/2016ApJ...822...86M/abstract target=ref>Morton et al. 2016</a>,5.23,0.41,-0.36,0.46658935,23.8,,,M-R relationship,<a refstr=CALCULATED_VALUE href=/docs/pscp_calc.html target=_blank>Calculated Value</a>,0.0749,0.914,0.0,,,1.648,416.0,,5324.0,0.81,0.85,-0.09,0.07839388145315486
Kepler-790 b,Kepler-790,1,1,Transit,2016,13.73469807,0.101,86.64,4.026e-05,-4.026e-05,<a refstr=MORTON_ET_AL__2016 href=https://ui.adsabs.harvard.edu/abs/2016ApJ...822...86M/abstract target=ref>Morton et al. 2016</a>,2.18,0.17,-0.14,0.19448657,5.39,,,M-R relationship,<a refstr=CALCULATED_VALUE href=/docs/pscp_calc.html target=_blank>Calculated Value</a>,0.017,2.86,0.0,,,38.274,634.0,,5208.0,0.8,0.84,-0.05,0.0779816513761468
Kepler-838 b,Kepler-838,1,1,Transit,2016,15.74957994,0.1266,88.24,4.687e-05,-4.687e-05,<a refstr=MORTON_ET_AL__2016 href=https://ui.adsabs.harvard.edu/abs/2016ApJ...822...86M/abstract target=ref>Morton et al. 2016</a>,2.73,0.51,-0.25,0.24355429,7.9,,,M-R relationship,<a refstr=CALCULATED_VALUE href=/docs/pscp_calc.html target=_blank>Calculated Value</a>,0.0249,2.13,0.0,,,61.089,777.0,,5770.0,0.96,0.98,-0.06,0.18681318681318682
Kepler-837 b,Kepler-837,1,1,Transit,2016,16.56059504,0.1144,86.99,4.293e-05,-4.293e-05,<a refstr=MORTON_ET_AL__2016 href=https://ui.adsabs.harvard.edu/abs/2016ApJ...822...86M/abstract target=ref>Morton et al. 2016</a>,2.56,0.22,-0.43,0.2283879,7.08,,,M-R relationship,<a refstr=CALCULATED_VALUE href=/docs/pscp_calc.html target=_blank>Calculated Value</a>,0.0223,2.32,0.0,,,55.966,701.0,,5403.0,0.81,0.85,-0.18,0.16796875
Kepler-787 b,Kepler-787,1,1,Transit,2016,0.928310498,0.0159,88.27,2.197e-06,-2.197e-06,<a refstr=MORTON_ET_AL__2016 href=https://ui.adsabs.harvard.edu/abs/2016ApJ...822...86M/abstract target=ref>Morton et al. 2016</a>,1.28,0.06,-0.07,0.11419395,2.18,,,M-R relationship,<a refstr=CALCULATED_VALUE href=/docs/pscp_calc.html target=_blank>Calculated Value</a>,0.00687,5.71,0.0,,,493.553,1115.0,,4248.0,0.62,0.65,-0.09,0.05468750000000001
Kepler-465 b,Kepler-465,1,1,Transit,2016,9.940672466,0.09195,89.94,6.545e-06,-6.545e-06,<a refstr=MORTON_ET_AL__2016 href=https://ui.adsabs.harvard.edu/abs/2016ApJ...822...86M/abstract target=ref>Morton et al. 2016</a>,2.95,0.25,-0.16,0.26318137,9.01,,,M-R relationship,<a refstr=CALCULATED_VALUE href=/docs/pscp_calc.html target=_blank>Calculated Value</a>,0.0283,1.93,0.0,,,227.82,996.0,,6310.0,1.29,1.23,0.09,0.0847457627118644
Kepler-856 b,Kepler-856,1,1,Transit,2016,8.027680595,0.0787,88.52,2.013e-06,-2.013e-06,<a refstr=MORTON_ET_AL__2016 href=https://ui.adsabs.harvard.edu/abs/2016ApJ...822...86M/abstract target=ref>Morton et al. 2016</a>,9.3,1.25,-0.6,0.82969043,63.3,,,M-R relationship,<a refstr=CALCULATED_VALUE href=/docs/pscp_calc.html target=_blank>Calculated Value</a>,0.199,0.432,0.0,,,153.497,824.0,,5535.0,0.93,0.96,0.12,0.13440860215053763
Kepler-892 b,Kepler-892,1,1,Transit,2016,13.7521072,0.1015,87.86,3.106e-05,-3.106e-05,<a refstr=MORTON_ET_AL__2016 href=https://ui.adsabs.harvard.edu/abs/2016ApJ...822...86M/abstract target=ref>Morton et al. 2016</a>,2.81,0.37,-0.27,0.25069141,8.3,,,M-R relationship,<a refstr=CALCULATED_VALUE href=/docs/pscp_calc.html target=_blank>Calculated Value</a>,0.0261,2.06,0.0,,,18.196,556.0,,4747.0,0.72,0.75,-0.04,0.13167259786476868
Kepler-933 b,Kepler-933,1,1,Transit,2016,14.20443009,0.1041,89.98,6.185e-05,-6.185e-05,<a refstr=MORTON_ET_AL__2016 href=https://ui.adsabs.harvard.edu/abs/2016ApJ...822...86M/abstract target=ref>Morton et al. 2016</a>,2.46,0.23,-0.16,0.2194665,6.62,,,M-R relationship,<a refstr=CALCULATED_VALUE href=/docs/pscp_calc.html target=_blank>Calculated Value</a>,0.0208,2.44,0.0,,,61.323,602.0,,5346.0,0.84,0.87,-0.02,0.0934959349593496
Kepler-826 b,Kepler-826,1,1,Transit,2016,4.48758907,0.05202,87.03,1.653e-05,-1.653e-05,<a refstr=MORTON_ET_AL__2016 href=https://ui.adsabs.harvard.edu/abs/2016ApJ...822...86M/abstract target=ref>Morton et al. 2016</a>,1.25,0.2,-0.14,0.11151753,2.1,,,M-R relationship,<a refstr=CALCULATED_VALUE href=/docs/pscp_calc.html target=_blank>Calculated Value</a>,0.0066,5.91,0.0,,,827.221,1305.0,,6079.0,1.15,1.05,-0.12,0.16
Kepler-895 b,Kepler-895,1,1,Transit,2016,2.806242328,0.0328,89.82,8.172e-06,-8.172e-06,<a refstr=MORTON_ET_AL__2016 href=https://ui.adsabs.harvard.edu/abs/2016ApJ...822...86M/abstract target=ref>Morton et al. 2016</a>,1.54,0.09,-0.07,0.1373896,2.99,,,M-R relationship,<a refstr=CALCULATED_VALUE href=/docs/pscp_calc.html target=_blank>Calculated Value</a>,0.0094,4.5,0.0,,,106.585,771.0,,4315.0,0.61,0.65,-0.16,0.05844155844155844
Kepler-743 b,Kepler-743,2,1,Transit,2016,3.179262921,0.04166,89.59,2.517e-06,-2.517e-06,<a refstr=MORTON_ET_AL__2016 href=https://ui.adsabs.harvard.edu/abs/2016ApJ...822...86M/abstract target=ref>Morton et al. 2016</a>,1.21,0.03,-0.05,0.10794897,1.92,,,M-R relationship,<a refstr=CALCULATED_VALUE href=/docs/pscp_calc.html target=_blank>Calculated Value</a>,0.00606,5.96,0.0,,,397.252,1101.0,,5486.0,0.85,0.94,0.01,0.04132231404958678
Kepler-823 b,Kepler-823,1,1,Transit,2016,4.16809082,0.0507,85.09,1.748e-05,-1.748e-05,<a refstr=MORTON_ET_AL__2016 href=https://ui.adsabs.harvard.edu/abs/2016ApJ...822...86M/abstract target=ref>Morton et al. 2016</a>,1.57,0.31,-0.14,0.14006602,3.09,,,M-R relationship,<a refstr=CALCULATED_VALUE href=/docs/pscp_calc.html target=_blank>Calculated Value</a>,0.00972,4.39,0.0,,,803.353,1277.0,,5643.0,0.96,0.98,0.06,0.19745222929936304
Kepler-899 b,Kepler-899,1,1,Transit,2016,19.17891293,0.1392,89.99,8.075e-05,-8.075e-05,<a refstr=MORTON_ET_AL__2016 href=https://ui.adsabs.harvard.edu/abs/2016ApJ...822...86M/abstract target=ref>Morton et al. 2016</a>,2.68,0.46,-0.26,0.23909359,7.65,,,M-R relationship,<a refstr=CALCULATED_VALUE href=/docs/pscp_calc.html target=_blank>Calculated Value</a>,0.0241,2.18,0.0,,,62.198,640.0,,5595.0,0.91,0.93,-0.06,0.17164179104477612
Kepler-747 b,Kepler-747,1,1,Transit,2016,35.61760587,0.1916,89.98,5.345e-05,-5.345e-05,<a refstr=MORTON_ET_AL__2016 href=https://ui.adsabs.harvard.edu/abs/2016ApJ...822...86M/abstract target=ref>Morton et al. 2016</a>,5.27,0.29,-0.28,0.47015791,24.1,,,M-R relationship,<a refstr=CALCULATED_VALUE href=/docs/pscp_calc.html target=_blank>Calculated Value</a>,0.0759,0.905,0.0,,,10.19,456.0,,5096.0,0.78,0.82,-0.03,0.05502846299810247
Kepler-821 b,Kepler-821,1,1,Transit,2016,1.92279873,0.029,89.74,4.817e-06,-4.817e-06,<a refstr=MORTON_ET_AL__2016 href=https://ui.adsabs.harvard.edu/abs/2016ApJ...822...86M/abstract target=ref>Morton et al. 2016</a>,1.31,0.1,-0.08,0.11687037,2.27,,,M-R relationship,<a refstr=CALCULATED_VALUE href=/docs/pscp_calc.html target=_blank>Calculated Value</a>,0.00714,5.55,0.0,,,496.82,1215.0,,5191.0,0.8,0.84,-0.03,0.07633587786259542
Kepler-498 b,Kepler-498,1,1,Transit,2016,9.61375356,0.0897,87.37,1.173e-05,-1.173e-05,<a refstr=MORTON_ET_AL__2016 href=https://ui.adsabs.harvard.edu/abs/2016ApJ...822...86M/abstract target=ref>Morton et al. 2016</a>,3.03,0.5,-0.34,0.27031849,9.43,,,M-R relationship,<a refstr=CALCULATED_VALUE href=/docs/pscp_calc.html target=_blank>Calculated Value</a>,0.0297,1.86,0.0,,,202.775,931.0,,5744.0,0.96,0.98,-0.04,0.16501650165016502
Kepler-901 b,Kepler-901,1,1,Transit,2016,3.517494394,0.0378,86.49,3.521e-06,-3.521e-06,<a refstr=MORTON_ET_AL__2016 href=https://ui.adsabs.harvard.edu/abs/2016ApJ...822...86M/abstract target=ref>Morton et al. 2016</a>,1.37,0.07,-0.06,0.12222321,2.45,,,M-R relationship,<a refstr=CALCULATED_VALUE href=/docs/pscp_calc.html target=_blank>Calculated Value</a>,0.00771,5.24,0.0,,,68.723,704.0,,4184.0,0.57,0.59,-0.3,0.051094890510948905
Kepler-900 b,Kepler-900,1,1,Transit,2016,6.9913086,0.0679,87.58,1.434e-05,-1.434e-05,<a refstr=MORTON_ET_AL__2016 href=https://ui.adsabs.harvard.edu/abs/2016ApJ...822...86M/abstract target=ref>Morton et al. 2016</a>,2.08,0.12,-0.34,0.18556517,4.98,,,M-R relationship,<a refstr=CALCULATED_VALUE href=/docs/pscp_calc.html target=_blank>Calculated Value</a>,0.0157,3.04,0.0,,,54.109,716.0,,4836.0,0.73,0.78,-0.01,0.16346153846153846
Kepler-751 b,Kepler-751,1,1,Transit,2016,17.44490636,0.1263,86.98,4.2e-05,-4.2e-05,<a refstr=MORTON_ET_AL__2016 href=https://ui.adsabs.harvard.edu/abs/2016ApJ...822...86M/abstract target=ref>Morton et al. 2016</a>,2.46,0.23,-0.18,0.2194665,6.62,,,M-R relationship,<a refstr=CALCULATED_VALUE href=/docs/pscp_calc.html target=_blank>Calculated Value</a>,0.0208,2.44,0.0,,,39.01,679.0,,5387.0,0.84,0.87,-0.06,0.0934959349593496
Kepler-885 b,Kepler-885,1,1,Transit,2016,18.11472949,0.14403,85.95,5.308e-05,-5.308e-05,<a refstr=MORTON_ET_AL__2016 href=https://ui.adsabs.harvard.edu/abs/2016ApJ...822...86M/abstract target=ref>Morton et al. 2016</a>,2.5,0.4,-0.39,0.22303506,6.8,,,M-R relationship,<a refstr=CALCULATED_VALUE href=/docs/pscp_calc.html target=_blank>Calculated Value</a>,0.0214,2.39,0.0,,,124.646,830.0,,6187.0,1.35,1.21,0.11,0.16
Kepler-905 b,Kepler-905,1,1,Transit,2016,5.082746517,0.05689,89.84,8.374e-06,-8.374e-06,<a refstr=MORTON_ET_AL__2016 href=https://ui.adsabs.harvard.edu/abs/2016ApJ...822...86M/abstract target=ref>Morton et al. 2016</a>,1.41,0.05,-0.05,0.12579177,2.57,,,M-R relationship,<a refstr=CALCULATED_VALUE href=/docs/pscp_calc.html target=_blank>Calculated Value</a>,0.00809,5.04,0.0,,,185.771,928.0,,5461.0,0.86,0.95,0.09,0.03546099290780142
Kepler-756 b,Kepler-756,1,1,Transit,2016,1.224866322,0.0219,86.94,3.839e-06,-3.839e-06,<a refstr=MORTON_ET_AL__2016 href=https://ui.adsabs.harvard.edu/abs/2016ApJ...822...86M/abstract target=ref>Morton et al. 2016</a>,1.12,0.09,-0.1,0.09991971,1.46,,,M-R relationship,<a refstr=CALCULATED_VALUE href=/docs/pscp_calc.html target=_blank>Calculated Value</a>,0.00459,5.71,0.0,,,2174.33,1741.0,,5282.0,0.79,0.82,-0.19,0.08928571428571429
Kepler-815 b,Kepler-815,1,1,Transit,2016,8.57503552,0.09473,89.03,5.91e-05,-5.91e-05,<a refstr=MORTON_ET_AL__2016 href=https://ui.adsabs.harvard.edu/abs/2016ApJ...822...86M/abstract target=ref>Morton et al. 2016</a>,4.11,0.19,-0.33,0.36666964,15.8,,,M-R relationship,<a refstr=CALCULATED_VALUE href=/docs/pscp_calc.html target=_blank>Calculated Value</a>,0.0498,1.25,0.0,,,979.136,1374.0,,5028.0,3.42,1.25,-0.03,0.08029197080291971
Kepler-852 b,Kepler-852,1,1,Transit,2016,44.9309804,0.27967,89.42,0.00024,-0.00024,<a refstr=MORTON_ET_AL__2016 href=https://ui.adsabs.harvard.edu/abs/2016ApJ...822...86M/abstract target=ref>Morton et al. 2016</a>,2.54,0.45,-0.17,0.22660362,6.99,,,M-R relationship,<a refstr=CALCULATED_VALUE href=/docs/pscp_calc.html target=_blank>Calculated Value</a>,0.022,2.34,0.0,,,92.131,565.0,,6100.0,1.16,1.19,0.22,0.17716535433070865
Kepler-883 b,Kepler-883,1,1,Transit,2016,12.98495573,0.10288,89.91,3.436e-05,-3.436e-05,<a refstr=MORTON_ET_AL__2016 href=https://ui.adsabs.harvard.edu/abs/2016ApJ...822...86M/abstract target=ref>Morton et al. 2016</a>,1.78,0.17,-0.13,0.15880096,3.82,,,M-R relationship,<a refstr=CALCULATED_VALUE href=/docs/pscp_calc.html target=_blank>Calculated Value</a>,0.012,3.72,0.0,,,163.052,818.0,,6116.0,1.09,1.06,-0.13,0.0955056179775281
Kepler-509 b,Kepler-509,1,1,Transit,2016,41.74600392,0.23702,89.96,4.444e-05,-4.444e-05,<a refstr=MORTON_ET_AL__2016 href=https://ui.adsabs.harvard.edu/abs/2016ApJ...822...86M/abstract target=ref>Morton et al. 2016</a>,2.49,0.06,-0.06,0.22214292,6.76,,,M-R relationship,<a refstr=CALCULATED_VALUE href=/docs/pscp_calc.html target=_blank>Calculated Value</a>,0.0213,2.41,0.0,,,28.481,584.0,,6060.0,1.2,1.1,0.01,0.024096385542168672
Kepler-813 b,Kepler-813,1,1,Transit,2016,19.12947337,0.1439,87.58,7.455e-05,-7.455e-05,<a refstr=MORTON_ET_AL__2016 href=https://ui.adsabs.harvard.edu/abs/2016ApJ...822...86M/abstract target=ref>Morton et al. 2016</a>,2.14,0.42,-0.19,0.19091801,5.22,,,M-R relationship,<a refstr=CALCULATED_VALUE href=/docs/pscp_calc.html target=_blank>Calculated Value</a>,0.0164,2.93,0.0,,,56.04,817.0,,5743.0,0.93,0.95,-0.13,0.19626168224299065
Kepler-882 b,Kepler-882,1,1,Transit,2016,3.989539666,0.04741,89.75,9.758e-06,-9.758e-06,<a refstr=MORTON_ET_AL__2016 href=https://ui.adsabs.harvard.edu/abs/2016ApJ...822...86M/abstract target=ref>Morton et al. 2016</a>,1.23,0.15,-0.09,0.10973325,2.04,,,M-R relationship,<a refstr=CALCULATED_VALUE href=/docs/pscp_calc.html target=_blank>Calculated Value</a>,0.00642,6.02,0.0,,,259.029,903.0,,5476.0,0.87,0.9,-0.03,0.12195121951219512
Kepler-474 b,Kepler-474,1,1,Transit,2016,5.660672935,0.06092,86.77,3.733e-06,-3.733e-06,<a refstr=MORTON_ET_AL__2016 href=https://ui.adsabs.harvard.edu/abs/2016ApJ...822...86M/abstract target=ref>Morton et al. 2016</a>,3.06,0.48,-0.37,0.27299491,9.59,,,M-R relationship,<a refstr=CALCULATED_VALUE href=/docs/pscp_calc.html target=_blank>Calculated Value</a>,0.0302,1.84,0.0,,,671.064,1115.0,,5785.0,1.08,0.99,-0.01,0.1568627450980392
Kepler-877 b,Kepler-877,1,1,Transit,2016,18.45847097,0.1301,88.09,4.779e-05,-4.779e-05,<a refstr=MORTON_ET_AL__2016 href=https://ui.adsabs.harvard.edu/abs/2016ApJ...822...86M/abstract target=ref>Morton et al. 2016</a>,2.12,0.14,-0.27,0.18913373,5.14,,,M-R relationship,<a refstr=CALCULATED_VALUE href=/docs/pscp_calc.html target=_blank>Calculated Value</a>,0.0162,2.96,0.0,,,37.81,632.0,,5261.0,0.81,0.85,-0.06,0.12735849056603774
Kepler-775 b,Kepler-775,1,1,Transit,2016,0.974868926,0.01834,88.53,8e-07,-8e-07,<a refstr=MORTON_ET_AL__2016 href=https://ui.adsabs.harvard.edu/abs/2016ApJ...822...86M/abstract target=ref>Morton et al. 2016</a>,1.19,0.04,-0.04,0.10616469,1.81,,,M-R relationship,<a refstr=CALCULATED_VALUE href=/docs/pscp_calc.html target=_blank>Calculated Value</a>,0.0057,5.9,0.0,,,1496.75,1612.0,,5468.0,0.84,0.92,-0.04,0.033613445378151266
Kepler-500 b,Kepler-500,1,1,Transit,2016,8.508324398,0.08361,89.99,9.109e-06,-9.109e-06,<a refstr=MORTON_ET_AL__2016 href=https://ui.adsabs.harvard.edu/abs/2016ApJ...822...86M/abstract target=ref>Morton et al. 2016</a>,2.58,0.25,-0.17,0.23017218,7.18,,,M-R relationship,<a refstr=CALCULATED_VALUE href=/docs/pscp_calc.html target=_blank>Calculated Value</a>,0.0226,2.3,0.0,,,193.68,909.0,,5813.0,1.03,1.02,0.03,0.09689922480620154
Kepler-808 b,Kepler-808,1,1,Transit,2016,0.631332353,0.01314,76.59,3.47e-07,-3.47e-07,<a refstr=MORTON_ET_AL__2016 href=https://ui.adsabs.harvard.edu/abs/2016ApJ...822...86M/abstract target=ref>Morton et al. 2016</a>,1.46,0.06,-0.08,0.13025248,2.73,,,M-R relationship,<a refstr=CALCULATED_VALUE href=/docs/pscp_calc.html target=_blank>Calculated Value</a>,0.00859,4.82,0.0,,,1428.3,1322.0,,4653.0,0.71,0.76,0.05,0.05479452054794521
Kepler-777 b,Kepler-777,1,1,Transit,2016,5.72812599,0.0519,89.42,2.019e-05,-2.019e-05,<a refstr=MORTON_ET_AL__2016 href=https://ui.adsabs.harvard.edu/abs/2016ApJ...822...86M/abstract target=ref>Morton et al. 2016</a>,1.47,0.08,-0.08,0.13114462,2.76,,,M-R relationship,<a refstr=CALCULATED_VALUE href=/docs/pscp_calc.html target=_blank>Calculated Value</a>,0.00869,4.77,0.0,,,33.953,569.0,,4043.0,0.56,0.58,-0.17,0.054421768707483
Kepler-779 b,Kepler-779,2,1,Transit,2016,7.09714223,0.0533,89.89,2.921e-05,-2.921e-05,<a refstr=MORTON_ET_AL__2016 href=https://ui.adsabs.harvard.edu/abs/2016ApJ...822...86M/abstract target=ref>Morton et al. 2016</a>,0.92,0.07,-0.07,0.0820769,0.721,,,M-R relationship,<a refstr=CALCULATED_VALUE href=/docs/pscp_calc.html target=_blank>Calculated Value</a>,0.00227,5.09,0.0,,,15.028,425.0,,3804.0,0.44,0.46,-0.43,0.07608695652173914
Kepler-803 b,Kepler-803,1,1,Transit,2016,50.28638192,0.26721,89.98,8.862e-05,-8.862e-05,<a refstr=MORTON_ET_AL__2016 href=https://ui.adsabs.harvard.edu/abs/2016ApJ...822...86M/abstract target=ref>Morton et al. 2016</a>,3.79,0.55,-0.38,0.33812115,13.8,,,M-R relationship,<a refstr=CALCULATED_VALUE href=/docs/pscp_calc.html target=_blank>Calculated Value</a>,0.0434,1.39,0.0,,,20.882,543.0,,5919.0,1.12,1.05,0.02,0.14511873350923485
Kepler-1049 b,Kepler-1049,1,1,Transit,2016,3.273460736,0.0349,88.1,5.305e-06,-5.305e-06,<a refstr=MORTON_ET_AL__2016 href=https://ui.adsabs.harvard.edu/abs/2016ApJ...822...86M/abstract target=ref>Morton et al. 2016</a>,0.95,0.1,-0.16,0.08475332,0.809,,,M-R relationship,<a refstr=CALCULATED_VALUE href=/docs/pscp_calc.html target=_blank>Calculated Value</a>,0.00254,5.18,0.0,,,50.427,625.0,,3864.0,0.49,0.51,-0.33,0.16842105263157897
Kepler-995 b,Kepler-995,1,1,Transit,2016,28.26731672,0.1701,89.99,8.643e-05,-8.643e-05,<a refstr=MORTON_ET_AL__2016 href=https://ui.adsabs.harvard.edu/abs/2016ApJ...822...86M/abstract target=ref>Morton et al. 2016</a>,2.7,0.19,-0.17,0.24087787,7.75,,,M-R relationship,<a refstr=CALCULATED_VALUE href=/docs/pscp_calc.html target=_blank>Calculated Value</a>,0.0244,2.16,0.0,,,11.92,517.0,,5206.0,0.8,0.83,-0.07,0.07037037037037036
Kepler-1033 b,Kepler-1033,1,1,Transit,2016,7.56052806,0.0761,89.92,2.405e-05,-2.405e-05,<a refstr=MORTON_ET_AL__2016 href=https://ui.adsabs.harvard.edu/abs/2016ApJ...822...86M/abstract target=ref>Morton et al. 2016</a>,2.51,0.41,-0.18,0.2239272,6.85,,,M-R relationship,<a refstr=CALCULATED_VALUE href=/docs/pscp_calc.html target=_blank>Calculated Value</a>,0.0215,2.38,0.0,,,159.422,914.0,,5547.0,0.92,0.94,0.06,0.16334661354581673
Kepler-1040 b,Kepler-1040,1,1,Transit,2016,201.1214,0.67249,90.0,0.001945,-0.001945,<a refstr=MORTON_ET_AL__2016 href=https://ui.adsabs.harvard.edu/abs/2016ApJ...822...86M/abstract target=ref>Morton et al. 2016</a>,2.08,0.18,-0.1,0.18556517,4.98,,,M-R relationship,<a refstr=CALCULATED_VALUE href=/docs/pscp_calc.html target=_blank>Calculated Value</a>,0.0157,3.04,0.0,,,2.121,300.0,,5694.0,0.96,0.98,0.01,0.08653846153846154
Kepler-1138 b,Kepler-1138,1,1,Transit,2016,3.17060005,0.0415,85.11,1.019e-05,-1.019e-05,<a refstr=MORTON_ET_AL__2016 href=https://ui.adsabs.harvard.edu/abs/2016ApJ...822...86M/abstract target=ref>Morton et al. 2016</a>,1.7,0.24,-0.13,0.15166384,3.53,,,M-R relationship,<a refstr=CALCULATED_VALUE href=/docs/pscp_calc.html target=_blank>Calculated Value</a>,0.0111,3.95,0.0,,,245.904,1080.0,,5582.0,0.92,0.95,0.04,0.1411764705882353
Kepler-1139 b,Kepler-1139,1,1,Transit,2016,0.813166719,0.01664,89.23,1.251e-06,-1.251e-06,<a refstr=MORTON_ET_AL__2016 href=https://ui.adsabs.harvard.edu/abs/2016ApJ...822...86M/abstract target=ref>Morton et al. 2016</a>,1.19,0.17,-0.08,0.10616469,1.81,,,M-R relationship,<a refstr=CALCULATED_VALUE href=/docs/pscp_calc.html target=_blank>Calculated Value</a>,0.0057,5.9,0.0,,,1717.276,1693.0,,5550.0,0.91,0.94,0.05,0.14285714285714288
Kepler-1060 b,Kepler-1060,1,1,Transit,2016,46.8779367,0.2495,87.75,0.000305,-0.000305,<a refstr=MORTON_ET_AL__2016 href=https://ui.adsabs.harvard.edu/abs/2016ApJ...822...86M/abstract target=ref>Morton et al. 2016</a>,2.38,0.45,-0.29,0.21232938,6.26,,,M-R relationship,<a refstr=CALCULATED_VALUE href=/docs/pscp_calc.html target=_blank>Calculated Value</a>,0.0197,2.55,0.0,,,17.416,484.0,,5797.0,0.99,0.99,-0.03,0.18907563025210086
Kepler-1055 b,Kepler-1055,1,1,Transit,2016,2.295036233,0.0335,89.14,3.471e-06,-3.471e-06,<a refstr=MORTON_ET_AL__2016 href=https://ui.adsabs.harvard.edu/abs/2016ApJ...822...86M/abstract target=ref>Morton et al. 2016</a>,1.23,0.07,-0.06,0.10973325,2.04,,,M-R relationship,<a refstr=CALCULATED_VALUE href=/docs/pscp_calc.html target=_blank>Calculated Value</a>,0.00642,6.02,0.0,,,647.256,1304.0,,5723.0,0.94,0.98,-0.02,0.05691056910569106
Kepler-1017 b,Kepler-1017,1,1,Transit,2016,7.23400469,0.07196,89.93,1.433e-05,-1.433e-05,<a refstr=MORTON_ET_AL__2016 href=https://ui.adsabs.harvard.edu/abs/2016ApJ...822...86M/abstract target=ref>Morton et al. 2016</a>,1.99,0.29,-0.12,0.17753591,4.62,,,M-R relationship,<a refstr=CALCULATED_VALUE href=/docs/pscp_calc.html target=_blank>Calculated Value</a>,0.0145,3.22,0.0,,,119.603,831.0,,5473.0,0.87,0.93,0.04,0.1457286432160804
Kepler-1045 b,Kepler-1045,1,1,Transit,2016,26.41045478,0.1616,89.25,7.194e-05,-7.194e-05,<a refstr=MORTON_ET_AL__2016 href=https://ui.adsabs.harvard.edu/abs/2016ApJ...822...86M/abstract target=ref>Morton et al. 2016</a>,2.69,0.21,-0.16,0.23998573,7.7,,,M-R relationship,<a refstr=CALCULATED_VALUE href=/docs/pscp_calc.html target=_blank>Calculated Value</a>,0.0242,2.17,0.0,,,19.127,512.0,,5301.0,0.82,0.86,-0.03,0.07806691449814127
Kepler-980 b,Kepler-980,1,1,Transit,2016,11.55102504,0.09993,88.79,2.754e-05,-2.754e-05,<a refstr=MORTON_ET_AL__2016 href=https://ui.adsabs.harvard.edu/abs/2016ApJ...822...86M/abstract target=ref>Morton et al. 2016</a>,2.67,0.23,-0.45,0.23820145,7.61,,,M-R relationship,<a refstr=CALCULATED_VALUE href=/docs/pscp_calc.html target=_blank>Calculated Value</a>,0.0239,2.2,0.0,,,170.137,845.0,,5935.0,1.06,1.05,0.01,0.16853932584269662
Kepler-991 b,Kepler-991,1,1,Transit,2016,82.5342519,0.3104,89.99,0.0003449,-0.0003449,<a refstr=MORTON_ET_AL__2016 href=https://ui.adsabs.harvard.edu/abs/2016ApJ...822...86M/abstract target=ref>Morton et al. 2016</a>,2.54,0.13,-0.12,0.22660362,6.99,,,M-R relationship,<a refstr=CALCULATED_VALUE href=/docs/pscp_calc.html target=_blank>Calculated Value</a>,0.022,2.34,0.0,,,1.371,260.0,,4392.0,0.61,0.64,-0.25,0.051181102362204724
Kepler-1018 b,Kepler-1018,1,1,Transit,2016,49.1013514,0.253,89.43,0.0001876,-0.0001876,<a refstr=MORTON_ET_AL__2016 href=https://ui.adsabs.harvard.edu/abs/2016ApJ...822...86M/abstract target=ref>Morton et al. 2016</a>,2.58,0.3,-0.19,0.23017218,7.18,,,M-R relationship,<a refstr=CALCULATED_VALUE href=/docs/pscp_calc.html target=_blank>Calculated Value</a>,0.0226,2.3,0.0,,,12.098,498.0,,5518.0,0.88,0.91,-0.05,0.11627906976744186
Kepler-1004 b,Kepler-1004,1,1,Transit,2016,5.28789787,0.06791,83.69,1.198e-05,-1.198e-05,<a refstr=MORTON_ET_AL__2016 href=https://ui.adsabs.harvard.edu/abs/2016ApJ...822...86M/abstract target=ref>Morton et al. 2016</a>,6.28,0.78,-0.44,0.56026407,32.5,,,M-R relationship,<a refstr=CALCULATED_VALUE href=/docs/pscp_calc.html target=_blank>Calculated Value</a>,0.102,0.721,0.0,,,1610.087,1661.0,,4972.0,3.39,1.11,-0.04,0.12420382165605096
Kepler-1151 b,Kepler-1151,1,1,Transit,2016,65.6478424,0.3197,88.43,0.000401,-0.000401,<a refstr=MORTON_ET_AL__2016 href=https://ui.adsabs.harvard.edu/abs/2016ApJ...822...86M/abstract target=ref>Morton et al. 2016</a>,2.22,0.24,-0.17,0.19805513,5.56,,,M-R relationship,<a refstr=CALCULATED_VALUE href=/docs/pscp_calc.html target=_blank>Calculated Value</a>,0.0175,2.79,0.0,,,4.86,485.0,,5470.0,0.85,0.88,-0.11,0.1081081081081081
Kepler-1064 b,Kepler-1064,1,1,Transit,2016,16.54080322,0.1183,88.92,4.111e-05,-4.111e-05,<a refstr=MORTON_ET_AL__2016 href=https://ui.adsabs.harvard.edu/abs/2016ApJ...822...86M/abstract target=ref>Morton et al. 2016</a>,1.55,0.07,-0.05,0.13828174,3.02,,,M-R relationship,<a refstr=CALCULATED_VALUE href=/docs/pscp_calc.html target=_blank>Calculated Value</a>,0.00951,4.46,0.0,,,24.87,570.0,,5153.0,0.79,0.85,0.0,0.04516129032258065
Kepler-971 b,Kepler-971,1,1,Transit,2016,9.59070716,0.08679,88.99,2.32e-05,-2.32e-05,<a refstr=MORTON_ET_AL__2016 href=https://ui.adsabs.harvard.edu/abs/2016ApJ...822...86M/abstract target=ref>Morton et al. 2016</a>,2.13,0.22,-0.24,0.19002587,5.18,,,M-R relationship,<a refstr=CALCULATED_VALUE href=/docs/pscp_calc.html target=_blank>Calculated Value</a>,0.0163,2.95,0.0,,,82.766,1087.0,,5431.0,0.85,0.88,-0.06,0.11267605633802817
Kepler-1007 b,Kepler-1007,1,1,Transit,2016,5.185002073,0.048,89.94,9.325e-06,-9.325e-06,<a refstr=MORTON_ET_AL__2016 href=https://ui.adsabs.harvard.edu/abs/2016ApJ...822...86M/abstract target=ref>Morton et al. 2016</a>,1.44,0.07,-0.07,0.1284682,2.67,,,M-R relationship,<a refstr=CALCULATED_VALUE href=/docs/pscp_calc.html target=_blank>Calculated Value</a>,0.00839,4.91,0.0,,,42.62,652.0,,4587.0,0.7,0.73,0.03,0.04861111111111112
Kepler-1145 b,Kepler-1145,1,1,Transit,2016,3.97076766,0.0443,86.0,1.11e-05,-1.11e-05,<a refstr=MORTON_ET_AL__2016 href=https://ui.adsabs.harvard.edu/abs/2016ApJ...822...86M/abstract target=ref>Morton et al. 2016</a>,1.4,0.11,-0.11,0.12489963,2.54,,,M-R relationship,<a refstr=CALCULATED_VALUE href=/docs/pscp_calc.html target=_blank>Calculated Value</a>,0.008,5.09,0.0,,,198.43,958.0,,5064.0,0.75,0.79,-0.13,0.07857142857142858
Kepler-1029 b,Kepler-1029,1,1,Transit,2016,4.417696479,0.047,78.17,8.897e-06,-8.897e-06,<a refstr=MORTON_ET_AL__2016 href=https://ui.adsabs.harvard.edu/abs/2016ApJ...822...86M/abstract target=ref>Morton et al. 2016</a>,1.26,0.08,-0.07,0.11240967,2.13,,,M-R relationship,<a refstr=CALCULATED_VALUE href=/docs/pscp_calc.html target=_blank>Calculated Value</a>,0.00669,5.85,0.0,,,92.16,790.0,,5030.0,0.77,0.82,0.01,0.06349206349206349
Kepler-1149 b,Kepler-1149,1,1,Transit,2016,3.73089898,0.0473,81.98,1.502e-05,-1.502e-05,<a refstr=MORTON_ET_AL__2016 href=https://ui.adsabs.harvard.edu/abs/2016ApJ...822...86M/abstract target=ref>Morton et al. 2016</a>,1.44,0.26,-0.17,0.1284682,2.67,,,M-R relationship,<a refstr=CALCULATED_VALUE href=/docs/pscp_calc.html target=_blank>Calculated Value</a>,0.00839,4.91,0.0,,,653.831,1128.0,,5833.0,1.01,1.02,0.02,0.18055555555555558
Kepler-1148 b,Kepler-1148,1,1,Transit,2016,1.104463509,0.0188,88.94,1.289e-06,-1.289e-06,<a refstr=MORTON_ET_AL__2016 href=https://ui.adsabs.harvard.edu/abs/2016ApJ...822...86M/abstract target=ref>Morton et al. 2016</a>,1.69,0.1,-0.09,0.1507717,3.5,,,M-R relationship,<a refstr=CALCULATED_VALUE href=/docs/pscp_calc.html target=_blank>Calculated Value</a>,0.011,3.98,0.0,,,815.407,1397.0,,5054.0,0.77,0.81,-0.02,0.0591715976331361
Kepler-1059 b,Kepler-1059,1,1,Transit,2016,3.764191048,0.044,88.83,9.545e-06,-9.545e-06,<a refstr=MORTON_ET_AL__2016 href=https://ui.adsabs.harvard.edu/abs/2016ApJ...822...86M/abstract target=ref>Morton et al. 2016</a>,1.73,0.12,-0.15,0.15434026,3.64,,,M-R relationship,<a refstr=CALCULATED_VALUE href=/docs/pscp_calc.html target=_blank>Calculated Value</a>,0.0115,3.86,0.0,,,174.074,908.0,,4906.0,0.72,0.75,-0.15,0.08670520231213873
Kepler-965 b,Kepler-965,1,1,Transit,2016,134.2527298,0.50998,90.0,0.0005661,-0.0005661,<a refstr=MORTON_ET_AL__2016 href=https://ui.adsabs.harvard.edu/abs/2016ApJ...822...86M/abstract target=ref>Morton et al. 2016</a>,3.38,0.55,-0.39,0.3015434,11.4,,,M-R relationship,<a refstr=CALCULATED_VALUE href=/docs/pscp_calc.html target=_blank>Calculated Value</a>,0.0357,1.62,0.0,,,4.98,393.0,,5886.0,1.15,1.05,0.03,0.1627218934911243
Kepler-479 b,Kepler-479,1,1,Transit,2016,12.49341307,0.09636,89.04,1.36e-05,-1.36e-05,<a refstr=MORTON_ET_AL__2016 href=https://ui.adsabs.harvard.edu/abs/2016ApJ...822...86M/abstract target=ref>Morton et al. 2016</a>,2.12,0.09,-0.07,0.18913373,5.14,,,M-R relationship,<a refstr=CALCULATED_VALUE href=/docs/pscp_calc.html target=_blank>Calculated Value</a>,0.0162,2.96,0.0,,,37.753,649.0,,5247.0,0.81,0.86,-0.02,0.04245283018867924
Kepler-934 b,Kepler-934,1,1,Transit,2016,55.6738309,0.2658,89.86,0.0002829,-0.0002829,<a refstr=MORTON_ET_AL__2016 href=https://ui.adsabs.harvard.edu/abs/2016ApJ...822...86M/abstract target=ref>Morton et al. 2016</a>,2.09,0.15,-0.11,0.18645731,5.02,,,M-R relationship,<a refstr=CALCULATED_VALUE href=/docs/pscp_calc.html target=_blank>Calculated Value</a>,0.0158,3.02,0.0,,,4.716,384.0,,5001.0,0.77,0.81,0.01,0.07177033492822966
Kepler-977 b,Kepler-977,1,1,Transit,2016,26.85328322,0.162,89.99,6.393e-05,-6.393e-05,<a refstr=MORTON_ET_AL__2016 href=https://ui.adsabs.harvard.edu/abs/2016ApJ...822...86M/abstract target=ref>Morton et al. 2016</a>,2.62,0.17,-0.17,0.23374074,7.37,,,M-R relationship,<a refstr=CALCULATED_VALUE href=/docs/pscp_calc.html target=_blank>Calculated Value</a>,0.0232,2.25,0.0,,,13.955,544.0,,5315.0,0.83,0.87,-0.01,0.0648854961832061
Kepler-1021 b,Kepler-1021,1,1,Transit,2016,13.47469571,0.1034,89.96,3.21e-05,-3.21e-05,<a refstr=MORTON_ET_AL__2016 href=https://ui.adsabs.harvard.edu/abs/2016ApJ...822...86M/abstract target=ref>Morton et al. 2016</a>,2.33,0.25,-0.18,0.20786868,6.04,,,M-R relationship,<a refstr=CALCULATED_VALUE href=/docs/pscp_calc.html target=_blank>Calculated Value</a>,0.019,2.62,0.0,,,50.37,634.0,,5431.0,0.86,0.89,-0.05,0.1072961373390558
Kepler-979 b,Kepler-979,1,1,Transit,2016,8.0880135,0.0753,88.23,1.135e-05,-1.135e-05,<a refstr=MORTON_ET_AL__2016 href=https://ui.adsabs.harvard.edu/abs/2016ApJ...822...86M/abstract target=ref>Morton et al. 2016</a>,2.72,0.42,-0.23,0.24266215,7.85,,,M-R relationship,<a refstr=CALCULATED_VALUE href=/docs/pscp_calc.html target=_blank>Calculated Value</a>,0.0247,2.14,0.0,,,77.841,792.0,,5310.0,0.83,0.87,-0.02,0.15441176470588233
Kepler-936 b,Kepler-936,1,1,Transit,2016,10.56134221,0.0954,83.33,4.545e-05,-4.545e-05,<a refstr=MORTON_ET_AL__2016 href=https://ui.adsabs.harvard.edu/abs/2016ApJ...822...86M/abstract target=ref>Morton et al. 2016</a>,1.45,0.2,-0.1,0.12936034,2.7,,,M-R relationship,<a refstr=CALCULATED_VALUE href=/docs/pscp_calc.html target=_blank>Calculated Value</a>,0.00849,4.87,0.0,,,133.56,867.0,,5482.0,0.89,0.92,0.05,0.13793103448275862
Kepler-938 b,Kepler-938,1,1,Transit,2016,52.6298417,0.2689,89.72,0.0002898,-0.0002898,<a refstr=MORTON_ET_AL__2016 href=https://ui.adsabs.harvard.edu/abs/2016ApJ...822...86M/abstract target=ref>Morton et al. 2016</a>,2.22,0.25,-0.16,0.19805513,5.56,,,M-R relationship,<a refstr=CALCULATED_VALUE href=/docs/pscp_calc.html target=_blank>Calculated Value</a>,0.0175,2.79,0.0,,,8.57,544.0,,5533.0,0.89,0.92,-0.03,0.1126126126126126
Kepler-1006 b,Kepler-1006,1,1,Transit,2016,19.76172042,0.1464,86.86,6.67e-05,-6.67e-05,<a refstr=MORTON_ET_AL__2016 href=https://ui.adsabs.harvard.edu/abs/2016ApJ...822...86M/abstract target=ref>Morton et al. 2016</a>,1.54,0.27,-0.14,0.1373896,2.99,,,M-R relationship,<a refstr=CALCULATED_VALUE href=/docs/pscp_calc.html target=_blank>Calculated Value</a>,0.0094,4.5,0.0,,,153.493,791.0,,5328.0,0.74,0.78,-0.4,0.17532467532467533
Kepler-1009 b,Kepler-1009,1,1,Transit,2016,11.35011917,0.0796,89.95,2.25e-05,-2.25e-05,<a refstr=MORTON_ET_AL__2016 href=https://ui.adsabs.harvard.edu/abs/2016ApJ...822...86M/abstract target=ref>Morton et al. 2016</a>,2.17,0.27,-0.24,0.19359443,5.35,,,M-R relationship,<a refstr=CALCULATED_VALUE href=/docs/pscp_calc.html target=_blank>Calculated Value</a>,0.0168,2.88,0.0,,,11.561,403.0,,4027.0,0.57,0.59,-0.12,0.12442396313364057
Kepler-976 b,Kepler-976,1,1,Transit,2016,105.9564148,0.4217,89.84,0.0004626,-0.0004626,<a refstr=MORTON_ET_AL__2016 href=https://ui.adsabs.harvard.edu/abs/2016ApJ...822...86M/abstract target=ref>Morton et al. 2016</a>,3.96,0.29,-0.2,0.35328754,14.9,,,M-R relationship,<a refstr=CALCULATED_VALUE href=/docs/pscp_calc.html target=_blank>Calculated Value</a>,0.0467,1.32,0.0,,,2.661,324.0,,5232.0,0.83,0.87,0.07,0.07323232323232323
Kepler-1120 b,Kepler-1120,1,1,Transit,2016,2.949029052,0.0369,89.77,7.469e-06,-7.469e-06,<a refstr=MORTON_ET_AL__2016 href=https://ui.adsabs.harvard.edu/abs/2016ApJ...822...86M/abstract target=ref>Morton et al. 2016</a>,1.38,0.09,-0.07,0.12311535,2.48,,,M-R relationship,<a refstr=CALCULATED_VALUE href=/docs/pscp_calc.html target=_blank>Calculated Value</a>,0.0078,5.19,0.0,,,206.874,1027.0,,4904.0,0.74,0.78,-0.04,0.06521739130434782
Kepler-1123 b,Kepler-1123,1,1,Transit,2016,4.33946454,0.0497,84.46,1.178e-05,-1.178e-05,<a refstr=MORTON_ET_AL__2016 href=https://ui.adsabs.harvard.edu/abs/2016ApJ...822...86M/abstract target=ref>Morton et al. 2016</a>,1.67,0.25,-0.11,0.14898742,3.43,,,M-R relationship,<a refstr=CALCULATED_VALUE href=/docs/pscp_calc.html target=_blank>Calculated Value</a>,0.0108,4.05,0.0,,,190.016,1061.0,,5500.0,0.9,0.93,0.05,0.14970059880239522
Kepler-1027 b,Kepler-1027,2,1,Transit,2016,1.907805199,0.02911,86.74,2.464e-06,-2.464e-06,<a refstr=MORTON_ET_AL__2016 href=https://ui.adsabs.harvard.edu/abs/2016ApJ...822...86M/abstract target=ref>Morton et al. 2016</a>,0.89,0.04,-0.02,0.07940048,0.64,,,M-R relationship,<a refstr=CALCULATED_VALUE href=/docs/pscp_calc.html target=_blank>Calculated Value</a>,0.00201,4.99,0.0,,,1162.51,1268.0,,5436.0,0.82,0.91,-0.06,0.0449438202247191
Kepler-986 b,Kepler-986,1,1,Transit,2016,56.4349938,0.29131,89.99,0.0001446,-0.0001446,<a refstr=MORTON_ET_AL__2016 href=https://ui.adsabs.harvard.edu/abs/2016ApJ...822...86M/abstract target=ref>Morton et al. 2016</a>,2.36,0.29,-0.19,0.2105451,6.17,,,M-R relationship,<a refstr=CALCULATED_VALUE href=/docs/pscp_calc.html target=_blank>Calculated Value</a>,0.0194,2.58,0.0,,,10.857,465.0,,5642.0,0.98,0.96,0.04,0.12288135593220338
Kepler-1011 b,Kepler-1011,1,1,Transit,2016,5.753221974,0.0633,85.36,9.417e-06,-9.417e-06,<a refstr=MORTON_ET_AL__2016 href=https://ui.adsabs.harvard.edu/abs/2016ApJ...822...86M/abstract target=ref>Morton et al. 2016</a>,2.87,0.29,-0.44,0.25604425,8.6,,,M-R relationship,<a refstr=CALCULATED_VALUE href=/docs/pscp_calc.html target=_blank>Calculated Value</a>,0.0271,2.0,0.0,,,108.788,920.0,,5416.0,0.88,0.91,0.08,0.15331010452961671
Kepler-917 b,Kepler-917,1,1,Transit,2016,2.970414375,0.0378,87.75,9.135e-06,-9.135e-06,<a refstr=MORTON_ET_AL__2016 href=https://ui.adsabs.harvard.edu/abs/2016ApJ...822...86M/abstract target=ref>Morton et al. 2016</a>,1.91,0.24,-0.17,0.17039879,4.31,,,M-R relationship,<a refstr=CALCULATED_VALUE href=/docs/pscp_calc.html target=_blank>Calculated Value</a>,0.0136,3.4,0.0,,,228.11,991.0,,5418.0,0.76,0.8,-0.38,0.1256544502617801
Kepler-1002 b,Kepler-1002,1,1,Transit,2016,4.336429331,0.0564,84.15,6.945e-06,-6.945e-06,<a refstr=MORTON_ET_AL__2016 href=https://ui.adsabs.harvard.edu/abs/2016ApJ...822...86M/abstract target=ref>Morton et al. 2016</a>,1.71,0.06,-0.05,0.15255598,3.57,,,M-R relationship,<a refstr=CALCULATED_VALUE href=/docs/pscp_calc.html target=_blank>Calculated Value</a>,0.0112,3.92,0.0,,,981.68,1453.0,,6144.0,1.57,1.22,0.04,0.03508771929824561
Kepler-1128 b,Kepler-1128,1,1,Transit,2016,61.6178167,0.302,89.96,0.0003337,-0.0003337,<a refstr=MORTON_ET_AL__2016 href=https://ui.adsabs.harvard.edu/abs/2016ApJ...822...86M/abstract target=ref>Morton et al. 2016</a>,3.65,0.53,-0.34,0.32563119,12.9,,,M-R relationship,<a refstr=CALCULATED_VALUE href=/docs/pscp_calc.html target=_blank>Calculated Value</a>,0.0407,1.46,0.0,,,6.451,424.0,,5543.0,0.91,0.94,0.04,0.1452054794520548
Kepler-1005 b,Kepler-1005,1,1,Transit,2016,6.49801525,0.06717,84.0,1.32e-05,-1.32e-05,<a refstr=MORTON_ET_AL__2016 href=https://ui.adsabs.harvard.edu/abs/2016ApJ...822...86M/abstract target=ref>Morton et al. 2016</a>,1.5,0.21,-0.15,0.13382104,2.86,,,M-R relationship,<a refstr=CALCULATED_VALUE href=/docs/pscp_calc.html target=_blank>Calculated Value</a>,0.00899,4.66,0.0,,,301.329,1026.0,,5782.0,1.06,1.0,0.02,0.13999999999999999
Kepler-994 b,Kepler-994,1,1,Transit,2016,1.151166506,0.0177,89.8,5.7e-07,-5.7e-07,<a refstr=MORTON_ET_AL__2016 href=https://ui.adsabs.harvard.edu/abs/2016ApJ...822...86M/abstract target=ref>Morton et al. 2016</a>,1.6,0.07,-0.27,0.14274244,3.19,,,M-R relationship,<a refstr=CALCULATED_VALUE href=/docs/pscp_calc.html target=_blank>Calculated Value</a>,0.01,4.28,0.0,,,243.984,957.0,,3934.0,0.54,0.56,-0.13,0.16875
Kepler-1132 b,Kepler-1132,1,1,Transit,2016,62.8916228,0.2881,89.36,0.0004523,-0.0004523,<a refstr=MORTON_ET_AL__2016 href=https://ui.adsabs.harvard.edu/abs/2016ApJ...822...86M/abstract target=ref>Morton et al. 2016</a>,2.35,0.19,-0.17,0.20965296,6.12,,,M-R relationship,<a refstr=CALCULATED_VALUE href=/docs/pscp_calc.html target=_blank>Calculated Value</a>,0.0193,2.59,0.0,,,4.547,384.0,,5298.0,0.83,0.87,-0.01,0.08085106382978723
Kepler-1069 b,Kepler-1069,1,1,Transit,2016,23.8990296,0.16587,89.24,0.0001497,-0.0001497,<a refstr=MORTON_ET_AL__2016 href=https://ui.adsabs.harvard.edu/abs/2016ApJ...822...86M/abstract target=ref>Morton et al. 2016</a>,1.6,0.31,-0.14,0.14274244,3.19,,,M-R relationship,<a refstr=CALCULATED_VALUE href=/docs/pscp_calc.html target=_blank>Calculated Value</a>,0.01,4.28,0.0,,,78.175,823.0,,5722.0,0.98,0.99,0.04,0.19374999999999998
Kepler-1034 b,Kepler-1034,1,1,Transit,2016,12.12400943,0.0965,89.94,3.32e-05,-3.32e-05,<a refstr=MORTON_ET_AL__2016 href=https://ui.adsabs.harvard.edu/abs/2016ApJ...822...86M/abstract target=ref>Morton et al. 2016</a>,2.26,0.17,-0.14,0.2016237,5.73,,,M-R relationship,<a refstr=CALCULATED_VALUE href=/docs/pscp_calc.html target=_blank>Calculated Value</a>,0.018,2.73,0.0,,,36.787,675.0,,5198.0,0.8,0.83,-0.06,0.0752212389380531
Kepler-944 b,Kepler-944,1,1,Transit,2016,43.3167737,0.2288,89.97,0.0002351,-0.0002351,<a refstr=MORTON_ET_AL__2016 href=https://ui.adsabs.harvard.edu/abs/2016ApJ...822...86M/abstract target=ref>Morton et al. 2016</a>,2.63,0.27,-0.21,0.23463288,7.41,,,M-R relationship,<a refstr=CALCULATED_VALUE href=/docs/pscp_calc.html target=_blank>Calculated Value</a>,0.0233,2.24,0.0,,,20.174,459.0,,5409.0,0.83,0.86,-0.11,0.10266159695817492
Kepler-942 b,Kepler-942,1,1,Transit,2016,44.96417488,0.22737,89.91,6.962e-05,-6.962e-05,<a refstr=MORTON_ET_AL__2016 href=https://ui.adsabs.harvard.edu/abs/2016ApJ...822...86M/abstract target=ref>Morton et al. 2016</a>,2.13,0.23,-0.08,0.19002587,5.18,,,M-R relationship,<a refstr=CALCULATED_VALUE href=/docs/pscp_calc.html target=_blank>Calculated Value</a>,0.0163,2.95,0.0,,,4.957,379.0,,4861.0,0.75,0.81,0.09,0.107981220657277
Kepler-946 b,Kepler-946,1,1,Transit,2016,11.79162572,0.1002,89.94,5.506e-05,-5.506e-05,<a refstr=MORTON_ET_AL__2016 href=https://ui.adsabs.harvard.edu/abs/2016ApJ...822...86M/abstract target=ref>Morton et al. 2016</a>,1.93,0.32,-0.2,0.17218307,4.38,,,M-R relationship,<a refstr=CALCULATED_VALUE href=/docs/pscp_calc.html target=_blank>Calculated Value</a>,0.0138,3.35,0.0,,,124.072,857.0,,5665.0,0.93,0.94,-0.09,0.16580310880829016
Kepler-992 b,Kepler-992,1,1,Transit,2016,20.16034462,0.13372,86.39,5.016e-05,-5.016e-05,<a refstr=MORTON_ET_AL__2016 href=https://ui.adsabs.harvard.edu/abs/2016ApJ...822...86M/abstract target=ref>Morton et al. 2016</a>,1.62,0.04,-0.27,0.14452672,3.26,,,M-R relationship,<a refstr=CALCULATED_VALUE href=/docs/pscp_calc.html target=_blank>Calculated Value</a>,0.0102,4.21,0.0,,,15.291,510.0,,4944.0,0.74,0.8,-0.04,0.16666666666666666
Kepler-1134 b,Kepler-1134,1,1,Transit,2016,17.13263989,0.1242,89.59,8.204e-05,-8.204e-05,<a refstr=MORTON_ET_AL__2016 href=https://ui.adsabs.harvard.edu/abs/2016ApJ...822...86M/abstract target=ref>Morton et al. 2016</a>,2.64,0.21,-0.26,0.23552502,7.46,,,M-R relationship,<a refstr=CALCULATED_VALUE href=/docs/pscp_calc.html target=_blank>Calculated Value</a>,0.0235,2.23,0.0,,,29.864,611.0,,5281.0,0.81,0.84,-0.1,0.09848484848484848
Kepler-1135 b,Kepler-1135,1,1,Transit,2016,76.957857,0.3436,89.25,0.0007104,-0.0007104,<a refstr=MORTON_ET_AL__2016 href=https://ui.adsabs.harvard.edu/abs/2016ApJ...822...86M/abstract target=ref>Morton et al. 2016</a>,1.85,0.33,-0.16,0.16504595,4.08,,,M-R relationship,<a refstr=CALCULATED_VALUE href=/docs/pscp_calc.html target=_blank>Calculated Value</a>,0.0128,3.54,0.0,,,25.76,451.0,,5656.0,0.94,0.96,0.02,0.1783783783783784
Kepler-951 b,Kepler-951,2,1,Transit,2016,71.52530845,0.3091,89.96,8.419e-05,-8.419e-05,<a refstr=MORTON_ET_AL__2016 href=https://ui.adsabs.harvard.edu/abs/2016ApJ...822...86M/abstract target=ref>Morton et al. 2016</a>,5.59,0.24,-0.26,0.4987064,26.7,,,M-R relationship,<a refstr=CALCULATED_VALUE href=/docs/pscp_calc.html target=_blank>Calculated Value</a>,0.0839,0.84,0.0,,,2.472,340.0,,4834.0,0.73,0.77,-0.01,0.046511627906976744
Kepler-1013 b,Kepler-1013,1,1,Transit,2016,18.93054959,0.137,89.07,4.672e-05,-4.672e-05,<a refstr=MORTON_ET_AL__2016 href=https://ui.adsabs.harvard.edu/abs/2016ApJ...822...86M/abstract target=ref>Morton et al. 2016</a>,2.15,0.36,-0.2,0.19181015,5.27,,,M-R relationship,<a refstr=CALCULATED_VALUE href=/docs/pscp_calc.html target=_blank>Calculated Value</a>,0.0166,2.91,0.0,,,16.101,766.0,,4954.0,0.76,0.81,0.04,0.16744186046511628
Kepler-523 b,Kepler-523,1,1,Transit,2016,5.835983111,0.06159,89.66,4.655e-06,-4.655e-06,<a refstr=MORTON_ET_AL__2016 href=https://ui.adsabs.harvard.edu/abs/2016ApJ...822...86M/abstract target=ref>Morton et al. 2016</a>,1.96,0.08,-0.06,0.17485949,4.5,,,M-R relationship,<a refstr=CALCULATED_VALUE href=/docs/pscp_calc.html target=_blank>Calculated Value</a>,0.0142,3.28,0.0,,,149.135,884.0,,5515.0,0.86,0.93,-0.03,0.04081632653061225
Kepler-1236 b,Kepler-1236,1,1,Transit,2016,31.0571618,0.1803,89.72,0.0002508,-0.0002508,<a refstr=MORTON_ET_AL__2016 href=https://ui.adsabs.harvard.edu/abs/2016ApJ...822...86M/abstract target=ref>Morton et al. 2016</a>,2.14,0.18,-0.22,0.19091801,5.22,,,M-R relationship,<a refstr=CALCULATED_VALUE href=/docs/pscp_calc.html target=_blank>Calculated Value</a>,0.0164,2.93,0.0,,,13.571,480.0,,5337.0,0.82,0.86,-0.09,0.102803738317757
Kepler-1235 b,Kepler-1235,1,1,Transit,2016,4.16055856,0.04836,89.68,2.789e-05,-2.789e-05,<a refstr=MORTON_ET_AL__2016 href=https://ui.adsabs.harvard.edu/abs/2016ApJ...822...86M/abstract target=ref>Morton et al. 2016</a>,0.79,0.12,-0.06,0.07047908,0.418,,,M-R relationship,<a refstr=CALCULATED_VALUE href=/docs/pscp_calc.html target=_blank>Calculated Value</a>,0.00131,4.66,0.0,,,265.325,985.0,,5541.0,0.9,0.93,0.01,0.15189873417721517
Kepler-518 b,Kepler-518,1,1,Transit,2016,8.512035877,0.07996,89.99,4.498e-06,-4.498e-06,<a refstr=MORTON_ET_AL__2016 href=https://ui.adsabs.harvard.edu/abs/2016ApJ...822...86M/abstract target=ref>Morton et al. 2016</a>,2.11,0.05,-0.05,0.18824159,5.1,,,M-R relationship,<a refstr=CALCULATED_VALUE href=/docs/pscp_calc.html target=_blank>Calculated Value</a>,0.016,2.98,0.0,,,133.317,839.0,,5842.0,0.88,0.96,-0.23,0.023696682464454978
Kepler-1276 b,Kepler-1276,1,1,Transit,2016,12.5720095,0.10863,89.27,0.0001098,-0.0001098,<a refstr=MORTON_ET_AL__2016 href=https://ui.adsabs.harvard.edu/abs/2016ApJ...822...86M/abstract target=ref>Morton et al. 2016</a>,1.19,0.2,-0.11,0.10616469,1.81,,,M-R relationship,<a refstr=CALCULATED_VALUE href=/docs/pscp_calc.html target=_blank>Calculated Value</a>,0.0057,5.9,0.0,,,139.77,886.0,,6188.0,1.21,1.14,-0.02,0.16806722689075632
Kepler-1277 b,Kepler-1277,1,1,Transit,2016,40.8365012,0.21857,89.65,0.0004586,-0.0004586,<a refstr=MORTON_ET_AL__2016 href=https://ui.adsabs.harvard.edu/abs/2016ApJ...822...86M/abstract target=ref>Morton et al. 2016</a>,1.6,0.29,-0.11,0.14274244,3.19,,,M-R relationship,<a refstr=CALCULATED_VALUE href=/docs/pscp_calc.html target=_blank>Calculated Value</a>,0.01,4.28,0.0,,,12.11,496.0,,5578.0,0.92,0.94,-0.01,0.18124999999999997
Kepler-1237 b,Kepler-1237,1,1,Transit,2016,84.5733226,0.3778,89.99,0.000648,-0.000648,<a refstr=MORTON_ET_AL__2016 href=https://ui.adsabs.harvard.edu/abs/2016ApJ...822...86M/abstract target=ref>Morton et al. 2016</a>,2.86,0.39,-0.21,0.25515211,8.55,,,M-R relationship,<a refstr=CALCULATED_VALUE href=/docs/pscp_calc.html target=_blank>Calculated Value</a>,0.0269,2.01,0.0,,,4.042,366.0,,5472.0,0.9,0.94,0.12,0.13636363636363638
Kepler-1076 b,Kepler-1076,1,1,Transit,2016,6.14727918,0.0611,89.36,2.112e-05,-2.112e-05,<a refstr=MORTON_ET_AL__2016 href=https://ui.adsabs.harvard.edu/abs/2016ApJ...822...86M/abstract target=ref>Morton et al. 2016</a>,0.8,0.04,-0.03,0.07137122,0.437,,,M-R relationship,<a refstr=CALCULATED_VALUE href=/docs/pscp_calc.html target=_blank>Calculated Value</a>,0.00137,4.69,0.0,,,83.18,770.0,,4868.0,0.74,0.79,-0.01,0.049999999999999996
Kepler-1193 b,Kepler-1193,1,1,Transit,2016,2.832652134,0.04004,87.57,9.032e-06,-9.032e-06,<a refstr=MORTON_ET_AL__2016 href=https://ui.adsabs.harvard.edu/abs/2016ApJ...822...86M/abstract target=ref>Morton et al. 2016</a>,1.32,0.21,-0.17,0.11776251,2.3,,,M-R relationship,<a refstr=CALCULATED_VALUE href=/docs/pscp_calc.html target=_blank>Calculated Value</a>,0.00724,5.5,0.0,,,1286.386,1453.0,,5908.0,1.21,1.08,0.12,0.1590909090909091
Kepler-1194 b,Kepler-1194,1,1,Transit,2016,16.22371307,0.1212,89.48,8.867e-05,-8.867e-05,<a refstr=MORTON_ET_AL__2016 href=https://ui.adsabs.harvard.edu/abs/2016ApJ...822...86M/abstract target=ref>Morton et al. 2016</a>,1.51,0.12,-0.09,0.13471318,2.89,,,M-R relationship,<a refstr=CALCULATED_VALUE href=/docs/pscp_calc.html target=_blank>Calculated Value</a>,0.00909,4.61,0.0,,,49.35,676.0,,5590.0,0.92,0.94,0.0,0.07947019867549669
Kepler-1282 b,Kepler-1282,1,1,Transit,2016,2.131946513,0.0335,88.66,6.865e-06,-6.865e-06,<a refstr=MORTON_ET_AL__2016 href=https://ui.adsabs.harvard.edu/abs/2016ApJ...822...86M/abstract target=ref>Morton et al. 2016</a>,1.55,0.21,-0.11,0.13828174,3.02,,,M-R relationship,<a refstr=CALCULATED_VALUE href=/docs/pscp_calc.html target=_blank>Calculated Value</a>,0.00951,4.46,0.0,,,672.532,1418.0,,5504.0,0.89,0.92,0.01,0.13548387096774192
Kepler-1078 b,Kepler-1078,1,1,Transit,2016,3.00725242,0.0388,70.4,1.242e-05,-1.242e-05,<a refstr=MORTON_ET_AL__2016 href=https://ui.adsabs.harvard.edu/abs/2016ApJ...822...86M/abstract target=ref>Morton et al. 2016</a>,1.9,0.3,-0.33,0.16950665,4.27,,,M-R relationship,<a refstr=CALCULATED_VALUE href=/docs/pscp_calc.html target=_blank>Calculated Value</a>,0.0134,3.42,0.0,,,373.99,1122.0,,5612.0,0.92,0.94,-0.01,0.1736842105263158
Kepler-1242 b,Kepler-1242,1,1,Transit,2016,13.62798432,0.1039,86.08,5.714e-05,-5.714e-05,<a refstr=MORTON_ET_AL__2016 href=https://ui.adsabs.harvard.edu/abs/2016ApJ...822...86M/abstract target=ref>Morton et al. 2016</a>,2.26,0.13,-0.13,0.2016237,5.73,,,M-R relationship,<a refstr=CALCULATED_VALUE href=/docs/pscp_calc.html target=_blank>Calculated Value</a>,0.018,2.73,0.0,,,28.998,639.0,,4895.0,0.74,0.77,-0.05,0.057522123893805316
Kepler-1243 b,Kepler-1243,1,1,Transit,2016,16.8320729,0.1256,88.9,8.923e-05,-8.923e-05,<a refstr=MORTON_ET_AL__2016 href=https://ui.adsabs.harvard.edu/abs/2016ApJ...822...86M/abstract target=ref>Morton et al. 2016</a>,1.75,0.28,-0.17,0.15612454,3.71,,,M-R relationship,<a refstr=CALCULATED_VALUE href=/docs/pscp_calc.html target=_blank>Calculated Value</a>,0.0117,3.8,0.0,,,36.162,690.0,,5667.0,0.94,0.96,0.01,0.16
Kepler-1081 b,Kepler-1081,1,1,Transit,2016,3.856918547,0.04662,87.9,9.658e-06,-9.658e-06,<a refstr=MORTON_ET_AL__2016 href=https://ui.adsabs.harvard.edu/abs/2016ApJ...822...86M/abstract target=ref>Morton et al. 2016</a>,1.01,0.1,-0.07,0.09010616,1.01,,,M-R relationship,<a refstr=CALCULATED_VALUE href=/docs/pscp_calc.html target=_blank>Calculated Value</a>,0.00317,5.39,0.0,,,225.216,972.0,,5345.0,0.84,0.88,0.01,0.09900990099009901
Kepler-1199 b,Kepler-1199,1,1,Transit,2016,15.0447198,0.11309,89.94,0.0001084,-0.0001084,<a refstr=MORTON_ET_AL__2016 href=https://ui.adsabs.harvard.edu/abs/2016ApJ...822...86M/abstract target=ref>Morton et al. 2016</a>,1.15,0.21,-0.16,0.10259613,1.6,,,M-R relationship,<a refstr=CALCULATED_VALUE href=/docs/pscp_calc.html target=_blank>Calculated Value</a>,0.00505,5.78,0.0,,,131.7,931.0,,5889.0,1.17,0.94,-0.27,0.1826086956521739
Kepler-519 b,Kepler-519,2,1,Transit,2016,24.3078946,0.15932,89.63,2.446e-05,-2.446e-05,<a refstr=MORTON_ET_AL__2016 href=https://ui.adsabs.harvard.edu/abs/2016ApJ...822...86M/abstract target=ref>Morton et al. 2016</a>,2.1,0.06,-0.04,0.18734945,5.06,,,M-R relationship,<a refstr=CALCULATED_VALUE href=/docs/pscp_calc.html target=_blank>Calculated Value</a>,0.0159,3.0,0.0,,,19.87,532.0,,5260.0,0.8,0.89,0.01,0.02857142857142857
Kepler-1284 b,Kepler-1284,1,1,Transit,2016,0.664073806,0.0143,82.63,1.48e-06,-1.48e-06,<a refstr=MORTON_ET_AL__2016 href=https://ui.adsabs.harvard.edu/abs/2016ApJ...822...86M/abstract target=ref>Morton et al. 2016</a>,1.21,0.1,-0.07,0.10794897,1.92,,,M-R relationship,<a refstr=CALCULATED_VALUE href=/docs/pscp_calc.html target=_blank>Calculated Value</a>,0.00606,5.96,0.0,,,2190.082,1703.0,,5123.0,0.79,0.84,0.03,0.08264462809917356
Kepler-1083 b,Kepler-1083,1,1,Transit,2016,33.4177993,0.1899,88.08,0.0001854,-0.0001854,<a refstr=MORTON_ET_AL__2016 href=https://ui.adsabs.harvard.edu/abs/2016ApJ...822...86M/abstract target=ref>Morton et al. 2016</a>,3.36,0.16,-0.63,0.29975912,11.2,,,M-R relationship,<a refstr=CALCULATED_VALUE href=/docs/pscp_calc.html target=_blank>Calculated Value</a>,0.0354,1.62,0.0,,,10.148,448.0,,5049.0,0.77,0.81,-0.02,0.1875
Kepler-1203 b,Kepler-1203,1,1,Transit,2016,0.588000765,0.0114,83.78,5.82e-07,-5.82e-07,<a refstr=MORTON_ET_AL__2016 href=https://ui.adsabs.harvard.edu/abs/2016ApJ...822...86M/abstract target=ref>Morton et al. 2016</a>,1.06,0.06,-0.04,0.09456687,1.2,,,M-R relationship,<a refstr=CALCULATED_VALUE href=/docs/pscp_calc.html target=_blank>Calculated Value</a>,0.00377,5.54,0.0,,,723.806,1188.0,,4105.0,0.61,0.64,0.01,0.056603773584905655
Kepler-1246 b,Kepler-1246,1,1,Transit,2016,11.32271513,0.0848,84.06,8.852e-05,-8.852e-05,<a refstr=MORTON_ET_AL__2016 href=https://ui.adsabs.harvard.edu/abs/2016ApJ...822...86M/abstract target=ref>Morton et al. 2016</a>,1.36,0.2,-0.22,0.12133107,2.42,,,M-R relationship,<a refstr=CALCULATED_VALUE href=/docs/pscp_calc.html target=_blank>Calculated Value</a>,0.00761,5.29,0.0,,,26.451,554.0,,4611.0,0.69,0.73,-0.03,0.16176470588235292
Kepler-1088 b,Kepler-1088,1,1,Transit,2016,23.12748644,0.16163,88.31,8.919e-05,-8.919e-05,<a refstr=MORTON_ET_AL__2016 href=https://ui.adsabs.harvard.edu/abs/2016ApJ...822...86M/abstract target=ref>Morton et al. 2016</a>,1.42,0.11,-0.1,0.12668391,2.6,,,M-R relationship,<a refstr=CALCULATED_VALUE href=/docs/pscp_calc.html target=_blank>Calculated Value</a>,0.00819,4.99,0.0,,,44.887,667.0,,5975.0,1.08,1.08,0.05,0.07746478873239437
Kepler-1206 b,Kepler-1206,1,1,Transit,2016,1.216997663,0.0201,89.77,2.605e-06,-2.605e-06,<a refstr=MORTON_ET_AL__2016 href=https://ui.adsabs.harvard.edu/abs/2016ApJ...822...86M/abstract target=ref>Morton et al. 2016</a>,1.64,0.09,-0.08,0.146311,3.33,,,M-R relationship,<a refstr=CALCULATED_VALUE href=/docs/pscp_calc.html target=_blank>Calculated Value</a>,0.0105,4.15,0.0,,,588.021,1314.0,,4877.0,0.75,0.8,0.07,0.054878048780487805
Kepler-1205 b,Kepler-1205,1,1,Transit,2016,1.078390352,0.0196,76.41,1.596e-06,-1.596e-06,<a refstr=MORTON_ET_AL__2016 href=https://ui.adsabs.harvard.edu/abs/2016ApJ...822...86M/abstract target=ref>Morton et al. 2016</a>,1.41,0.1,-0.09,0.12579177,2.57,,,M-R relationship,<a refstr=CALCULATED_VALUE href=/docs/pscp_calc.html target=_blank>Calculated Value</a>,0.00809,5.04,0.0,,,1038.493,1667.0,,5226.0,0.81,0.84,-0.04,0.07092198581560284
Kepler-513 b,Kepler-513,1,1,Transit,2016,28.86235584,0.1779,88.35,6.735e-05,-6.735e-05,<a refstr=MORTON_ET_AL__2016 href=https://ui.adsabs.harvard.edu/abs/2016ApJ...822...86M/abstract target=ref>Morton et al. 2016</a>,2.2,0.31,-0.2,0.19627085,5.48,,,M-R relationship,<a refstr=CALCULATED_VALUE href=/docs/pscp_calc.html target=_blank>Calculated Value</a>,0.0172,2.83,0.0,,,36.527,623.0,,5849.0,1.06,1.02,-0.01,0.1409090909090909
Kepler-1092 b,Kepler-1092,1,1,Transit,2016,58.6017925,0.2996,89.71,0.0006006,-0.0006006,<a refstr=MORTON_ET_AL__2016 href=https://ui.adsabs.harvard.edu/abs/2016ApJ...822...86M/abstract target=ref>Morton et al. 2016</a>,2.07,0.37,-0.24,0.18467303,4.94,,,M-R relationship,<a refstr=CALCULATED_VALUE href=/docs/pscp_calc.html target=_blank>Calculated Value</a>,0.0155,3.06,0.0,,,17.016,508.0,,5862.0,1.0,0.99,-0.09,0.17874396135265702
Kepler-1253 b,Kepler-1253,1,1,Transit,2016,68.8861915,0.31444,89.84,0.000527,-0.000527,<a refstr=MORTON_ET_AL__2016 href=https://ui.adsabs.harvard.edu/abs/2016ApJ...822...86M/abstract target=ref>Morton et al. 2016</a>,1.33,0.18,-0.18,0.11865465,2.33,,,M-R relationship,<a refstr=CALCULATED_VALUE href=/docs/pscp_calc.html target=_blank>Calculated Value</a>,0.00733,5.44,0.0,,,21.624,501.0,,5850.0,1.1,0.97,-0.14,0.13533834586466165
Kepler-1156 b,Kepler-1156,1,1,Transit,2016,11.89520511,0.09704,89.86,6.499e-05,-6.499e-05,<a refstr=MORTON_ET_AL__2016 href=https://ui.adsabs.harvard.edu/abs/2016ApJ...822...86M/abstract target=ref>Morton et al. 2016</a>,1.32,0.14,-0.09,0.11776251,2.3,,,M-R relationship,<a refstr=CALCULATED_VALUE href=/docs/pscp_calc.html target=_blank>Calculated Value</a>,0.00724,5.5,0.0,,,83.014,787.0,,5778.0,1.0,1.0,0.02,0.10606060606060606
Kepler-1213 b,Kepler-1213,1,1,Transit,2016,5.34982412,0.06026,80.06,2.659e-05,-2.659e-05,<a refstr=MORTON_ET_AL__2016 href=https://ui.adsabs.harvard.edu/abs/2016ApJ...822...86M/abstract target=ref>Morton et al. 2016</a>,1.19,0.13,-0.1,0.10616469,1.81,,,M-R relationship,<a refstr=CALCULATED_VALUE href=/docs/pscp_calc.html target=_blank>Calculated Value</a>,0.0057,5.9,0.0,,,595.424,1156.0,,6050.0,1.21,1.14,0.13,0.10924369747899161
Kepler-1160 b,Kepler-1160,1,1,Transit,2016,7.97034958,0.0755,89.74,3.122e-05,-3.122e-05,<a refstr=MORTON_ET_AL__2016 href=https://ui.adsabs.harvard.edu/abs/2016ApJ...822...86M/abstract target=ref>Morton et al. 2016</a>,2.14,0.28,-0.14,0.19091801,5.22,,,M-R relationship,<a refstr=CALCULATED_VALUE href=/docs/pscp_calc.html target=_blank>Calculated Value</a>,0.0164,2.93,0.0,,,93.308,839.0,,5519.0,0.89,0.92,0.01,0.13084112149532712
Kepler-1158 b,Kepler-1158,1,1,Transit,2016,13.5396293,0.12643,89.46,9.329e-05,-9.329e-05,<a refstr=MORTON_ET_AL__2016 href=https://ui.adsabs.harvard.edu/abs/2016ApJ...822...86M/abstract target=ref>Morton et al. 2016</a>,2.34,0.46,-0.46,0.20876082,6.08,,,M-R relationship,<a refstr=CALCULATED_VALUE href=/docs/pscp_calc.html target=_blank>Calculated Value</a>,0.0191,2.61,0.0,,,449.699,1079.0,,6203.0,1.95,1.41,0.18,0.1965811965811966
Kepler-1097 b,Kepler-1097,1,1,Transit,2016,187.747029,0.5791,90.0,0.001894,-0.001894,<a refstr=MORTON_ET_AL__2016 href=https://ui.adsabs.harvard.edu/abs/2016ApJ...822...86M/abstract target=ref>Morton et al. 2016</a>,3.26,0.26,-0.26,0.29083772,10.7,,,M-R relationship,<a refstr=CALCULATED_VALUE href=/docs/pscp_calc.html target=_blank>Calculated Value</a>,0.0336,1.7,0.0,,,1.3,267.0,,5211.0,0.79,0.82,-0.11,0.07975460122699388
Kepler-1095 b,Kepler-1095,1,1,Transit,2016,4.27103091,0.0514,89.92,1.48e-05,-1.48e-05,<a refstr=MORTON_ET_AL__2016 href=https://ui.adsabs.harvard.edu/abs/2016ApJ...822...86M/abstract target=ref>Morton et al. 2016</a>,1.21,0.2,-0.12,0.10794897,1.92,,,M-R relationship,<a refstr=CALCULATED_VALUE href=/docs/pscp_calc.html target=_blank>Calculated Value</a>,0.00606,5.96,0.0,,,356.54,1108.0,,5658.0,0.92,0.94,-0.09,0.1652892561983471
Kepler-1216 b,Kepler-1216,1,1,Transit,2016,4.37034536,0.0519,89.55,1.993e-05,-1.993e-05,<a refstr=MORTON_ET_AL__2016 href=https://ui.adsabs.harvard.edu/abs/2016ApJ...822...86M/abstract target=ref>Morton et al. 2016</a>,1.39,0.22,-0.11,0.12400749,2.51,,,M-R relationship,<a refstr=CALCULATED_VALUE href=/docs/pscp_calc.html target=_blank>Calculated Value</a>,0.0079,5.14,0.0,,,415.553,1191.0,,5743.0,0.98,0.99,0.03,0.15827338129496404
Kepler-1257 b,Kepler-1257,1,1,Transit,2016,2.668313762,0.0376,87.65,9.861e-06,-9.861e-06,<a refstr=MORTON_ET_AL__2016 href=https://ui.adsabs.harvard.edu/abs/2016ApJ...822...86M/abstract target=ref>Morton et al. 2016</a>,1.52,0.18,-0.12,0.13560532,2.92,,,M-R relationship,<a refstr=CALCULATED_VALUE href=/docs/pscp_calc.html target=_blank>Calculated Value</a>,0.0092,4.57,0.0,,,546.908,1252.0,,5502.0,0.87,0.9,-0.09,0.11842105263157894
Kepler-1163 b,Kepler-1163,1,1,Transit,2016,6.11786898,0.06868,88.22,2.808e-05,-2.808e-05,<a refstr=MORTON_ET_AL__2016 href=https://ui.adsabs.harvard.edu/abs/2016ApJ...822...86M/abstract target=ref>Morton et al. 2016</a>,1.03,0.17,-0.11,0.09189045,1.08,,,M-R relationship,<a refstr=CALCULATED_VALUE href=/docs/pscp_calc.html target=_blank>Calculated Value</a>,0.0034,5.43,0.0,,,511.757,1211.0,,6302.0,1.35,1.22,0.02,0.1650485436893204
Kepler-1098 b,Kepler-1098,1,1,Transit,2016,2.543072855,0.0358,88.18,9.591e-06,-9.591e-06,<a refstr=MORTON_ET_AL__2016 href=https://ui.adsabs.harvard.edu/abs/2016ApJ...822...86M/abstract target=ref>Morton et al. 2016</a>,1.3,0.24,-0.14,0.11597823,2.24,,,M-R relationship,<a refstr=CALCULATED_VALUE href=/docs/pscp_calc.html target=_blank>Calculated Value</a>,0.00705,5.6,0.0,,,995.67,1319.0,,5794.0,0.99,0.99,-0.02,0.1846153846153846
Kepler-1261 b,Kepler-1261,1,1,Transit,2016,48.4308991,0.239,89.11,0.0003144,-0.0003144,<a refstr=MORTON_ET_AL__2016 href=https://ui.adsabs.harvard.edu/abs/2016ApJ...822...86M/abstract target=ref>Morton et al. 2016</a>,2.26,0.14,-0.14,0.2016237,5.73,,,M-R relationship,<a refstr=CALCULATED_VALUE href=/docs/pscp_calc.html target=_blank>Calculated Value</a>,0.018,2.73,0.0,,,4.744,396.0,,5006.0,0.77,0.82,0.03,0.06194690265486727
Kepler-1167 b,Kepler-1167,1,1,Transit,2016,1.003933739,0.0175,89.76,2.678e-06,-2.678e-06,<a refstr=MORTON_ET_AL__2016 href=https://ui.adsabs.harvard.edu/abs/2016ApJ...822...86M/abstract target=ref>Morton et al. 2016</a>,1.71,0.12,-0.12,0.15255598,3.57,,,M-R relationship,<a refstr=CALCULATED_VALUE href=/docs/pscp_calc.html target=_blank>Calculated Value</a>,0.0112,3.92,0.0,,,1039.697,1419.0,,4971.0,0.75,0.79,-0.05,0.07017543859649122
Kepler-1221 b,Kepler-1221,1,1,Transit,2016,12.00096042,0.0906,88.53,5.761e-05,-5.761e-05,<a refstr=MORTON_ET_AL__2016 href=https://ui.adsabs.harvard.edu/abs/2016ApJ...822...86M/abstract target=ref>Morton et al. 2016</a>,1.88,0.3,-0.16,0.16772237,4.19,,,M-R relationship,<a refstr=CALCULATED_VALUE href=/docs/pscp_calc.html target=_blank>Calculated Value</a>,0.0132,3.47,0.0,,,37.81,632.0,,5194.0,0.82,0.87,0.09,0.1595744680851064
Kepler-1264 b,Kepler-1264,1,1,Transit,2016,0.968526023,0.01839,65.17,2.333e-06,-2.333e-06,<a refstr=MORTON_ET_AL__2016 href=https://ui.adsabs.harvard.edu/abs/2016ApJ...822...86M/abstract target=ref>Morton et al. 2016</a>,1.18,0.22,-0.12,0.10527255,1.76,,,M-R relationship,<a refstr=CALCULATED_VALUE href=/docs/pscp_calc.html target=_blank>Calculated Value</a>,0.00553,5.89,0.0,,,2367.804,1677.0,,5791.0,0.98,0.99,-0.02,0.1864406779661017
Kepler-1169 b,Kepler-1169,1,1,Transit,2016,6.11009134,0.06931,89.16,2.806e-05,-2.806e-05,<a refstr=MORTON_ET_AL__2016 href=https://ui.adsabs.harvard.edu/abs/2016ApJ...822...86M/abstract target=ref>Morton et al. 2016</a>,0.94,0.06,-0.06,0.08386118,0.779,,,M-R relationship,<a refstr=CALCULATED_VALUE href=/docs/pscp_calc.html target=_blank>Calculated Value</a>,0.00245,5.15,0.0,,,348.046,1125.0,,6191.0,1.23,1.24,0.26,0.06382978723404255
Kepler-1168 b,Kepler-1168,1,1,Transit,2016,55.8226539,0.2663,89.98,0.0003871,-0.0003871,<a refstr=MORTON_ET_AL__2016 href=https://ui.adsabs.harvard.edu/abs/2016ApJ...822...86M/abstract target=ref>Morton et al. 2016</a>,2.5,0.18,-0.13,0.22303506,6.8,,,M-R relationship,<a refstr=CALCULATED_VALUE href=/docs/pscp_calc.html target=_blank>Calculated Value</a>,0.0214,2.39,0.0,,,4.107,379.0,,5157.0,0.82,0.87,0.13,0.072
Kepler-1226 b,Kepler-1226,1,1,Transit,2016,17.2923453,0.13945,85.04,0.0001187,-0.0001187,<a refstr=MORTON_ET_AL__2016 href=https://ui.adsabs.harvard.edu/abs/2016ApJ...822...86M/abstract target=ref>Morton et al. 2016</a>,1.45,0.26,-0.15,0.12936034,2.7,,,M-R relationship,<a refstr=CALCULATED_VALUE href=/docs/pscp_calc.html target=_blank>Calculated Value</a>,0.00849,4.87,0.0,,,140.376,809.0,,5923.0,1.02,1.02,-0.08,0.17931034482758623
Kepler-1172 b,Kepler-1172,1,1,Transit,2016,26.0204423,0.168,88.67,0.0001886,-0.0001886,<a refstr=MORTON_ET_AL__2016 href=https://ui.adsabs.harvard.edu/abs/2016ApJ...822...86M/abstract target=ref>Morton et al. 2016</a>,3.2,0.4,-0.28,0.28548488,10.3,,,M-R relationship,<a refstr=CALCULATED_VALUE href=/docs/pscp_calc.html target=_blank>Calculated Value</a>,0.0325,1.73,0.0,,,26.356,675.0,,5558.0,0.89,0.92,-0.04,0.125
Kepler-1110 b,Kepler-1110,1,1,Transit,2016,9.69312032,0.0754,88.72,3.024e-05,-3.024e-05,<a refstr=MORTON_ET_AL__2016 href=https://ui.adsabs.harvard.edu/abs/2016ApJ...822...86M/abstract target=ref>Morton et al. 2016</a>,2.66,0.38,-0.26,0.23730931,7.56,,,M-R relationship,<a refstr=CALCULATED_VALUE href=/docs/pscp_calc.html target=_blank>Calculated Value</a>,0.0238,2.21,0.0,,,43.136,609.0,,4781.0,0.7,0.73,-0.16,0.14285714285714285
Kepler-1229 b,Kepler-1229,1,1,Transit,2016,86.828989,0.3006,89.9971,0.001069,-0.001069,<a refstr=MORTON_ET_AL__2016 href=https://ui.adsabs.harvard.edu/abs/2016ApJ...822...86M/abstract target=ref>Morton et al. 2016</a>,1.4,0.11,-0.13,0.12489963,2.54,,,M-R relationship,<a refstr=CALCULATED_VALUE href=/docs/pscp_calc.html target=_blank>Calculated Value</a>,0.008,5.09,0.0,,,0.524,212.0,,3784.0,0.51,0.54,-0.06,0.09285714285714286
Kepler-1270 b,Kepler-1270,1,1,Transit,2016,6.03356196,0.07045,85.42,6.551e-05,-6.551e-05,<a refstr=MORTON_ET_AL__2016 href=https://ui.adsabs.harvard.edu/abs/2016ApJ...822...86M/abstract target=ref>Morton et al. 2016</a>,3.32,0.3,-0.65,0.29619056,11.0,,,M-R relationship,<a refstr=CALCULATED_VALUE href=/docs/pscp_calc.html target=_blank>Calculated Value</a>,0.0346,1.65,0.0,,,1217.395,1598.0,,5047.0,3.38,1.28,-0.02,0.1957831325301205
Kepler-1230 b,Kepler-1230,1,1,Transit,2016,9.95661537,0.0921,83.62,4.469e-05,-4.469e-05,<a refstr=MORTON_ET_AL__2016 href=https://ui.adsabs.harvard.edu/abs/2016ApJ...822...86M/abstract target=ref>Morton et al. 2016</a>,2.71,0.49,-0.29,0.24177001,7.8,,,M-R relationship,<a refstr=CALCULATED_VALUE href=/docs/pscp_calc.html target=_blank>Calculated Value</a>,0.0245,2.15,0.0,,,153.933,946.0,,5961.0,1.08,1.06,0.01,0.18081180811808117
Kepler-1271 b,Kepler-1271,1,1,Transit,2016,3.0255955,0.04233,79.13,1.16e-05,-1.16e-05,<a refstr=MORTON_ET_AL__2016 href=https://ui.adsabs.harvard.edu/abs/2016ApJ...822...86M/abstract target=ref>Morton et al. 2016</a>,1.48,0.23,-0.16,0.13203676,2.79,,,M-R relationship,<a refstr=CALCULATED_VALUE href=/docs/pscp_calc.html target=_blank>Calculated Value</a>,0.00879,4.73,0.0,,,975.181,1484.0,,6143.0,1.23,1.13,-0.01,0.1554054054054054
Kepler-1273 b,Kepler-1273,1,1,Transit,2016,28.625653,0.1857,89.98,0.0002174,-0.0002174,<a refstr=MORTON_ET_AL__2016 href=https://ui.adsabs.harvard.edu/abs/2016ApJ...822...86M/abstract target=ref>Morton et al. 2016</a>,2.49,0.33,-0.19,0.22214292,6.76,,,M-R relationship,<a refstr=CALCULATED_VALUE href=/docs/pscp_calc.html target=_blank>Calculated Value</a>,0.0213,2.41,0.0,,,14.877,573.0,,5566.0,0.91,0.94,0.03,0.1325301204819277
Kepler-1177 b,Kepler-1177,1,1,Transit,2016,106.247547,0.4301,89.32,0.001822,-0.001822,<a refstr=MORTON_ET_AL__2016 href=https://ui.adsabs.harvard.edu/abs/2016ApJ...822...86M/abstract target=ref>Morton et al. 2016</a>,1.9,0.16,-0.12,0.16950665,4.27,,,M-R relationship,<a refstr=CALCULATED_VALUE href=/docs/pscp_calc.html target=_blank>Calculated Value</a>,0.0134,3.42,0.0,,,11.862,377.0,,5712.0,0.97,0.98,0.02,0.08421052631578949
Kepler-1179 b,Kepler-1179,1,1,Transit,2016,2.685057492,0.03497,86.69,4.099e-06,-4.099e-06,<a refstr=MORTON_ET_AL__2016 href=https://ui.adsabs.harvard.edu/abs/2016ApJ...822...86M/abstract target=ref>Morton et al. 2016</a>,1.32,0.09,-0.08,0.11776251,2.3,,,M-R relationship,<a refstr=CALCULATED_VALUE href=/docs/pscp_calc.html target=_blank>Calculated Value</a>,0.00724,5.5,0.0,,,288.57,1137.0,,5212.0,0.81,0.84,-0.03,0.06818181818181818
Kepler-1152 b,Kepler-1152,1,1,Transit,2016,1.646801908,0.0223,89.3,2.672e-06,-2.672e-06,<a refstr=MORTON_ET_AL__2016 href=https://ui.adsabs.harvard.edu/abs/2016ApJ...822...86M/abstract target=ref>Morton et al. 2016</a>,0.87,0.05,-0.06,0.0776162,0.59,,,M-R relationship,<a refstr=CALCULATED_VALUE href=/docs/pscp_calc.html target=_blank>Calculated Value</a>,0.00186,4.92,0.0,,,139.601,806.0,,3964.0,0.53,0.55,-0.25,0.06896551724137931
Kepler-1186 b,Kepler-1186,1,1,Transit,2016,16.07677615,0.1281,89.89,7.199e-05,-7.199e-05,<a refstr=MORTON_ET_AL__2016 href=https://ui.adsabs.harvard.edu/abs/2016ApJ...822...86M/abstract target=ref>Morton et al. 2016</a>,2.23,0.36,-0.22,0.19894727,5.6,,,M-R relationship,<a refstr=CALCULATED_VALUE href=/docs/pscp_calc.html target=_blank>Calculated Value</a>,0.0176,2.77,0.0,,,85.385,724.0,,5635.0,0.93,0.95,0.0,0.16143497757847533
Kepler-535 b,Kepler-535,1,1,Transit,2016,4.903321551,0.06011,89.93,4.545e-06,-4.545e-06,<a refstr=MORTON_ET_AL__2016 href=https://ui.adsabs.harvard.edu/abs/2016ApJ...822...86M/abstract target=ref>Morton et al. 2016</a>,2.36,0.33,-0.21,0.2105451,6.17,,,M-R relationship,<a refstr=CALCULATED_VALUE href=/docs/pscp_calc.html target=_blank>Calculated Value</a>,0.0194,2.58,0.0,,,601.891,1247.0,,6123.0,1.27,1.18,0.13,0.1398305084745763
Kepler-1411 b,Kepler-1411,1,1,Transit,2016,86.1150888,0.4001,89.99,0.0009728,-0.0009728,<a refstr=MORTON_ET_AL__2016 href=https://ui.adsabs.harvard.edu/abs/2016ApJ...822...86M/abstract target=ref>Morton et al. 2016</a>,2.82,0.43,-0.24,0.25158355,8.35,,,M-R relationship,<a refstr=CALCULATED_VALUE href=/docs/pscp_calc.html target=_blank>Calculated Value</a>,0.0263,2.05,0.0,,,8.927,441.0,,5664.0,0.92,0.95,-0.04,0.1524822695035461
Kepler-1413 b,Kepler-1413,1,1,Transit,2016,13.1829642,0.1066,89.97,0.0001082,-0.0001082,<a refstr=MORTON_ET_AL__2016 href=https://ui.adsabs.harvard.edu/abs/2016ApJ...822...86M/abstract target=ref>Morton et al. 2016</a>,1.82,0.16,-0.15,0.16236952,3.97,,,M-R relationship,<a refstr=CALCULATED_VALUE href=/docs/pscp_calc.html target=_blank>Calculated Value</a>,0.0125,3.62,0.0,,,42.825,661.0,,5196.0,0.8,0.84,-0.05,0.0879120879120879
Kepler-1317 b,Kepler-1317,1,1,Transit,2016,0.568874427,0.0128,89.23,6.01e-07,-6.01e-07,<a refstr=MORTON_ET_AL__2016 href=https://ui.adsabs.harvard.edu/abs/2016ApJ...822...86M/abstract target=ref>Morton et al. 2016</a>,1.56,0.09,-0.08,0.13917388,3.05,,,M-R relationship,<a refstr=CALCULATED_VALUE href=/docs/pscp_calc.html target=_blank>Calculated Value</a>,0.00961,4.41,0.0,,,2413.261,1796.0,,5144.0,0.79,0.83,-0.01,0.05769230769230769
Kepler-1318 b,Kepler-1318,1,1,Transit,2016,213.257663,0.6085,89.99,0.001051,-0.001051,<a refstr=MORTON_ET_AL__2016 href=https://ui.adsabs.harvard.edu/abs/2016ApJ...822...86M/abstract target=ref>Morton et al. 2016</a>,3.11,0.17,-0.15,0.27745562,9.85,,,M-R relationship,<a refstr=CALCULATED_VALUE href=/docs/pscp_calc.html target=_blank>Calculated Value</a>,0.031,1.8,0.0,,,0.492,202.0,,4598.0,0.7,0.73,-0.01,0.054662379421221874
Kepler-1362 b,Kepler-1362,1,1,Transit,2016,136.205626,0.4626,89.83,0.001278,-0.001278,<a refstr=MORTON_ET_AL__2016 href=https://ui.adsabs.harvard.edu/abs/2016ApJ...822...86M/abstract target=ref>Morton et al. 2016</a>,2.6,0.12,-0.19,0.23195646,7.27,,,M-R relationship,<a refstr=CALCULATED_VALUE href=/docs/pscp_calc.html target=_blank>Calculated Value</a>,0.0229,2.27,0.0,,,1.011,248.0,,4857.0,0.74,0.8,0.06,0.07307692307692308
Kepler-536 b,Kepler-536,1,1,Transit,2016,1.827082299,0.02835,89.74,4.44e-07,-4.44e-07,<a refstr=MORTON_ET_AL__2016 href=https://ui.adsabs.harvard.edu/abs/2016ApJ...822...86M/abstract target=ref>Morton et al. 2016</a>,3.1,0.38,-0.22,0.27656348,9.8,,,M-R relationship,<a refstr=CALCULATED_VALUE href=/docs/pscp_calc.html target=_blank>Calculated Value</a>,0.0308,1.81,0.0,,,892.812,1877.0,,5524.0,0.89,0.92,0.0,0.12258064516129032
Kepler-1415 b,Kepler-1415,1,1,Transit,2016,0.63642408,0.01416,86.33,1.598e-06,-1.598e-06,<a refstr=MORTON_ET_AL__2016 href=https://ui.adsabs.harvard.edu/abs/2016ApJ...822...86M/abstract target=ref>Morton et al. 2016</a>,1.29,0.12,-0.08,0.11508609,2.21,,,M-R relationship,<a refstr=CALCULATED_VALUE href=/docs/pscp_calc.html target=_blank>Calculated Value</a>,0.00696,5.66,0.0,,,2138.079,1846.0,,5267.0,0.84,0.89,0.12,0.09302325581395349
Kepler-1320 b,Kepler-1320,1,1,Transit,2016,0.868386528,0.0163,88.78,1.161e-06,-1.161e-06,<a refstr=MORTON_ET_AL__2016 href=https://ui.adsabs.harvard.edu/abs/2016ApJ...822...86M/abstract target=ref>Morton et al. 2016</a>,1.7,0.07,-0.11,0.15166384,3.53,,,M-R relationship,<a refstr=CALCULATED_VALUE href=/docs/pscp_calc.html target=_blank>Calculated Value</a>,0.0111,3.95,0.0,,,672.113,1389.0,,4817.0,0.74,0.8,0.1,0.06470588235294118
Kepler-1366 b,Kepler-1366,1,1,Transit,2016,2.164570968,0.0273,88.44,6.832e-06,-6.832e-06,<a refstr=MORTON_ET_AL__2016 href=https://ui.adsabs.harvard.edu/abs/2016ApJ...822...86M/abstract target=ref>Morton et al. 2016</a>,1.43,0.1,-0.1,0.12757605,2.63,,,M-R relationship,<a refstr=CALCULATED_VALUE href=/docs/pscp_calc.html target=_blank>Calculated Value</a>,0.00829,4.94,0.0,,,134.981,783.0,,4070.0,0.6,0.62,-0.02,0.06993006993006994
Kepler-1417 b,Kepler-1417,1,1,Transit,2016,20.3505213,0.14062,89.48,0.0003037,-0.0003037,<a refstr=MORTON_ET_AL__2016 href=https://ui.adsabs.harvard.edu/abs/2016ApJ...822...86M/abstract target=ref>Morton et al. 2016</a>,1.0,0.2,-0.11,0.08921402,0.972,,,M-R relationship,<a refstr=CALCULATED_VALUE href=/docs/pscp_calc.html target=_blank>Calculated Value</a>,0.00306,5.34,0.0,,,114.332,695.0,,5839.0,1.02,1.02,0.02,0.2
Kepler-525 b,Kepler-525,1,1,Transit,2016,18.68404933,0.14386,85.7,5.589e-05,-5.589e-05,<a refstr=MORTON_ET_AL__2016 href=https://ui.adsabs.harvard.edu/abs/2016ApJ...822...86M/abstract target=ref>Morton et al. 2016</a>,2.63,0.38,-0.52,0.23463288,7.41,,,M-R relationship,<a refstr=CALCULATED_VALUE href=/docs/pscp_calc.html target=_blank>Calculated Value</a>,0.0233,2.24,0.0,,,176.232,832.0,,5573.0,1.15,0.95,0.11,0.19771863117870725
Kepler-1430 b,Kepler-1430,1,1,Transit,2016,2.46050993,0.0304,89.71,1.273e-05,-1.273e-05,<a refstr=MORTON_ET_AL__2016 href=https://ui.adsabs.harvard.edu/abs/2016ApJ...822...86M/abstract target=ref>Morton et al. 2016</a>,1.18,0.09,-0.08,0.10527255,1.76,,,M-R relationship,<a refstr=CALCULATED_VALUE href=/docs/pscp_calc.html target=_blank>Calculated Value</a>,0.00553,5.89,0.0,,,208.54,969.0,,4796.0,0.72,0.77,-0.03,0.07627118644067797
Kepler-1329 b,Kepler-1329,1,1,Transit,2016,9.33646594,0.0747,86.38,3.106e-05,-3.106e-05,<a refstr=MORTON_ET_AL__2016 href=https://ui.adsabs.harvard.edu/abs/2016ApJ...822...86M/abstract target=ref>Morton et al. 2016</a>,2.17,0.06,-0.16,0.19359443,5.35,,,M-R relationship,<a refstr=CALCULATED_VALUE href=/docs/pscp_calc.html target=_blank>Calculated Value</a>,0.0168,2.88,0.0,,,26.645,577.0,,4500.0,0.69,0.72,0.02,0.07373271889400922
Kepler-1332 b,Kepler-1332,1,1,Transit,2016,11.87456832,0.09915,89.41,3.749e-05,-3.749e-05,<a refstr=MORTON_ET_AL__2016 href=https://ui.adsabs.harvard.edu/abs/2016ApJ...822...86M/abstract target=ref>Morton et al. 2016</a>,1.37,0.09,-0.05,0.12222321,2.45,,,M-R relationship,<a refstr=CALCULATED_VALUE href=/docs/pscp_calc.html target=_blank>Calculated Value</a>,0.00771,5.24,0.0,,,77.559,728.0,,5581.0,0.9,0.95,0.0,0.0656934306569343
Kepler-1374 b,Kepler-1374,1,1,Transit,2016,10.65276707,0.0918,89.91,5.294e-05,-5.294e-05,<a refstr=MORTON_ET_AL__2016 href=https://ui.adsabs.harvard.edu/abs/2016ApJ...822...86M/abstract target=ref>Morton et al. 2016</a>,2.29,0.2,-0.18,0.20430012,5.86,,,M-R relationship,<a refstr=CALCULATED_VALUE href=/docs/pscp_calc.html target=_blank>Calculated Value</a>,0.0184,2.68,0.0,,,59.789,737.0,,5323.0,0.81,0.85,-0.13,0.08733624454148473
Kepler-1428 b,Kepler-1428,1,1,Transit,2016,10.67607169,0.11051,88.6,6.093e-05,-6.093e-05,<a refstr=MORTON_ET_AL__2016 href=https://ui.adsabs.harvard.edu/abs/2016ApJ...822...86M/abstract target=ref>Morton et al. 2016</a>,1.64,0.14,-0.1,0.146311,3.33,,,M-R relationship,<a refstr=CALCULATED_VALUE href=/docs/pscp_calc.html target=_blank>Calculated Value</a>,0.0105,4.15,0.0,,,817.579,1049.0,,6184.0,1.36,1.28,0.35,0.08536585365853659
Kepler-1335 b,Kepler-1335,1,1,Transit,2016,6.26406846,0.0615,89.33,2.706e-05,-2.706e-05,<a refstr=MORTON_ET_AL__2016 href=https://ui.adsabs.harvard.edu/abs/2016ApJ...822...86M/abstract target=ref>Morton et al. 2016</a>,1.45,0.1,-0.09,0.12936034,2.7,,,M-R relationship,<a refstr=CALCULATED_VALUE href=/docs/pscp_calc.html target=_blank>Calculated Value</a>,0.00849,4.87,0.0,,,80.741,809.0,,4903.0,0.74,0.77,-0.07,0.06896551724137931
Kepler-528 b,Kepler-528,1,1,Transit,2016,19.78297415,0.14219,89.97,6.532e-05,-6.532e-05,<a refstr=MORTON_ET_AL__2016 href=https://ui.adsabs.harvard.edu/abs/2016ApJ...822...86M/abstract target=ref>Morton et al. 2016</a>,2.08,0.29,-0.19,0.18556517,4.98,,,M-R relationship,<a refstr=CALCULATED_VALUE href=/docs/pscp_calc.html target=_blank>Calculated Value</a>,0.0157,3.04,0.0,,,68.971,708.0,,5807.0,1.06,1.01,0.02,0.1394230769230769
Kepler-1337 b,Kepler-1337,1,1,Transit,2016,24.4002549,0.1441,88.3,0.0001089,-0.0001089,<a refstr=MORTON_ET_AL__2016 href=https://ui.adsabs.harvard.edu/abs/2016ApJ...822...86M/abstract target=ref>Morton et al. 2016</a>,2.41,0.1,-0.44,0.2150058,6.39,,,M-R relationship,<a refstr=CALCULATED_VALUE href=/docs/pscp_calc.html target=_blank>Calculated Value</a>,0.0201,2.51,0.0,,,9.183,437.0,,4523.0,0.67,0.7,-0.09,0.1825726141078838
Kepler-1339 b,Kepler-1339,1,1,Transit,2016,1.341555127,0.02356,87.56,3.704e-06,-3.704e-06,<a refstr=MORTON_ET_AL__2016 href=https://ui.adsabs.harvard.edu/abs/2016ApJ...822...86M/abstract target=ref>Morton et al. 2016</a>,0.71,0.06,-0.04,0.06334196,0.285,,,M-R relationship,<a refstr=CALCULATED_VALUE href=/docs/pscp_calc.html target=_blank>Calculated Value</a>,0.000896,4.38,0.0,,,3094.817,1642.0,,5586.0,0.93,0.94,0.01,0.08450704225352113
Kepler-1377 b,Kepler-1377,1,1,Transit,2016,0.740928422,0.0153,87.91,1.85e-06,-1.85e-06,<a refstr=MORTON_ET_AL__2016 href=https://ui.adsabs.harvard.edu/abs/2016ApJ...822...86M/abstract target=ref>Morton et al. 2016</a>,1.25,0.09,-0.08,0.11151753,2.1,,,M-R relationship,<a refstr=CALCULATED_VALUE href=/docs/pscp_calc.html target=_blank>Calculated Value</a>,0.0066,5.91,0.0,,,2909.21,1873.0,,5218.0,0.82,0.86,0.05,0.072
Kepler-1295 b,Kepler-1295,1,1,Transit,2016,3.81371974,0.0464,88.78,2.278e-05,-2.278e-05,<a refstr=MORTON_ET_AL__2016 href=https://ui.adsabs.harvard.edu/abs/2016ApJ...822...86M/abstract target=ref>Morton et al. 2016</a>,1.55,0.2,-0.12,0.13828174,3.02,,,M-R relationship,<a refstr=CALCULATED_VALUE href=/docs/pscp_calc.html target=_blank>Calculated Value</a>,0.00951,4.46,0.0,,,279.941,1029.0,,5486.0,0.89,0.92,0.04,0.12903225806451613
Kepler-1296 b,Kepler-1296,1,1,Transit,2016,8.3839865,0.0896,81.36,8.648e-05,-8.648e-05,<a refstr=MORTON_ET_AL__2016 href=https://ui.adsabs.harvard.edu/abs/2016ApJ...822...86M/abstract target=ref>Morton et al. 2016</a>,0.91,0.09,-0.06,0.08118476,0.693,,,M-R relationship,<a refstr=CALCULATED_VALUE href=/docs/pscp_calc.html target=_blank>Calculated Value</a>,0.00218,5.05,0.0,,,399.015,1285.0,,5359.0,0.83,0.87,-0.04,0.0989010989010989
Kepler-1341 b,Kepler-1341,2,1,Transit,2016,132.9968322,0.47267,89.61,0.0009243,-0.0009243,<a refstr=MORTON_ET_AL__2016 href=https://ui.adsabs.harvard.edu/abs/2016ApJ...822...86M/abstract target=ref>Morton et al. 2016</a>,2.99,0.42,-0.37,0.26674993,9.22,,,M-R relationship,<a refstr=CALCULATED_VALUE href=/docs/pscp_calc.html target=_blank>Calculated Value</a>,0.029,1.9,0.0,,,1.141,241.0,,4662.0,0.72,0.79,0.19,0.14046822742474915
Kepler-1380 b,Kepler-1380,1,1,Transit,2016,10.3108245,0.0917,89.47,0.0001042,-0.0001042,<a refstr=MORTON_ET_AL__2016 href=https://ui.adsabs.harvard.edu/abs/2016ApJ...822...86M/abstract target=ref>Morton et al. 2016</a>,1.43,0.26,-0.11,0.12757605,2.63,,,M-R relationship,<a refstr=CALCULATED_VALUE href=/docs/pscp_calc.html target=_blank>Calculated Value</a>,0.00829,4.94,0.0,,,90.1,786.0,,5570.0,0.94,0.96,0.1,0.18181818181818182
Kepler-1391 b,Kepler-1391,1,1,Transit,2016,54.4092333,0.30045,89.8,0.0005236,-0.0005236,<a refstr=MORTON_ET_AL__2016 href=https://ui.adsabs.harvard.edu/abs/2016ApJ...822...86M/abstract target=ref>Morton et al. 2016</a>,1.68,0.26,-0.18,0.14987956,3.46,,,M-R relationship,<a refstr=CALCULATED_VALUE href=/docs/pscp_calc.html target=_blank>Calculated Value</a>,0.0109,4.01,0.0,,,33.335,513.0,,5840.0,1.1,1.03,0.04,0.15476190476190477
Kepler-1392 b,Kepler-1392,1,1,Transit,2016,15.1410397,0.1189,89.71,0.0001135,-0.0001135,<a refstr=MORTON_ET_AL__2016 href=https://ui.adsabs.harvard.edu/abs/2016ApJ...822...86M/abstract target=ref>Morton et al. 2016</a>,1.96,0.22,-0.16,0.17485949,4.5,,,M-R relationship,<a refstr=CALCULATED_VALUE href=/docs/pscp_calc.html target=_blank>Calculated Value</a>,0.0142,3.28,0.0,,,61.42,714.0,,5479.0,0.85,0.88,-0.11,0.11224489795918367
Kepler-1297 b,Kepler-1297,1,1,Transit,2016,1.68189002,0.0283,84.06,1.032e-05,-1.032e-05,<a refstr=MORTON_ET_AL__2016 href=https://ui.adsabs.harvard.edu/abs/2016ApJ...822...86M/abstract target=ref>Morton et al. 2016</a>,0.97,0.16,-0.09,0.0865376,0.871,,,M-R relationship,<a refstr=CALCULATED_VALUE href=/docs/pscp_calc.html target=_blank>Calculated Value</a>,0.00274,5.24,0.0,,,2760.593,1790.0,,5818.0,0.99,0.99,-0.04,0.16494845360824742
Kepler-1343 b,Kepler-1343,1,1,Transit,2016,3.35183158,0.0449,89.6,1.113e-05,-1.113e-05,<a refstr=MORTON_ET_AL__2016 href=https://ui.adsabs.harvard.edu/abs/2016ApJ...822...86M/abstract target=ref>Morton et al. 2016</a>,1.93,0.25,-0.19,0.17218307,4.38,,,M-R relationship,<a refstr=CALCULATED_VALUE href=/docs/pscp_calc.html target=_blank>Calculated Value</a>,0.0138,3.35,0.0,,,1021.904,1294.0,,5759.0,0.93,0.95,-0.16,0.1295336787564767
Kepler-1381 b,Kepler-1381,1,1,Transit,2016,25.3842686,0.1728,89.74,0.0001757,-0.0001757,<a refstr=MORTON_ET_AL__2016 href=https://ui.adsabs.harvard.edu/abs/2016ApJ...822...86M/abstract target=ref>Morton et al. 2016</a>,2.25,0.29,-0.19,0.20073156,5.69,,,M-R relationship,<a refstr=CALCULATED_VALUE href=/docs/pscp_calc.html target=_blank>Calculated Value</a>,0.0179,2.74,0.0,,,29.701,649.0,,5747.0,0.94,0.96,-0.1,0.1288888888888889
Kepler-1393 b,Kepler-1393,1,1,Transit,2016,2.44357812,0.0337,88.5,1.231e-05,-1.231e-05,<a refstr=MORTON_ET_AL__2016 href=https://ui.adsabs.harvard.edu/abs/2016ApJ...822...86M/abstract target=ref>Morton et al. 2016</a>,0.8,0.04,-0.08,0.07137122,0.437,,,M-R relationship,<a refstr=CALCULATED_VALUE href=/docs/pscp_calc.html target=_blank>Calculated Value</a>,0.00137,4.69,0.0,,,574.37,1249.0,,5697.0,0.92,0.95,-0.09,0.09999999999999999
Kepler-1347 b,Kepler-1347,1,1,Transit,2016,14.00947528,0.104,89.5,7.001e-05,-7.001e-05,<a refstr=MORTON_ET_AL__2016 href=https://ui.adsabs.harvard.edu/abs/2016ApJ...822...86M/abstract target=ref>Morton et al. 2016</a>,1.03,0.06,-0.05,0.09189045,1.08,,,M-R relationship,<a refstr=CALCULATED_VALUE href=/docs/pscp_calc.html target=_blank>Calculated Value</a>,0.0034,5.43,0.0,,,34.32,617.0,,5193.0,0.79,0.82,-0.11,0.058252427184466014
Kepler-1397 b,Kepler-1397,1,1,Transit,2016,47.449955,0.25861,89.97,0.000752,-0.000752,<a refstr=MORTON_ET_AL__2016 href=https://ui.adsabs.harvard.edu/abs/2016ApJ...822...86M/abstract target=ref>Morton et al. 2016</a>,1.72,0.19,-0.14,0.15344812,3.61,,,M-R relationship,<a refstr=CALCULATED_VALUE href=/docs/pscp_calc.html target=_blank>Calculated Value</a>,0.0113,3.9,0.0,,,58.103,551.0,,6026.0,1.12,1.09,0.0,0.11046511627906977
Kepler-1302 b,Kepler-1302,1,1,Transit,2016,8.83922659,0.0795,86.88,5.866e-05,-5.866e-05,<a refstr=MORTON_ET_AL__2016 href=https://ui.adsabs.harvard.edu/abs/2016ApJ...822...86M/abstract target=ref>Morton et al. 2016</a>,1.43,0.15,-0.09,0.12757605,2.63,,,M-R relationship,<a refstr=CALCULATED_VALUE href=/docs/pscp_calc.html target=_blank>Calculated Value</a>,0.00829,4.94,0.0,,,58.344,778.0,,5236.0,0.82,0.86,0.04,0.1048951048951049
Kepler-1387 b,Kepler-1387,1,1,Transit,2016,2.279526656,0.031,89.83,8.853e-06,-8.853e-06,<a refstr=MORTON_ET_AL__2016 href=https://ui.adsabs.harvard.edu/abs/2016ApJ...822...86M/abstract target=ref>Morton et al. 2016</a>,0.93,0.05,-0.09,0.08296904,0.749,,,M-R relationship,<a refstr=CALCULATED_VALUE href=/docs/pscp_calc.html target=_blank>Calculated Value</a>,0.00236,5.12,0.0,,,300.312,1123.0,,5046.0,0.77,0.82,0.02,0.0967741935483871
Kepler-1400 b,Kepler-1400,1,1,Transit,2016,9.06689421,0.0771,83.96,6.982e-05,-6.982e-05,<a refstr=MORTON_ET_AL__2016 href=https://ui.adsabs.harvard.edu/abs/2016ApJ...822...86M/abstract target=ref>Morton et al. 2016</a>,1.62,0.11,-0.11,0.14452672,3.26,,,M-R relationship,<a refstr=CALCULATED_VALUE href=/docs/pscp_calc.html target=_blank>Calculated Value</a>,0.0102,4.21,0.0,,,44.517,725.0,,5044.0,0.78,0.83,0.04,0.06790123456790123
Kepler-1351 b,Kepler-1351,1,1,Transit,2016,0.916140768,0.0156,87.78,1.919e-06,-1.919e-06,<a refstr=MORTON_ET_AL__2016 href=https://ui.adsabs.harvard.edu/abs/2016ApJ...822...86M/abstract target=ref>Morton et al. 2016</a>,0.65,0.05,-0.04,0.05798912,0.208,,,M-R relationship,<a refstr=CALCULATED_VALUE href=/docs/pscp_calc.html target=_blank>Calculated Value</a>,0.000653,4.16,0.0,,,421.965,1212.0,,4439.0,0.67,0.7,-0.03,0.07692307692307693
Kepler-521 b,Kepler-521,1,1,Transit,2016,22.20813214,0.17116,89.96,4.013e-05,-4.013e-05,<a refstr=MORTON_ET_AL__2016 href=https://ui.adsabs.harvard.edu/abs/2016ApJ...822...86M/abstract target=ref>Morton et al. 2016</a>,3.18,0.31,-0.23,0.2837006,10.2,,,M-R relationship,<a refstr=CALCULATED_VALUE href=/docs/pscp_calc.html target=_blank>Calculated Value</a>,0.0322,1.74,0.0,,,160.612,803.0,,6406.0,1.46,1.34,0.25,0.09748427672955974
Kepler-531 b,Kepler-531,1,1,Transit,2016,29.88485741,0.17446,89.06,3.246e-05,-3.246e-05,<a refstr=MORTON_ET_AL__2016 href=https://ui.adsabs.harvard.edu/abs/2016ApJ...822...86M/abstract target=ref>Morton et al. 2016</a>,2.78,0.08,-0.19,0.24801499,8.15,,,M-R relationship,<a refstr=CALCULATED_VALUE href=/docs/pscp_calc.html target=_blank>Calculated Value</a>,0.0256,2.08,0.0,,,10.007,453.0,,4893.0,0.75,0.78,-0.03,0.0683453237410072
Kepler-1389 b,Kepler-1389,1,1,Transit,2016,99.2530951,0.38249,88.71,0.0008711,-0.0008711,<a refstr=MORTON_ET_AL__2016 href=https://ui.adsabs.harvard.edu/abs/2016ApJ...822...86M/abstract target=ref>Morton et al. 2016</a>,1.77,0.05,-0.14,0.15790882,3.78,,,M-R relationship,<a refstr=CALCULATED_VALUE href=/docs/pscp_calc.html target=_blank>Calculated Value</a>,0.0119,3.75,0.0,,,1.871,300.0,,5078.0,0.74,0.81,-0.14,0.07909604519774012
Kepler-1402 b,Kepler-1402,1,1,Transit,2016,2.03387914,0.0322,87.24,1.415e-05,-1.415e-05,<a refstr=MORTON_ET_AL__2016 href=https://ui.adsabs.harvard.edu/abs/2016ApJ...822...86M/abstract target=ref>Morton et al. 2016</a>,0.76,0.08,-0.07,0.06780266,0.363,,,M-R relationship,<a refstr=CALCULATED_VALUE href=/docs/pscp_calc.html target=_blank>Calculated Value</a>,0.00114,4.54,0.0,,,2491.119,1789.0,,5416.0,0.87,0.9,0.03,0.10526315789473684
Kepler-1308 b,Kepler-1308,1,1,Transit,2016,2.104338119,0.025,83.39,4.237e-06,-4.237e-06,<a refstr=MORTON_ET_AL__2016 href=https://ui.adsabs.harvard.edu/abs/2016ApJ...822...86M/abstract target=ref>Morton et al. 2016</a>,0.52,0.06,-0.05,0.04639129,0.0933,,,M-R relationship,<a refstr=CALCULATED_VALUE href=/docs/pscp_calc.html target=_blank>Calculated Value</a>,0.000293,3.65,0.0,,,58.108,662.0,,3468.0,0.34,0.35,-0.13,0.11538461538461538
Kepler-1309 b,Kepler-1309,1,1,Transit,2016,28.8432647,0.1679,88.43,0.0002652,-0.0002652,<a refstr=MORTON_ET_AL__2016 href=https://ui.adsabs.harvard.edu/abs/2016ApJ...822...86M/abstract target=ref>Morton et al. 2016</a>,2.37,0.2,-0.2,0.21143724,6.21,,,M-R relationship,<a refstr=CALCULATED_VALUE href=/docs/pscp_calc.html target=_blank>Calculated Value</a>,0.0195,2.56,0.0,,,13.77,491.0,,5235.0,0.8,0.85,-0.03,0.08438818565400844
Kepler-532 b,Kepler-532,1,1,Transit,2016,12.92491623,0.10151,88.26,1.23e-05,-1.23e-05,<a refstr=MORTON_ET_AL__2016 href=https://ui.adsabs.harvard.edu/abs/2016ApJ...822...86M/abstract target=ref>Morton et al. 2016</a>,2.57,0.21,-0.14,0.22928004,7.13,,,M-R relationship,<a refstr=CALCULATED_VALUE href=/docs/pscp_calc.html target=_blank>Calculated Value</a>,0.0224,2.31,0.0,,,34.089,620.0,,5192.0,0.79,0.87,0.0,0.08171206225680934
Kepler-1310 b,Kepler-1310,1,1,Transit,2016,0.679336272,0.01452,87.19,7.17e-07,-7.17e-07,<a refstr=MORTON_ET_AL__2016 href=https://ui.adsabs.harvard.edu/abs/2016ApJ...822...86M/abstract target=ref>Morton et al. 2016</a>,1.44,0.16,-0.12,0.1284682,2.67,,,M-R relationship,<a refstr=CALCULATED_VALUE href=/docs/pscp_calc.html target=_blank>Calculated Value</a>,0.00839,4.91,0.0,,,2830.91,1883.0,,5549.0,0.88,0.91,-0.07,0.11111111111111112
Kepler-517 b,Kepler-517,2,1,Transit,2016,60.92832271,0.28682,89.99,7.053e-05,-7.053e-05,<a refstr=MORTON_ET_AL__2016 href=https://ui.adsabs.harvard.edu/abs/2016ApJ...822...86M/abstract target=ref>Morton et al. 2016</a>,2.67,0.32,-0.22,0.23820145,7.61,,,M-R relationship,<a refstr=CALCULATED_VALUE href=/docs/pscp_calc.html target=_blank>Calculated Value</a>,0.0239,2.2,0.0,,,10.555,467.0,,5690.0,0.98,0.95,-0.06,0.1198501872659176
Kepler-1356 b,Kepler-1356,1,1,Transit,2016,0.634002937,0.0136,85.82,1.201e-06,-1.201e-06,<a refstr=MORTON_ET_AL__2016 href=https://ui.adsabs.harvard.edu/abs/2016ApJ...822...86M/abstract target=ref>Morton et al. 2016</a>,1.53,0.11,-0.1,0.13649746,2.96,,,M-R relationship,<a refstr=CALCULATED_VALUE href=/docs/pscp_calc.html target=_blank>Calculated Value</a>,0.0093,4.54,0.0,,,1966.057,1714.0,,5106.0,0.78,0.82,-0.02,0.0718954248366013
Kepler-1313 b,Kepler-1313,1,1,Transit,2016,3.833091178,0.04619,83.58,5.345e-06,-5.345e-06,<a refstr=MORTON_ET_AL__2016 href=https://ui.adsabs.harvard.edu/abs/2016ApJ...822...86M/abstract target=ref>Morton et al. 2016</a>,1.76,0.06,-0.08,0.15701668,3.75,,,M-R relationship,<a refstr=CALCULATED_VALUE href=/docs/pscp_calc.html target=_blank>Calculated Value</a>,0.0118,3.78,0.0,,,227.198,1012.0,,5453.0,0.85,0.92,0.0,0.045454545454545456
Kepler-1359 b,Kepler-1359,1,1,Transit,2016,59.4970952,0.26657,89.71,0.0005052,-0.0005052,<a refstr=MORTON_ET_AL__2016 href=https://ui.adsabs.harvard.edu/abs/2016ApJ...822...86M/abstract target=ref>Morton et al. 2016</a>,2.83,0.45,-0.32,0.25247569,8.4,,,M-R relationship,<a refstr=CALCULATED_VALUE href=/docs/pscp_calc.html target=_blank>Calculated Value</a>,0.0264,2.04,0.0,,,2.451,369.0,,4709.0,0.72,0.78,0.11,0.15901060070671377
Kepler-1611 b,Kepler-1611,1,1,Transit,2016,5.1762429,0.0586,89.26,5.826e-05,-5.826e-05,<a refstr=MORTON_ET_AL__2016 href=https://ui.adsabs.harvard.edu/abs/2016ApJ...822...86M/abstract target=ref>Morton et al. 2016</a>,0.81,0.16,-0.07,0.07226336,0.457,,,M-R relationship,<a refstr=CALCULATED_VALUE href=/docs/pscp_calc.html target=_blank>Calculated Value</a>,0.00144,4.73,0.0,,,146.22,1243.0,,5605.0,0.93,0.94,0.01,0.19753086419753085
Kepler-1463 b,Kepler-1463,1,1,Transit,2016,25.15864,0.1694,89.95,0.0005123,-0.0005123,<a refstr=MORTON_ET_AL__2016 href=https://ui.adsabs.harvard.edu/abs/2016ApJ...822...86M/abstract target=ref>Morton et al. 2016</a>,1.86,0.33,-0.19,0.16593809,4.12,,,M-R relationship,<a refstr=CALCULATED_VALUE href=/docs/pscp_calc.html target=_blank>Calculated Value</a>,0.013,3.52,0.0,,,57.634,619.0,,5679.0,0.95,0.96,0.0,0.1774193548387097
Kepler-1578 b,Kepler-1578,1,1,Transit,2016,1.450886907,0.0252,86.85,6.945e-06,-6.945e-06,<a refstr=MORTON_ET_AL__2016 href=https://ui.adsabs.harvard.edu/abs/2016ApJ...822...86M/abstract target=ref>Morton et al. 2016</a>,1.04,0.11,-0.11,0.09278259,1.12,,,M-R relationship,<a refstr=CALCULATED_VALUE href=/docs/pscp_calc.html target=_blank>Calculated Value</a>,0.00352,5.47,0.0,,,1486.438,1700.0,,5545.0,0.86,0.9,-0.13,0.10576923076923077
Kepler-626 b,Kepler-626,1,1,Transit,2016,14.48585199,0.10913,86.48,2.363e-05,-2.363e-05,<a refstr=MORTON_ET_AL__2016 href=https://ui.adsabs.harvard.edu/abs/2016ApJ...822...86M/abstract target=ref>Morton et al. 2016</a>,2.29,0.28,-0.2,0.20430012,5.86,,,M-R relationship,<a refstr=CALCULATED_VALUE href=/docs/pscp_calc.html target=_blank>Calculated Value</a>,0.0184,2.68,0.0,,,69.795,784.0,,5813.0,1.05,1.01,0.01,0.12227074235807861
Kepler-1465 b,Kepler-1465,1,1,Transit,2016,31.8277111,0.1939,89.54,0.0001219,-0.0001219,<a refstr=MORTON_ET_AL__2016 href=https://ui.adsabs.harvard.edu/abs/2016ApJ...822...86M/abstract target=ref>Morton et al. 2016</a>,1.77,0.35,-0.19,0.15790882,3.78,,,M-R relationship,<a refstr=CALCULATED_VALUE href=/docs/pscp_calc.html target=_blank>Calculated Value</a>,0.0119,3.75,0.0,,,6.246,668.0,,4726.0,0.71,0.75,-0.06,0.19774011299435026
Kepler-1466 b,Kepler-1466,1,1,Transit,2016,31.1750448,0.17981,89.99,0.0002157,-0.0002157,<a refstr=MORTON_ET_AL__2016 href=https://ui.adsabs.harvard.edu/abs/2016ApJ...822...86M/abstract target=ref>Morton et al. 2016</a>,1.55,0.27,-0.17,0.13828174,3.02,,,M-R relationship,<a refstr=CALCULATED_VALUE href=/docs/pscp_calc.html target=_blank>Calculated Value</a>,0.00951,4.46,0.0,,,21.875,585.0,,5884.0,1.02,1.01,-0.07,0.17419354838709677
Kepler-1546 b,Kepler-1546,1,1,Transit,2016,19.5974971,0.1366,87.32,0.0001407,-0.0001407,<a refstr=MORTON_ET_AL__2016 href=https://ui.adsabs.harvard.edu/abs/2016ApJ...822...86M/abstract target=ref>Morton et al. 2016</a>,3.13,0.58,-0.34,0.2792399,9.96,,,M-R relationship,<a refstr=CALCULATED_VALUE href=/docs/pscp_calc.html target=_blank>Calculated Value</a>,0.0313,1.78,0.0,,,36.302,671.0,,5623.0,0.93,0.95,0.01,0.1853035143769968
Kepler-1582 b,Kepler-1582,1,1,Transit,2016,4.83817712,0.0316,89.98,8.84e-05,-8.84e-05,<a refstr=MORTON_ET_AL__2016 href=https://ui.adsabs.harvard.edu/abs/2016ApJ...822...86M/abstract target=ref>Morton et al. 2016</a>,1.49,0.17,-0.14,0.1329289,2.83,,,M-R relationship,<a refstr=CALCULATED_VALUE href=/docs/pscp_calc.html target=_blank>Calculated Value</a>,0.00889,4.7,0.0,,,2.5,354.0,,3208.0,0.3,0.28,0.48,0.11409395973154364
Kepler-1469 b,Kepler-1469,1,1,Transit,2016,21.8635301,0.1466,89.32,0.0001219,-0.0001219,<a refstr=MORTON_ET_AL__2016 href=https://ui.adsabs.harvard.edu/abs/2016ApJ...822...86M/abstract target=ref>Morton et al. 2016</a>,2.8,0.37,-0.26,0.24979927,8.25,,,M-R relationship,<a refstr=CALCULATED_VALUE href=/docs/pscp_calc.html target=_blank>Calculated Value</a>,0.0259,2.07,0.0,,,24.901,551.0,,5507.0,0.89,0.92,0.02,0.13214285714285715
Kepler-1552 b,Kepler-1552,1,1,Transit,2016,184.771853,0.6011,89.98,0.001546,-0.001546,<a refstr=MORTON_ET_AL__2016 href=https://ui.adsabs.harvard.edu/abs/2016ApJ...822...86M/abstract target=ref>Morton et al. 2016</a>,2.47,0.11,-0.1,0.22035864,6.66,,,M-R relationship,<a refstr=CALCULATED_VALUE href=/docs/pscp_calc.html target=_blank>Calculated Value</a>,0.021,2.43,0.0,,,1.854,268.0,,5202.0,0.78,0.85,-0.07,0.044534412955465584
Kepler-556 b,Kepler-556,1,1,Transit,2016,11.72292176,0.09833,89.97,2.381e-05,-2.381e-05,<a refstr=MORTON_ET_AL__2016 href=https://ui.adsabs.harvard.edu/abs/2016ApJ...822...86M/abstract target=ref>Morton et al. 2016</a>,2.24,0.2,-0.12,0.19983941,5.65,,,M-R relationship,<a refstr=CALCULATED_VALUE href=/docs/pscp_calc.html target=_blank>Calculated Value</a>,0.0178,2.76,0.0,,,81.641,766.0,,5740.0,0.98,1.0,0.03,0.08928571428571429
Kepler-629 b,Kepler-629,1,1,Transit,2016,7.2385854,0.07107,89.53,1.18e-05,-1.18e-05,<a refstr=MORTON_ET_AL__2016 href=https://ui.adsabs.harvard.edu/abs/2016ApJ...822...86M/abstract target=ref>Morton et al. 2016</a>,1.38,0.06,-0.04,0.12311535,2.48,,,M-R relationship,<a refstr=CALCULATED_VALUE href=/docs/pscp_calc.html target=_blank>Calculated Value</a>,0.0078,5.19,0.0,,,103.147,816.0,,5444.0,0.84,0.93,0.01,0.043478260869565216
Kepler-630 b,Kepler-630,1,1,Transit,2016,161.4743937,0.56201,89.48,0.0009011,-0.0009011,<a refstr=MORTON_ET_AL__2016 href=https://ui.adsabs.harvard.edu/abs/2016ApJ...822...86M/abstract target=ref>Morton et al. 2016</a>,3.18,0.34,-0.34,0.2837006,10.2,,,M-R relationship,<a refstr=CALCULATED_VALUE href=/docs/pscp_calc.html target=_blank>Calculated Value</a>,0.0322,1.74,0.0,,,5.568,343.0,,5829.0,1.04,1.02,0.03,0.1069182389937107
Kepler-1470 b,Kepler-1470,1,1,Transit,2016,16.2950903,0.116,89.05,0.0001916,-0.0001916,<a refstr=MORTON_ET_AL__2016 href=https://ui.adsabs.harvard.edu/abs/2016ApJ...822...86M/abstract target=ref>Morton et al. 2016</a>,1.07,0.09,-0.08,0.09545901,1.24,,,M-R relationship,<a refstr=CALCULATED_VALUE href=/docs/pscp_calc.html target=_blank>Calculated Value</a>,0.0039,5.56,0.0,,,23.918,574.0,,4961.0,0.76,0.8,-0.01,0.08411214953271028
Kepler-579 b,Kepler-579,1,1,Transit,2016,9.66857723,0.0854,87.59,1.92e-05,-1.92e-05,<a refstr=MORTON_ET_AL__2016 href=https://ui.adsabs.harvard.edu/abs/2016ApJ...822...86M/abstract target=ref>Morton et al. 2016</a>,2.0,0.35,-0.18,0.17842805,4.66,,,M-R relationship,<a refstr=CALCULATED_VALUE href=/docs/pscp_calc.html target=_blank>Calculated Value</a>,0.0147,3.2,0.0,,,60.609,730.0,,5636.0,0.96,0.99,0.13,0.175
Kepler-1619 b,Kepler-1619,1,1,Transit,2016,23.6225913,0.15413,89.14,0.000542,-0.000542,<a refstr=MORTON_ET_AL__2016 href=https://ui.adsabs.harvard.edu/abs/2016ApJ...822...86M/abstract target=ref>Morton et al. 2016</a>,0.76,0.15,-0.08,0.06780266,0.363,,,M-R relationship,<a refstr=CALCULATED_VALUE href=/docs/pscp_calc.html target=_blank>Calculated Value</a>,0.00114,4.54,0.0,,,74.635,797.0,,5852.0,1.0,1.0,-0.07,0.19736842105263158
Kepler-1554 b,Kepler-1554,1,1,Transit,2016,198.088774,0.59527,89.77,0.002456,-0.002456,<a refstr=MORTON_ET_AL__2016 href=https://ui.adsabs.harvard.edu/abs/2016ApJ...822...86M/abstract target=ref>Morton et al. 2016</a>,2.9,0.23,-0.27,0.25872067,8.75,,,M-R relationship,<a refstr=CALCULATED_VALUE href=/docs/pscp_calc.html target=_blank>Calculated Value</a>,0.0275,1.97,0.0,,,1.014,288.0,,5297.0,0.81,0.84,-0.1,0.09310344827586207
Kepler-541 b,Kepler-541,1,1,Transit,2016,5.08005848,0.06447,83.85,1.338e-05,-1.338e-05,<a refstr=MORTON_ET_AL__2016 href=https://ui.adsabs.harvard.edu/abs/2016ApJ...822...86M/abstract target=ref>Morton et al. 2016</a>,3.36,0.58,-0.56,0.29975912,11.2,,,M-R relationship,<a refstr=CALCULATED_VALUE href=/docs/pscp_calc.html target=_blank>Calculated Value</a>,0.0354,1.62,0.0,,,1452.904,1673.0,,6166.0,2.06,1.41,0.07,0.17261904761904762
Kepler-686 b,Kepler-686,1,1,Transit,2016,1.594745463,0.0258,85.25,1.13e-07,-1.13e-07,<a refstr=MORTON_ET_AL__2016 href=https://ui.adsabs.harvard.edu/abs/2016ApJ...822...86M/abstract target=ref>Morton et al. 2016</a>,12.15,1.97,-1.01,1.0839504,,,,Msini,<a refstr=MORTON_ET_AL__2016 href=https://ui.adsabs.harvard.edu/abs/2016ApJ...822...86M/abstract target=ref>Morton et al. 2016</a>,,,0.0,,,2132.903,1539.0,,5649.0,0.92,0.94,-0.07,0.16213991769547326
Kepler-1473 b,Kepler-1473,1,1,Transit,2016,14.4273551,0.11606,80.92,8.414e-05,-8.414e-05,<a refstr=MORTON_ET_AL__2016 href=https://ui.adsabs.harvard.edu/abs/2016ApJ...822...86M/abstract target=ref>Morton et al. 2016</a>,1.19,0.09,-0.08,0.10616469,1.81,,,M-R relationship,<a refstr=CALCULATED_VALUE href=/docs/pscp_calc.html target=_blank>Calculated Value</a>,0.0057,5.9,0.0,,,111.011,783.0,,6046.0,1.09,1.09,-0.01,0.07563025210084033
Kepler-542 b,Kepler-542,1,1,Transit,2016,13.14497566,0.10703,88.51,3.491e-05,-3.491e-05,<a refstr=MORTON_ET_AL__2016 href=https://ui.adsabs.harvard.edu/abs/2016ApJ...822...86M/abstract target=ref>Morton et al. 2016</a>,1.57,0.1,-0.11,0.14006602,3.09,,,M-R relationship,<a refstr=CALCULATED_VALUE href=/docs/pscp_calc.html target=_blank>Calculated Value</a>,0.00972,4.39,0.0,,,61.573,698.0,,5526.0,0.9,0.93,0.02,0.07006369426751592
Kepler-631 b,Kepler-631,1,1,Transit,2016,17.97979059,0.14017,89.84,3.77e-05,-3.77e-05,<a refstr=MORTON_ET_AL__2016 href=https://ui.adsabs.harvard.edu/abs/2016ApJ...822...86M/abstract target=ref>Morton et al. 2016</a>,2.9,0.32,-0.23,0.25872067,8.75,,,M-R relationship,<a refstr=CALCULATED_VALUE href=/docs/pscp_calc.html target=_blank>Calculated Value</a>,0.0275,1.97,0.0,,,94.137,828.0,,6185.0,1.33,1.24,0.23,0.11034482758620691
Kepler-1477 b,Kepler-1477,1,1,Transit,2016,11.55530021,0.0911,83.66,8.098e-05,-8.098e-05,<a refstr=MORTON_ET_AL__2016 href=https://ui.adsabs.harvard.edu/abs/2016ApJ...822...86M/abstract target=ref>Morton et al. 2016</a>,1.18,0.09,-0.09,0.10527255,1.76,,,M-R relationship,<a refstr=CALCULATED_VALUE href=/docs/pscp_calc.html target=_blank>Calculated Value</a>,0.00553,5.89,0.0,,,78.163,674.0,,5100.0,0.78,0.81,-0.06,0.07627118644067797
Kepler-1558 b,Kepler-1558,1,1,Transit,2016,3.50470358,0.04278,88.66,1.612e-05,-1.612e-05,<a refstr=MORTON_ET_AL__2016 href=https://ui.adsabs.harvard.edu/abs/2016ApJ...822...86M/abstract target=ref>Morton et al. 2016</a>,0.68,0.06,-0.04,0.06066554,0.244,,,M-R relationship,<a refstr=CALCULATED_VALUE href=/docs/pscp_calc.html target=_blank>Calculated Value</a>,0.000768,4.26,0.0,,,189.886,1019.0,,5101.0,0.79,0.83,0.0,0.08823529411764705
Kepler-544 b,Kepler-544,1,1,Transit,2016,21.41616926,0.15482,89.8,8.095e-05,-8.095e-05,<a refstr=MORTON_ET_AL__2016 href=https://ui.adsabs.harvard.edu/abs/2016ApJ...822...86M/abstract target=ref>Morton et al. 2016</a>,2.12,0.19,-0.14,0.18913373,5.14,,,M-R relationship,<a refstr=CALCULATED_VALUE href=/docs/pscp_calc.html target=_blank>Calculated Value</a>,0.0162,2.96,0.0,,,126.031,748.0,,6206.0,1.22,1.16,0.02,0.08962264150943396
Kepler-1442 b,Kepler-1442,1,1,Transit,2016,81.4162941,0.40814,87.53,0.0002026,-0.0002026,<a refstr=MORTON_ET_AL__2016 href=https://ui.adsabs.harvard.edu/abs/2016ApJ...822...86M/abstract target=ref>Morton et al. 2016</a>,3.93,0.41,-0.29,0.35061112,14.7,,,M-R relationship,<a refstr=CALCULATED_VALUE href=/docs/pscp_calc.html target=_blank>Calculated Value</a>,0.0461,1.33,0.0,,,25.972,522.0,,6394.0,1.44,1.34,0.26,0.10432569974554706
Kepler-1435 b,Kepler-1435,1,1,Transit,2016,4.45343281,0.05456,85.8,3.591e-05,-3.591e-05,<a refstr=MORTON_ET_AL__2016 href=https://ui.adsabs.harvard.edu/abs/2016ApJ...822...86M/abstract target=ref>Morton et al. 2016</a>,0.86,0.12,-0.09,0.07672406,0.566,,,M-R relationship,<a refstr=CALCULATED_VALUE href=/docs/pscp_calc.html target=_blank>Calculated Value</a>,0.00178,4.89,0.0,,,893.886,1331.0,,6356.0,1.32,1.21,-0.03,0.13953488372093023
Kepler-1559 b,Kepler-1559,1,1,Transit,2016,0.971915428,0.01835,81.16,3.789e-06,-3.789e-06,<a refstr=MORTON_ET_AL__2016 href=https://ui.adsabs.harvard.edu/abs/2016ApJ...822...86M/abstract target=ref>Morton et al. 2016</a>,0.72,0.07,-0.05,0.0642341,0.299,,,M-R relationship,<a refstr=CALCULATED_VALUE href=/docs/pscp_calc.html target=_blank>Calculated Value</a>,0.000942,4.4,0.0,,,1620.063,1609.0,,5316.0,0.82,0.86,-0.04,0.09722222222222224
Kepler-1596 b,Kepler-1596,1,1,Transit,2016,66.373379,0.3237,89.98,0.001476,-0.001476,<a refstr=MORTON_ET_AL__2016 href=https://ui.adsabs.harvard.edu/abs/2016ApJ...822...86M/abstract target=ref>Morton et al. 2016</a>,1.9,0.25,-0.17,0.16950665,4.27,,,M-R relationship,<a refstr=CALCULATED_VALUE href=/docs/pscp_calc.html target=_blank>Calculated Value</a>,0.0134,3.42,0.0,,,33.378,471.0,,5706.0,0.92,0.95,-0.11,0.13157894736842105
Kepler-1564 b,Kepler-1564,1,1,Transit,2016,18.0540381,0.1327,89.67,0.0001919,-0.0001919,<a refstr=MORTON_ET_AL__2016 href=https://ui.adsabs.harvard.edu/abs/2016ApJ...822...86M/abstract target=ref>Morton et al. 2016</a>,1.47,0.19,-0.13,0.13114462,2.76,,,M-R relationship,<a refstr=CALCULATED_VALUE href=/docs/pscp_calc.html target=_blank>Calculated Value</a>,0.00869,4.77,0.0,,,41.514,635.0,,5528.0,0.9,0.93,0.03,0.1292517006802721
Kepler-1563 b,Kepler-1563,1,1,Transit,2016,3.43276598,0.0442,81.58,2.976e-05,-2.976e-05,<a refstr=MORTON_ET_AL__2016 href=https://ui.adsabs.harvard.edu/abs/2016ApJ...822...86M/abstract target=ref>Morton et al. 2016</a>,0.75,0.12,-0.08,0.06691052,0.347,,,M-R relationship,<a refstr=CALCULATED_VALUE href=/docs/pscp_calc.html target=_blank>Calculated Value</a>,0.00109,4.52,0.0,,,390.57,1134.0,,5765.0,0.99,1.0,0.02,0.16
Kepler-1565 b,Kepler-1565,1,1,Transit,2016,1.538188437,0.0241,82.28,6.86e-06,-6.86e-06,<a refstr=MORTON_ET_AL__2016 href=https://ui.adsabs.harvard.edu/abs/2016ApJ...822...86M/abstract target=ref>Morton et al. 2016</a>,1.19,0.08,-0.12,0.10616469,1.81,,,M-R relationship,<a refstr=CALCULATED_VALUE href=/docs/pscp_calc.html target=_blank>Calculated Value</a>,0.0057,5.9,0.0,,,510.566,1234.0,,4940.0,0.73,0.76,-0.16,0.10084033613445378
Kepler-1448 b,Kepler-1448,1,1,Transit,2016,12.27065865,0.1058,89.95,5.885e-05,-5.885e-05,<a refstr=MORTON_ET_AL__2016 href=https://ui.adsabs.harvard.edu/abs/2016ApJ...822...86M/abstract target=ref>Morton et al. 2016</a>,1.61,0.21,-0.16,0.14363458,3.22,,,M-R relationship,<a refstr=CALCULATED_VALUE href=/docs/pscp_calc.html target=_blank>Calculated Value</a>,0.0101,4.24,0.0,,,86.645,811.0,,5774.0,0.93,0.95,-0.16,0.13043478260869565
Kepler-1566 b,Kepler-1566,1,1,Transit,2016,0.539915238,0.01198,85.27,1.354e-06,-1.354e-06,<a refstr=MORTON_ET_AL__2016 href=https://ui.adsabs.harvard.edu/abs/2016ApJ...822...86M/abstract target=ref>Morton et al. 2016</a>,0.79,0.08,-0.05,0.07047908,0.418,,,M-R relationship,<a refstr=CALCULATED_VALUE href=/docs/pscp_calc.html target=_blank>Calculated Value</a>,0.00131,4.66,0.0,,,2340.984,1871.0,,5254.0,0.81,0.84,-0.07,0.10126582278481013
Kepler-1567 b,Kepler-1567,1,1,Transit,2016,153.979578,0.552,89.98,0.001785,-0.001785,<a refstr=MORTON_ET_AL__2016 href=https://ui.adsabs.harvard.edu/abs/2016ApJ...822...86M/abstract target=ref>Morton et al. 2016</a>,2.73,0.4,-0.23,0.24355429,7.9,,,M-R relationship,<a refstr=CALCULATED_VALUE href=/docs/pscp_calc.html target=_blank>Calculated Value</a>,0.0249,2.13,0.0,,,2.723,330.0,,5655.0,0.93,0.95,-0.03,0.14652014652014653
Kepler-597 b,Kepler-597,1,1,Transit,2016,13.02365861,0.10916,89.93,2.728e-05,-2.728e-05,<a refstr=MORTON_ET_AL__2016 href=https://ui.adsabs.harvard.edu/abs/2016ApJ...822...86M/abstract target=ref>Morton et al. 2016</a>,2.37,0.33,-0.13,0.21143724,6.21,,,M-R relationship,<a refstr=CALCULATED_VALUE href=/docs/pscp_calc.html target=_blank>Calculated Value</a>,0.0195,2.56,0.0,,,76.375,743.0,,5683.0,0.95,0.97,-0.01,0.13924050632911392
Kepler-1450 b,Kepler-1450,1,1,Transit,2016,54.5094166,0.2401,88.43,0.000527,-0.000527,<a refstr=MORTON_ET_AL__2016 href=https://ui.adsabs.harvard.edu/abs/2016ApJ...822...86M/abstract target=ref>Morton et al. 2016</a>,1.71,0.13,-0.11,0.15255598,3.57,,,M-R relationship,<a refstr=CALCULATED_VALUE href=/docs/pscp_calc.html target=_blank>Calculated Value</a>,0.0112,3.92,0.0,,,3.078,308.0,,4524.0,0.68,0.71,-0.02,0.0760233918128655
Kepler-1451 b,Kepler-1451,1,1,Transit,2016,35.622233,0.2101,89.73,0.0002098,-0.0002098,<a refstr=MORTON_ET_AL__2016 href=https://ui.adsabs.harvard.edu/abs/2016ApJ...822...86M/abstract target=ref>Morton et al. 2016</a>,3.35,0.62,-0.66,0.29886698,11.2,,,M-R relationship,<a refstr=CALCULATED_VALUE href=/docs/pscp_calc.html target=_blank>Calculated Value</a>,0.0352,1.64,0.0,,,18.751,523.0,,5782.0,0.99,1.0,0.01,0.19701492537313434
Kepler-1568 b,Kepler-1568,1,1,Transit,2016,20.925392,0.15157,89.51,0.0002521,-0.0002521,<a refstr=MORTON_ET_AL__2016 href=https://ui.adsabs.harvard.edu/abs/2016ApJ...822...86M/abstract target=ref>Morton et al. 2016</a>,1.3,0.21,-0.15,0.11597823,2.24,,,M-R relationship,<a refstr=CALCULATED_VALUE href=/docs/pscp_calc.html target=_blank>Calculated Value</a>,0.00705,5.6,0.0,,,72.568,729.0,,5956.0,1.19,1.09,0.09,0.16153846153846152
Kepler-1606 b,Kepler-1606,1,1,Transit,2016,196.435224,0.6421,89.814,0.003935,-0.003935,<a refstr=MORTON_ET_AL__2016 href=https://ui.adsabs.harvard.edu/abs/2016ApJ...822...86M/abstract target=ref>Morton et al. 2016</a>,2.07,0.23,-0.15,0.18467303,4.94,,,M-R relationship,<a refstr=CALCULATED_VALUE href=/docs/pscp_calc.html target=_blank>Calculated Value</a>,0.0155,3.06,0.0,,,1.29,324.0,,5422.0,0.86,0.9,0.01,0.11111111111111112
Kepler-1452 b,Kepler-1452,1,1,Transit,2016,42.913751,0.25764,89.6,0.0003689,-0.0003689,<a refstr=MORTON_ET_AL__2016 href=https://ui.adsabs.harvard.edu/abs/2016ApJ...822...86M/abstract target=ref>Morton et al. 2016</a>,2.7,0.39,-0.35,0.24087787,7.75,,,M-R relationship,<a refstr=CALCULATED_VALUE href=/docs/pscp_calc.html target=_blank>Calculated Value</a>,0.0244,2.16,0.0,,,73.501,810.0,,6101.0,2.06,1.41,0.14,0.14444444444444443
Kepler-1570 b,Kepler-1570,1,1,Transit,2016,26.548955,0.16699,89.52,0.0003047,-0.0003047,<a refstr=MORTON_ET_AL__2016 href=https://ui.adsabs.harvard.edu/abs/2016ApJ...822...86M/abstract target=ref>Morton et al. 2016</a>,1.07,0.19,-0.1,0.09545901,1.24,,,M-R relationship,<a refstr=CALCULATED_VALUE href=/docs/pscp_calc.html target=_blank>Calculated Value</a>,0.0039,5.56,0.0,,,76.457,836.0,,5550.0,0.89,0.92,-0.04,0.17757009345794392
Kepler-1457 b,Kepler-1457,1,1,Transit,2016,51.1110243,0.26391,89.97,0.0003738,-0.0003738,<a refstr=MORTON_ET_AL__2016 href=https://ui.adsabs.harvard.edu/abs/2016ApJ...822...86M/abstract target=ref>Morton et al. 2016</a>,1.99,0.31,-0.2,0.17753591,4.62,,,M-R relationship,<a refstr=CALCULATED_VALUE href=/docs/pscp_calc.html target=_blank>Calculated Value</a>,0.0145,3.22,0.0,,,23.468,478.0,,5866.0,1.01,1.01,-0.05,0.15577889447236182
Kepler-1458 b,Kepler-1458,1,1,Transit,2016,47.9872764,0.24869,88.67,0.0001776,-0.0001776,<a refstr=MORTON_ET_AL__2016 href=https://ui.adsabs.harvard.edu/abs/2016ApJ...822...86M/abstract target=ref>Morton et al. 2016</a>,2.76,0.42,-0.21,0.24623071,8.05,,,M-R relationship,<a refstr=CALCULATED_VALUE href=/docs/pscp_calc.html target=_blank>Calculated Value</a>,0.0253,2.1,0.0,,,8.293,493.0,,5653.0,0.94,0.96,0.02,0.15217391304347827
Kepler-1575 b,Kepler-1575,1,1,Transit,2016,2.55314213,0.0366,88.19,1.304e-05,-1.304e-05,<a refstr=MORTON_ET_AL__2016 href=https://ui.adsabs.harvard.edu/abs/2016ApJ...822...86M/abstract target=ref>Morton et al. 2016</a>,1.31,0.2,-0.13,0.11687037,2.27,,,M-R relationship,<a refstr=CALCULATED_VALUE href=/docs/pscp_calc.html target=_blank>Calculated Value</a>,0.00714,5.55,0.0,,,803.679,1312.0,,5667.0,0.92,0.95,-0.07,0.15267175572519084
Kepler-578 b,Kepler-578,1,1,Transit,2016,1.616883696,0.0266,78.6,1.228e-06,-1.228e-06,<a refstr=MORTON_ET_AL__2016 href=https://ui.adsabs.harvard.edu/abs/2016ApJ...822...86M/abstract target=ref>Morton et al. 2016</a>,2.0,0.18,-0.22,0.17842805,4.66,,,M-R relationship,<a refstr=CALCULATED_VALUE href=/docs/pscp_calc.html target=_blank>Calculated Value</a>,0.0147,3.2,0.0,,,496.898,1774.0,,5334.0,0.83,0.87,-0.03,0.11
Kepler-1461 b,Kepler-1461,1,1,Transit,2016,29.3494775,0.1715,88.82,0.0001832,-0.0001832,<a refstr=MORTON_ET_AL__2016 href=https://ui.adsabs.harvard.edu/abs/2016ApJ...822...86M/abstract target=ref>Morton et al. 2016</a>,2.03,0.09,-0.16,0.18110447,4.78,,,M-R relationship,<a refstr=CALCULATED_VALUE href=/docs/pscp_calc.html target=_blank>Calculated Value</a>,0.015,3.14,0.0,,,8.88,451.0,,4919.0,0.74,0.79,-0.04,0.0788177339901478
Kepler-1541 b,Kepler-1541,1,1,Transit,2016,8.40691199,0.07555,89.97,2.698e-05,-2.698e-05,<a refstr=MORTON_ET_AL__2016 href=https://ui.adsabs.harvard.edu/abs/2016ApJ...822...86M/abstract target=ref>Morton et al. 2016</a>,1.16,0.1,-0.08,0.10348827,1.65,,,M-R relationship,<a refstr=CALCULATED_VALUE href=/docs/pscp_calc.html target=_blank>Calculated Value</a>,0.00521,5.81,0.0,,,75.56,1048.0,,5282.0,0.81,0.86,-0.04,0.08620689655172414
Kepler-640 b,Kepler-640,1,1,Transit,2016,22.24813967,0.15418,87.79,3.515e-05,-3.515e-05,<a refstr=MORTON_ET_AL__2016 href=https://ui.adsabs.harvard.edu/abs/2016ApJ...822...86M/abstract target=ref>Morton et al. 2016</a>,2.56,0.08,-0.22,0.2283879,7.08,,,M-R relationship,<a refstr=CALCULATED_VALUE href=/docs/pscp_calc.html target=_blank>Calculated Value</a>,0.0223,2.32,0.0,,,35.062,609.0,,5653.0,0.94,1.01,0.15,0.0859375
Kepler-634 b,Kepler-634,1,1,Transit,2016,5.16950177,0.05765,88.44,1.029e-05,-1.029e-05,<a refstr=MORTON_ET_AL__2016 href=https://ui.adsabs.harvard.edu/abs/2016ApJ...822...86M/abstract target=ref>Morton et al. 2016</a>,1.89,0.3,-0.25,0.16861451,4.23,,,M-R relationship,<a refstr=CALCULATED_VALUE href=/docs/pscp_calc.html target=_blank>Calculated Value</a>,0.0133,3.44,0.0,,,808.844,1309.0,,6075.0,1.24,1.03,-0.18,0.15873015873015872
Kepler-701 b,Kepler-701,1,1,Transit,2016,10.35533177,0.0895,89.93,2.064e-05,-2.064e-05,<a refstr=MORTON_ET_AL__2016 href=https://ui.adsabs.harvard.edu/abs/2016ApJ...822...86M/abstract target=ref>Morton et al. 2016</a>,2.84,0.22,-0.45,0.25336783,8.45,,,M-R relationship,<a refstr=CALCULATED_VALUE href=/docs/pscp_calc.html target=_blank>Calculated Value</a>,0.0266,2.03,0.0,,,75.623,777.0,,5343.0,0.84,0.88,0.0,0.15845070422535212
Kepler-709 b,Kepler-709,1,1,Transit,2016,16.08524954,0.1173,87.21,2.644e-05,-2.644e-05,<a refstr=MORTON_ET_AL__2016 href=https://ui.adsabs.harvard.edu/abs/2016ApJ...822...86M/abstract target=ref>Morton et al. 2016</a>,2.92,0.18,-0.19,0.26050495,8.85,,,M-R relationship,<a refstr=CALCULATED_VALUE href=/docs/pscp_calc.html target=_blank>Calculated Value</a>,0.0279,1.95,0.0,,,28.216,613.0,,5071.0,0.77,0.8,-0.08,0.06506849315068493
Kepler-1625 b,Kepler-1625,1,1,Transit,2016,287.378949,0.87762,89.99,0.002983,-0.002983,<a refstr=MORTON_ET_AL__2016 href=https://ui.adsabs.harvard.edu/abs/2016ApJ...822...86M/abstract target=ref>Morton et al. 2016</a>,6.06,0.87,-0.53,0.54063699,30.6,,,M-R relationship,<a refstr=CALCULATED_VALUE href=/docs/pscp_calc.html target=_blank>Calculated Value</a>,0.0962,0.756,0.0,,,3.3,350.0,,5677.0,0.94,0.96,0.01,0.14356435643564358
Kepler-1500 b,Kepler-1500,1,1,Transit,2016,15.0330105,0.1236,84.02,0.0001612,-0.0001612,<a refstr=MORTON_ET_AL__2016 href=https://ui.adsabs.harvard.edu/abs/2016ApJ...822...86M/abstract target=ref>Morton et al. 2016</a>,1.2,0.22,-0.15,0.10705683,1.87,,,M-R relationship,<a refstr=CALCULATED_VALUE href=/docs/pscp_calc.html target=_blank>Calculated Value</a>,0.00588,5.95,0.0,,,131.818,928.0,,5845.0,1.0,1.0,-0.05,0.18333333333333335
Kepler-1522 b,Kepler-1522,1,1,Transit,2016,1.847889171,0.0288,89.73,2.722e-06,-2.722e-06,<a refstr=MORTON_ET_AL__2016 href=https://ui.adsabs.harvard.edu/abs/2016ApJ...822...86M/abstract target=ref>Morton et al. 2016</a>,1.73,0.23,-0.14,0.15434026,3.64,,,M-R relationship,<a refstr=CALCULATED_VALUE href=/docs/pscp_calc.html target=_blank>Calculated Value</a>,0.0115,3.86,0.0,,,1513.457,1374.0,,5706.0,0.93,0.96,-0.07,0.13294797687861273
Kepler-702 b,Kepler-702,1,1,Transit,2016,10.526294063,0.088,88.69,1.898e-06,-1.898e-06,<a refstr=MORTON_ET_AL__2016 href=https://ui.adsabs.harvard.edu/abs/2016ApJ...822...86M/abstract target=ref>Morton et al. 2016</a>,9.17,0.84,-0.58,0.8180926,61.8,,,M-R relationship,<a refstr=CALCULATED_VALUE href=/docs/pscp_calc.html target=_blank>Calculated Value</a>,0.194,0.44,0.0,,,88.906,713.0,,5419.0,0.86,0.9,0.0,0.0916030534351145
Kepler-641 b,Kepler-641,1,1,Transit,2016,9.48961571,0.0895,86.44,2.398e-05,-2.398e-05,<a refstr=MORTON_ET_AL__2016 href=https://ui.adsabs.harvard.edu/abs/2016ApJ...822...86M/abstract target=ref>Morton et al. 2016</a>,1.85,0.31,-0.25,0.16504595,4.08,,,M-R relationship,<a refstr=CALCULATED_VALUE href=/docs/pscp_calc.html target=_blank>Calculated Value</a>,0.0128,3.54,0.0,,,311.788,926.0,,5713.0,1.13,1.02,0.15,0.16756756756756755
Kepler-724 b,Kepler-724,1,1,Transit,2016,3.314946338,0.0433,85.11,1.715e-06,-1.715e-06,<a refstr=MORTON_ET_AL__2016 href=https://ui.adsabs.harvard.edu/abs/2016ApJ...822...86M/abstract target=ref>Morton et al. 2016</a>,3.29,0.4,-0.23,0.29351414,10.8,,,M-R relationship,<a refstr=CALCULATED_VALUE href=/docs/pscp_calc.html target=_blank>Calculated Value</a>,0.0341,1.67,0.0,,,339.401,1155.0,,5437.0,0.86,0.9,-0.02,0.12158054711246201
Kepler-1504 b,Kepler-1504,1,1,Transit,2016,82.304003,0.3704,87.87,0.001593,-0.001593,<a refstr=MORTON_ET_AL__2016 href=https://ui.adsabs.harvard.edu/abs/2016ApJ...822...86M/abstract target=ref>Morton et al. 2016</a>,2.13,0.23,-0.19,0.19002587,5.18,,,M-R relationship,<a refstr=CALCULATED_VALUE href=/docs/pscp_calc.html target=_blank>Calculated Value</a>,0.0163,2.95,0.0,,,25.17,485.0,,5393.0,0.81,0.85,-0.17,0.107981220657277
Kepler-1505 b,Kepler-1505,1,1,Transit,2016,30.8609366,0.18298,88.4,0.0002252,-0.0002252,<a refstr=MORTON_ET_AL__2016 href=https://ui.adsabs.harvard.edu/abs/2016ApJ...822...86M/abstract target=ref>Morton et al. 2016</a>,0.93,0.05,-0.05,0.08296904,0.749,,,M-R relationship,<a refstr=CALCULATED_VALUE href=/docs/pscp_calc.html target=_blank>Calculated Value</a>,0.00236,5.12,0.0,,,36.121,525.0,,5686.0,0.86,0.93,-0.18,0.053763440860215055
Kepler-710 b,Kepler-710,1,1,Transit,2016,4.347285527,0.0524,89.91,8.339e-06,-8.339e-06,<a refstr=MORTON_ET_AL__2016 href=https://ui.adsabs.harvard.edu/abs/2016ApJ...822...86M/abstract target=ref>Morton et al. 2016</a>,1.88,0.24,-0.15,0.16772237,4.19,,,M-R relationship,<a refstr=CALCULATED_VALUE href=/docs/pscp_calc.html target=_blank>Calculated Value</a>,0.0132,3.47,0.0,,,710.872,1174.0,,5611.0,0.91,0.94,-0.04,0.1276595744680851
Kepler-540 b,Kepler-540,1,1,Transit,2016,172.7049784,0.58822,90.0,0.0005356,-0.0005356,<a refstr=MORTON_ET_AL__2016 href=https://ui.adsabs.harvard.edu/abs/2016ApJ...822...86M/abstract target=ref>Morton et al. 2016</a>,2.71,0.38,-0.26,0.24177001,7.8,,,M-R relationship,<a refstr=CALCULATED_VALUE href=/docs/pscp_calc.html target=_blank>Calculated Value</a>,0.0245,2.15,0.0,,,4.525,355.0,,5946.0,1.08,1.02,-0.1,0.14022140221402216
Kepler-1507 b,Kepler-1507,1,1,Transit,2016,16.0506213,0.11946,89.8,0.0001447,-0.0001447,<a refstr=MORTON_ET_AL__2016 href=https://ui.adsabs.harvard.edu/abs/2016ApJ...822...86M/abstract target=ref>Morton et al. 2016</a>,0.84,0.09,-0.09,0.07493978,0.52,,,M-R relationship,<a refstr=CALCULATED_VALUE href=/docs/pscp_calc.html target=_blank>Calculated Value</a>,0.00164,4.82,0.0,,,30.476,630.0,,5410.0,0.85,0.89,-0.03,0.10714285714285714
Kepler-1506 b,Kepler-1506,1,1,Transit,2016,14.0329154,0.1168,89.85,0.0002811,-0.0002811,<a refstr=MORTON_ET_AL__2016 href=https://ui.adsabs.harvard.edu/abs/2016ApJ...822...86M/abstract target=ref>Morton et al. 2016</a>,1.32,0.19,-0.13,0.11776251,2.3,,,M-R relationship,<a refstr=CALCULATED_VALUE href=/docs/pscp_calc.html target=_blank>Calculated Value</a>,0.00724,5.5,0.0,,,235.807,783.0,,5676.0,0.93,0.95,-0.05,0.14393939393939392
Kepler-604 b,Kepler-604,1,1,Transit,2016,25.85501786,0.1735,89.7,9.434e-05,-9.434e-05,<a refstr=MORTON_ET_AL__2016 href=https://ui.adsabs.harvard.edu/abs/2016ApJ...822...86M/abstract target=ref>Morton et al. 2016</a>,2.59,0.49,-0.27,0.23106432,7.22,,,M-R relationship,<a refstr=CALCULATED_VALUE href=/docs/pscp_calc.html target=_blank>Calculated Value</a>,0.0227,2.28,0.0,,,46.982,637.0,,5890.0,1.03,1.02,-0.02,0.1891891891891892
Kepler-1627 b,Kepler-1627,1,1,Transit,2016,7.20283653,0.0643,89.92,8.773e-05,-8.773e-05,<a refstr=MORTON_ET_AL__2016 href=https://ui.adsabs.harvard.edu/abs/2016ApJ...822...86M/abstract target=ref>Morton et al. 2016</a>,3.69,0.49,-0.41,0.32919975,13.2,,,M-R relationship,<a refstr=CALCULATED_VALUE href=/docs/pscp_calc.html target=_blank>Calculated Value</a>,0.0415,1.44,0.0,,,143.12,794.0,,5445.0,0.84,0.87,-0.1,0.13279132791327913
Kepler-1526 b,Kepler-1526,1,1,Transit,2016,3.908632005,0.0418,89.63,7.397e-06,-7.397e-06,<a refstr=MORTON_ET_AL__2016 href=https://ui.adsabs.harvard.edu/abs/2016ApJ...822...86M/abstract target=ref>Morton et al. 2016</a>,2.43,0.09,-0.39,0.21679008,6.48,,,M-R relationship,<a refstr=CALCULATED_VALUE href=/docs/pscp_calc.html target=_blank>Calculated Value</a>,0.0204,2.48,0.0,,,99.097,787.0,,4601.0,0.69,0.73,-0.01,0.16049382716049382
Kepler-643 b,Kepler-643,1,1,Transit,2016,16.33889626,0.13485,88.91,1.826e-05,-1.826e-05,<a refstr=MORTON_ET_AL__2016 href=https://ui.adsabs.harvard.edu/abs/2016ApJ...822...86M/abstract target=ref>Morton et al. 2016</a>,10.16,0.35,-0.27,0.90641449,321.0083,63.566,-63.566,Mass,<a refstr=GRUNBLATT_ET_AL__2018 href=https://ui.adsabs.harvard.edu/abs/2018ApJ...861L...5G/abstract target=ref>Grunblatt et al. 2018</a>,1.01,1.68,0.37,0.06,-0.06,211.711,963.0,,4908.0,2.52,1.0,0.13,0.03444881889763779
Kepler-711 b,Kepler-711,1,1,Transit,2016,23.58914398,0.1429,86.86,6.647e-05,-6.647e-05,<a refstr=MORTON_ET_AL__2016 href=https://ui.adsabs.harvard.edu/abs/2016ApJ...822...86M/abstract target=ref>Morton et al. 2016</a>,3.41,0.34,-0.63,0.30421982,11.5,,,M-R relationship,<a refstr=CALCULATED_VALUE href=/docs/pscp_calc.html target=_blank>Calculated Value</a>,0.0363,1.59,0.0,,,15.569,487.0,,5222.0,0.8,0.84,-0.04,0.18475073313782991
Kepler-726 b,Kepler-726,1,1,Transit,2016,21.80451088,0.1406,88.76,4.512e-05,-4.512e-05,<a refstr=MORTON_ET_AL__2016 href=https://ui.adsabs.harvard.edu/abs/2016ApJ...822...86M/abstract target=ref>Morton et al. 2016</a>,3.26,0.32,-0.35,0.29083772,10.7,,,M-R relationship,<a refstr=CALCULATED_VALUE href=/docs/pscp_calc.html target=_blank>Calculated Value</a>,0.0336,1.7,0.0,,,25.296,543.0,,5452.0,0.85,0.88,-0.09,0.10736196319018405
Kepler-1512 b,Kepler-1512,1,1,Transit,2016,20.35972599,0.13693,89.45,5.874e-05,-5.874e-05,<a refstr=MORTON_ET_AL__2016 href=https://ui.adsabs.harvard.edu/abs/2016ApJ...822...86M/abstract target=ref>Morton et al. 2016</a>,1.18,0.07,-0.11,0.10527255,1.76,,,M-R relationship,<a refstr=CALCULATED_VALUE href=/docs/pscp_calc.html target=_blank>Calculated Value</a>,0.00553,5.89,0.0,,,1.6,322.0,,4372.0,0.67,0.73,0.2,0.09322033898305085
Kepler-1528 b,Kepler-1528,1,1,Transit,2016,1.791110205,0.0296,89.76,7.7e-06,-7.7e-06,<a refstr=MORTON_ET_AL__2016 href=https://ui.adsabs.harvard.edu/abs/2016ApJ...822...86M/abstract target=ref>Morton et al. 2016</a>,1.46,0.25,-0.13,0.13025248,2.73,,,M-R relationship,<a refstr=CALCULATED_VALUE href=/docs/pscp_calc.html target=_blank>Calculated Value</a>,0.00859,4.82,0.0,,,1106.851,1549.0,,5857.0,1.03,1.03,0.03,0.17123287671232876
Kepler-1529 b,Kepler-1529,1,1,Transit,2016,5.33905686,0.0525,89.96,1.277e-05,-1.277e-05,<a refstr=MORTON_ET_AL__2016 href=https://ui.adsabs.harvard.edu/abs/2016ApJ...822...86M/abstract target=ref>Morton et al. 2016</a>,2.1,0.15,-0.11,0.18734945,5.06,,,M-R relationship,<a refstr=CALCULATED_VALUE href=/docs/pscp_calc.html target=_blank>Calculated Value</a>,0.0159,3.0,0.0,,,115.765,817.0,,5048.0,0.77,0.81,-0.03,0.07142857142857142
Kepler-622 b,Kepler-622,1,1,Transit,2016,14.28226676,0.0978,89.97,2.663e-05,-2.663e-05,<a refstr=MORTON_ET_AL__2016 href=https://ui.adsabs.harvard.edu/abs/2016ApJ...822...86M/abstract target=ref>Morton et al. 2016</a>,2.13,0.28,-0.16,0.19002587,5.18,,,M-R relationship,<a refstr=CALCULATED_VALUE href=/docs/pscp_calc.html target=_blank>Calculated Value</a>,0.0163,2.95,0.0,,,12.486,446.0,,4201.0,0.61,0.64,-0.09,0.13145539906103287
Kepler-1631 b,Kepler-1631,1,1,Transit,2016,4.09513932,0.0511,75.96,3.048e-05,-3.048e-05,<a refstr=MORTON_ET_AL__2016 href=https://ui.adsabs.harvard.edu/abs/2016ApJ...822...86M/abstract target=ref>Morton et al. 2016</a>,1.35,0.2,-0.15,0.12043893,2.39,,,M-R relationship,<a refstr=CALCULATED_VALUE href=/docs/pscp_calc.html target=_blank>Calculated Value</a>,0.00752,5.34,0.0,,,446.918,1122.0,,5679.0,0.95,0.97,0.04,0.14814814814814814
Kepler-1534 b,Kepler-1534,1,1,Transit,2016,5.71668872,0.0599,88.04,2.925e-05,-2.925e-05,<a refstr=MORTON_ET_AL__2016 href=https://ui.adsabs.harvard.edu/abs/2016ApJ...822...86M/abstract target=ref>Morton et al. 2016</a>,1.89,0.22,-0.15,0.16861451,4.23,,,M-R relationship,<a refstr=CALCULATED_VALUE href=/docs/pscp_calc.html target=_blank>Calculated Value</a>,0.0133,3.44,0.0,,,196.51,955.0,,5442.0,0.86,0.9,-0.01,0.11640211640211641
Kepler-1480 b,Kepler-1480,2,1,Transit,2016,22.12679948,0.1525,86.1,9.372e-05,-9.372e-05,<a refstr=MORTON_ET_AL__2016 href=https://ui.adsabs.harvard.edu/abs/2016ApJ...822...86M/abstract target=ref>Morton et al. 2016</a>,1.67,0.11,-0.08,0.14898742,3.43,,,M-R relationship,<a refstr=CALCULATED_VALUE href=/docs/pscp_calc.html target=_blank>Calculated Value</a>,0.0108,4.05,0.0,,,16.317,721.0,,5156.0,0.81,0.85,0.07,0.0658682634730539
Kepler-1479 b,Kepler-1479,1,1,Transit,2016,14.53261362,0.11341,89.86,4.429e-05,-4.429e-05,<a refstr=MORTON_ET_AL__2016 href=https://ui.adsabs.harvard.edu/abs/2016ApJ...822...86M/abstract target=ref>Morton et al. 2016</a>,1.83,0.3,-0.16,0.16326166,4.01,,,M-R relationship,<a refstr=CALCULATED_VALUE href=/docs/pscp_calc.html target=_blank>Calculated Value</a>,0.0126,3.6,0.0,,,98.574,746.0,,5796.0,0.98,0.99,-0.02,0.16393442622950818
Kepler-1481 b,Kepler-1481,1,1,Transit,2016,5.94220998,0.059,89.74,2.335e-05,-2.335e-05,<a refstr=MORTON_ET_AL__2016 href=https://ui.adsabs.harvard.edu/abs/2016ApJ...822...86M/abstract target=ref>Morton et al. 2016</a>,1.23,0.08,-0.06,0.10973325,2.04,,,M-R relationship,<a refstr=CALCULATED_VALUE href=/docs/pscp_calc.html target=_blank>Calculated Value</a>,0.00642,6.02,0.0,,,71.94,797.0,,4908.0,0.75,0.8,0.04,0.06504065040650407
Kepler-489 b,Kepler-489,1,1,Transit,2016,17.276296119,0.12109,89.87,2.455e-06,-2.455e-06,<a refstr=MORTON_ET_AL__2016 href=https://ui.adsabs.harvard.edu/abs/2016ApJ...822...86M/abstract target=ref>Morton et al. 2016</a>,7.72,0.17,-0.2,0.68873227,46.1,,,M-R relationship,<a refstr=CALCULATED_VALUE href=/docs/pscp_calc.html target=_blank>Calculated Value</a>,0.145,0.551,0.0,,,20.618,538.0,,5014.0,0.76,0.82,0.0,0.02590673575129534
Kepler-1532 b,Kepler-1532,1,1,Transit,2016,1.093663559,0.0206,88.29,2.158e-06,-2.158e-06,<a refstr=MORTON_ET_AL__2016 href=https://ui.adsabs.harvard.edu/abs/2016ApJ...822...86M/abstract target=ref>Morton et al. 2016</a>,1.35,0.18,-0.12,0.12043893,2.39,,,M-R relationship,<a refstr=CALCULATED_VALUE href=/docs/pscp_calc.html target=_blank>Calculated Value</a>,0.00752,5.34,0.0,,,1705.762,1681.0,,5559.0,0.88,0.91,-0.1,0.13333333333333333
Kepler-1635 b,Kepler-1635,1,1,Transit,2016,469.63111,1.12664,89.61,0.01246,-0.01246,<a refstr=MORTON_ET_AL__2016 href=https://ui.adsabs.harvard.edu/abs/2016ApJ...822...86M/abstract target=ref>Morton et al. 2016</a>,3.64,0.33,-0.67,0.32473905,12.9,,,M-R relationship,<a refstr=CALCULATED_VALUE href=/docs/pscp_calc.html target=_blank>Calculated Value</a>,0.0405,1.47,0.0,,,0.4,200.0,,5347.0,0.85,0.89,0.06,0.18406593406593408
Kepler-545 b,Kepler-545,1,1,Transit,2016,13.24934059,0.11248,88.07,2.104e-05,-2.104e-05,<a refstr=MORTON_ET_AL__2016 href=https://ui.adsabs.harvard.edu/abs/2016ApJ...822...86M/abstract target=ref>Morton et al. 2016</a>,2.69,0.3,-0.21,0.23998573,7.7,,,M-R relationship,<a refstr=CALCULATED_VALUE href=/docs/pscp_calc.html target=_blank>Calculated Value</a>,0.0242,2.17,0.0,,,101.143,806.0,,5882.0,1.07,1.04,0.03,0.11152416356877323
Kepler-636 b,Kepler-636,2,1,Transit,2016,16.080661147,0.1185,89.93,5.603e-06,-5.603e-06,<a refstr=MORTON_ET_AL__2016 href=https://ui.adsabs.harvard.edu/abs/2016ApJ...822...86M/abstract target=ref>Morton et al. 2016</a>,4.45,0.14,-0.13,0.39700241,18.1,,,M-R relationship,<a refstr=CALCULATED_VALUE href=/docs/pscp_calc.html target=_blank>Calculated Value</a>,0.057,1.13,0.0,,,67.509,614.0,,5203.0,0.8,0.85,-0.02,0.03146067415730337
Kepler-1535 b,Kepler-1535,1,1,Transit,2016,138.9442,0.5329,89.89,0.001214,-0.001214,<a refstr=MORTON_ET_AL__2016 href=https://ui.adsabs.harvard.edu/abs/2016ApJ...822...86M/abstract target=ref>Morton et al. 2016</a>,2.55,0.25,-0.19,0.22749576,7.04,,,M-R relationship,<a refstr=CALCULATED_VALUE href=/docs/pscp_calc.html target=_blank>Calculated Value</a>,0.0221,2.33,0.0,,,5.384,384.0,,6021.0,1.11,1.08,0.0,0.09803921568627452
Kepler-600 b,Kepler-600,1,1,Transit,2016,23.67517607,0.1536,88.06,5.668e-05,-5.668e-05,<a refstr=MORTON_ET_AL__2016 href=https://ui.adsabs.harvard.edu/abs/2016ApJ...822...86M/abstract target=ref>Morton et al. 2016</a>,2.9,0.21,-0.39,0.25872067,8.75,,,M-R relationship,<a refstr=CALCULATED_VALUE href=/docs/pscp_calc.html target=_blank>Calculated Value</a>,0.0275,1.97,0.0,,,20.182,528.0,,5279.0,0.81,0.84,-0.09,0.13448275862068967
Kepler-717 b,Kepler-717,1,1,Transit,2016,4.40840023,0.052,74.9,1.493e-05,-1.493e-05,<a refstr=MORTON_ET_AL__2016 href=https://ui.adsabs.harvard.edu/abs/2016ApJ...822...86M/abstract target=ref>Morton et al. 2016</a>,2.42,0.25,-0.35,0.21589794,6.44,,,M-R relationship,<a refstr=CALCULATED_VALUE href=/docs/pscp_calc.html target=_blank>Calculated Value</a>,0.0203,2.5,0.0,,,398.0,1139.0,,5485.0,0.85,0.88,-0.12,0.1446280991735537
Kepler-1485 b,Kepler-1485,1,1,Transit,2016,19.9157725,0.14732,87.45,0.0001284,-0.0001284,<a refstr=MORTON_ET_AL__2016 href=https://ui.adsabs.harvard.edu/abs/2016ApJ...822...86M/abstract target=ref>Morton et al. 2016</a>,1.47,0.24,-0.14,0.13114462,2.76,,,M-R relationship,<a refstr=CALCULATED_VALUE href=/docs/pscp_calc.html target=_blank>Calculated Value</a>,0.00869,4.77,0.0,,,85.176,728.0,,6087.0,1.12,1.11,0.02,0.16326530612244897
Kepler-1484 b,Kepler-1484,1,1,Transit,2016,30.4549136,0.1939,86.35,0.0003536,-0.0003536,<a refstr=MORTON_ET_AL__2016 href=https://ui.adsabs.harvard.edu/abs/2016ApJ...822...86M/abstract target=ref>Morton et al. 2016</a>,2.11,0.3,-0.22,0.18824159,5.1,,,M-R relationship,<a refstr=CALCULATED_VALUE href=/docs/pscp_calc.html target=_blank>Calculated Value</a>,0.016,2.98,0.0,,,35.92,624.0,,5730.0,0.92,0.94,-0.17,0.14218009478672985
Kepler-582 b,Kepler-582,1,1,Transit,2016,18.49235668,0.1254,89.95,2.487e-05,-2.487e-05,<a refstr=MORTON_ET_AL__2016 href=https://ui.adsabs.harvard.edu/abs/2016ApJ...822...86M/abstract target=ref>Morton et al. 2016</a>,3.68,0.55,-0.34,0.32830761,13.1,,,M-R relationship,<a refstr=CALCULATED_VALUE href=/docs/pscp_calc.html target=_blank>Calculated Value</a>,0.0413,1.44,0.0,,,25.056,603.0,,5564.0,0.91,0.93,0.01,0.14945652173913043
Kepler-1409 b,Kepler-1409,1,1,Transit,2016,0.764864926,0.01553,87.31,2.405e-06,-2.405e-06,<a refstr=MORTON_ET_AL__2016 href=https://ui.adsabs.harvard.edu/abs/2016ApJ...822...86M/abstract target=ref>Morton et al. 2016</a>,1.04,0.08,-0.07,0.09278259,1.12,,,M-R relationship,<a refstr=CALCULATED_VALUE href=/docs/pscp_calc.html target=_blank>Calculated Value</a>,0.00352,5.47,0.0,,,1552.133,1733.0,,5160.0,0.79,0.83,-0.03,0.07692307692307693
Kepler-585 b,Kepler-585,1,1,Transit,2016,2.752359753,0.03841,87.36,1.424e-06,-1.424e-06,<a refstr=MORTON_ET_AL__2016 href=https://ui.adsabs.harvard.edu/abs/2016ApJ...822...86M/abstract target=ref>Morton et al. 2016</a>,2.83,0.55,-0.27,0.25247569,8.4,,,M-R relationship,<a refstr=CALCULATED_VALUE href=/docs/pscp_calc.html target=_blank>Calculated Value</a>,0.0264,2.04,0.0,,,489.149,1178.0,,5593.0,0.93,0.96,0.03,0.1943462897526502
Kepler-697 b,Kepler-697,1,1,Transit,2016,3.709870645,0.0471,89.86,3.048e-06,-3.048e-06,<a refstr=MORTON_ET_AL__2016 href=https://ui.adsabs.harvard.edu/abs/2016ApJ...822...86M/abstract target=ref>Morton et al. 2016</a>,4.13,0.55,-0.31,0.36845392,16.0,,,M-R relationship,<a refstr=CALCULATED_VALUE href=/docs/pscp_calc.html target=_blank>Calculated Value</a>,0.0502,1.25,0.0,,,472.236,1151.0,,5513.0,0.88,0.92,-0.01,0.13317191283292978
Kepler-1492 b,Kepler-1492,1,1,Transit,2016,16.75255007,0.1262,88.39,6.46e-05,-6.46e-05,<a refstr=MORTON_ET_AL__2016 href=https://ui.adsabs.harvard.edu/abs/2016ApJ...822...86M/abstract target=ref>Morton et al. 2016</a>,1.49,0.28,-0.16,0.1329289,2.83,,,M-R relationship,<a refstr=CALCULATED_VALUE href=/docs/pscp_calc.html target=_blank>Calculated Value</a>,0.00889,4.7,0.0,,,11.523,801.0,,4712.0,0.72,0.77,0.06,0.18791946308724833
Kepler-698 b,Kepler-698,1,1,Transit,2016,16.32976218,0.1255,86.59,3.512e-05,-3.512e-05,<a refstr=MORTON_ET_AL__2016 href=https://ui.adsabs.harvard.edu/abs/2016ApJ...822...86M/abstract target=ref>Morton et al. 2016</a>,3.68,0.45,-0.45,0.32830761,13.1,,,M-R relationship,<a refstr=CALCULATED_VALUE href=/docs/pscp_calc.html target=_blank>Calculated Value</a>,0.0413,1.44,0.0,,,172.557,727.0,,5612.0,0.91,0.94,-0.03,0.12228260869565218
Kepler-1454 b,Kepler-1454,1,1,Transit,2016,47.0319479,0.2447,89.85,0.0006695,-0.0006695,<a refstr=MORTON_ET_AL__2016 href=https://ui.adsabs.harvard.edu/abs/2016ApJ...822...86M/abstract target=ref>Morton et al. 2016</a>,1.88,0.19,-0.17,0.16772237,4.19,,,M-R relationship,<a refstr=CALCULATED_VALUE href=/docs/pscp_calc.html target=_blank>Calculated Value</a>,0.0132,3.47,0.0,,,9.08,492.0,,5448.0,0.86,0.9,-0.02,0.10106382978723405
Kepler-720 b,Kepler-720,1,1,Transit,2016,4.708326542,0.0539,89.71,7.34e-07,-7.34e-07,<a refstr=MORTON_ET_AL__2016 href=https://ui.adsabs.harvard.edu/abs/2016ApJ...822...86M/abstract target=ref>Morton et al. 2016</a>,8.41,1.61,-0.8,0.75028995,53.4,,,M-R relationship,<a refstr=CALCULATED_VALUE href=/docs/pscp_calc.html target=_blank>Calculated Value</a>,0.168,0.493,0.0,,,384.561,1162.0,,5618.0,0.92,0.95,0.0,0.19143876337693222
Kepler-547 b,Kepler-547,1,1,Transit,2016,6.010384289,0.058,88.75,1.568e-06,-1.568e-06,<a refstr=MORTON_ET_AL__2016 href=https://ui.adsabs.harvard.edu/abs/2016ApJ...822...86M/abstract target=ref>Morton et al. 2016</a>,4.0,0.13,-0.31,0.3568561,15.1,,,M-R relationship,<a refstr=CALCULATED_VALUE href=/docs/pscp_calc.html target=_blank>Calculated Value</a>,0.0475,1.3,0.0,,,87.713,768.0,,4828.0,0.73,0.78,0.01,0.0775
Kepler-1494 b,Kepler-1494,1,1,Transit,2016,91.080482,0.3982,88.47,0.001769,-0.001769,<a refstr=MORTON_ET_AL__2016 href=https://ui.adsabs.harvard.edu/abs/2016ApJ...822...86M/abstract target=ref>Morton et al. 2016</a>,3.07,0.46,-0.57,0.27388706,9.64,,,M-R relationship,<a refstr=CALCULATED_VALUE href=/docs/pscp_calc.html target=_blank>Calculated Value</a>,0.0303,1.83,0.0,,,9.113,415.0,,5659.0,0.94,0.96,0.01,0.18566775244299674
Kepler-1520 b,Kepler-1520,1,1,Transit,2016,0.653553572,0.0129,50.98,1.61e-07,-1.61e-07,<a refstr=MORTON_ET_AL__2016 href=https://ui.adsabs.harvard.edu/abs/2016ApJ...822...86M/abstract target=ref>Morton et al. 2016</a>,5.77,0.22,-0.3,0.51476492,28.1,,,M-R relationship,<a refstr=CALCULATED_VALUE href=/docs/pscp_calc.html target=_blank>Calculated Value</a>,0.0885,0.804,0.0,,,1134.386,1437.0,,4677.0,0.71,0.76,0.04,0.05199306759098787
Kepler-707 b,Kepler-707,1,1,Transit,2016,2.237492751,0.0325,89.23,4.68e-06,-4.68e-06,<a refstr=MORTON_ET_AL__2016 href=https://ui.adsabs.harvard.edu/abs/2016ApJ...822...86M/abstract target=ref>Morton et al. 2016</a>,1.33,0.09,-0.1,0.11865465,2.33,,,M-R relationship,<a refstr=CALCULATED_VALUE href=/docs/pscp_calc.html target=_blank>Calculated Value</a>,0.00733,5.44,0.0,,,336.673,1160.0,,5099.0,0.76,0.8,-0.12,0.07518796992481203
Kepler-721 b,Kepler-721,1,1,Transit,2016,5.392025388,0.0583,88.67,6.768e-06,-6.768e-06,<a refstr=MORTON_ET_AL__2016 href=https://ui.adsabs.harvard.edu/abs/2016ApJ...822...86M/abstract target=ref>Morton et al. 2016</a>,2.64,0.14,-0.14,0.23552502,7.46,,,M-R relationship,<a refstr=CALCULATED_VALUE href=/docs/pscp_calc.html target=_blank>Calculated Value</a>,0.0235,2.23,0.0,,,138.751,850.0,,5075.0,0.78,0.82,-0.01,0.05303030303030303
HATS-30 b,HATS-30,2,1,Transit,2016,3.1743516,0.04354,86.84,2.6e-06,-2.6e-06,<a refstr=ESPINOZA_ET_AL__2016 href=https://ui.adsabs.harvard.edu/abs/2016AJ....152..108E/abstract target=ref>Espinoza et al. 2016</a>,13.170575,0.582868,-0.582868,1.175,224.38798,12.39537,-12.39537,Mass,<a refstr=ESPINOZA_ET_AL__2016 href=https://ui.adsabs.harvard.edu/abs/2016AJ....152..108E/abstract target=ref>Espinoza et al. 2016</a>,0.706,0.543,0.096,,,718.9097,1414.0,G,5943.0,1.061,1.093,0.06,0.04425531914893618
Kepler-615 b,Kepler-615,1,1,Transit,2016,10.35584657,0.085,89.64,1.854e-05,-1.854e-05,<a refstr=MORTON_ET_AL__2016 href=https://ui.adsabs.harvard.edu/abs/2016ApJ...822...86M/abstract target=ref>Morton et al. 2016</a>,1.74,0.09,-0.1,0.1552324,3.68,,,M-R relationship,<a refstr=CALCULATED_VALUE href=/docs/pscp_calc.html target=_blank>Calculated Value</a>,0.0116,3.84,0.0,,,19.18,620.0,,4655.0,0.69,0.73,-0.07,0.0574712643678161
Kepler-506 b,Kepler-506,1,1,Transit,2016,6.8834055,0.07437,89.82,3.149e-06,-3.149e-06,<a refstr=MORTON_ET_AL__2016 href=https://ui.adsabs.harvard.edu/abs/2016ApJ...822...86M/abstract target=ref>Morton et al. 2016</a>,2.73,0.06,-0.06,0.24355429,7.9,,,M-R relationship,<a refstr=CALCULATED_VALUE href=/docs/pscp_calc.html target=_blank>Calculated Value</a>,0.0249,2.13,0.0,,,330.547,1080.0,,6236.0,1.19,1.19,0.09,0.021978021978021976
Kepler-668 b,Kepler-668,1,1,Transit,2016,8.35390639,0.0768,89.95,1.695e-05,-1.695e-05,<a refstr=MORTON_ET_AL__2016 href=https://ui.adsabs.harvard.edu/abs/2016ApJ...822...86M/abstract target=ref>Morton et al. 2016</a>,2.7,0.23,-0.18,0.24087787,7.75,,,M-R relationship,<a refstr=CALCULATED_VALUE href=/docs/pscp_calc.html target=_blank>Calculated Value</a>,0.0244,2.16,0.0,,,77.619,790.0,,5352.0,0.82,0.87,-0.06,0.08518518518518518
HATS-15 b,HATS-15,1,1,Transit,2016,1.74748753,0.02712,87.13,9.4e-07,-9.4e-07,<a refstr=CICERI_ET_AL__2016 href=https://ui.adsabs.harvard.edu/abs/2016PASP..128g4401C/abstract target=ref>Ciceri et al. 2016</a>,12.385945,0.44836,-0.44836,1.105,689.6911,47.6745,-47.6745,Mass,<a refstr=CICERI_ET_AL__2016 href=https://ui.adsabs.harvard.edu/abs/2016PASP..128g4401C/abstract target=ref>Ciceri et al. 2016</a>,2.17,1.97,0.126,,,2201.3363,1505.0,G9 V,5311.0,0.922,0.871,0.0,0.03619909502262444
HATS-16 b,HATS-16,1,1,Transit,2016,2.686502,0.03744,83.53,1.1e-05,-1.1e-05,<a refstr=CICERI_ET_AL__2016 href=https://ui.adsabs.harvard.edu/abs/2016PASP..128g4401C/abstract target=ref>Ciceri et al. 2016</a>,14.5717,1.68135,-1.68135,1.3,1039.3041,60.3877,-60.3877,Mass,<a refstr=CICERI_ET_AL__2016 href=https://ui.adsabs.harvard.edu/abs/2016PASP..128g4401C/abstract target=ref>Ciceri et al. 2016</a>,3.27,1.86,0.0,,,994.8095,1592.0,G3 V,5738.0,1.238,0.97,-0.1,0.11538461538461538
K2-89 b,K2-89,1,1,Transit,2016,1.096026,0.01462,85.77,6.5e-05,-6.5e-05,<a refstr=CROSSFIELD_ET_AL__2016 href=https://ui.adsabs.harvard.edu/abs/2016ApJS..226....7C/abstract target=ref>Crossfield et al. 2016</a>,0.615,0.08,-0.08,0.05486663,0.17,,,M-R relationship,<a refstr=CALCULATED_VALUE href=/docs/pscp_calc.html target=_blank>Calculated Value</a>,0.000535,4.02,0.15,0.197141,-0.119964,78.0,830.07,,3691.0,0.318,0.347,,0.13008130081300814
K2-91 b,K2-91,1,1,Transit,2016,1.419549,0.0164,88.62,7.1e-05,-7.1e-05,<a refstr=CROSSFIELD_ET_AL__2016 href=https://ui.adsabs.harvard.edu/abs/2016ApJS..226....7C/abstract target=ref>Crossfield et al. 2016</a>,1.1,0.18,-0.18,0.09813543,1.37,,,M-R relationship,<a refstr=CALCULATED_VALUE href=/docs/pscp_calc.html target=_blank>Calculated Value</a>,0.0043,5.66,0.09,0.168399,-0.072789,46.0,726.81,,3622.0,0.284,0.292,,0.1636363636363636
Kepler-737 b,Kepler-737,1,1,Transit,2016,28.59915399,0.1422,89.99,5.673e-05,-5.673e-05,<a refstr=MORTON_ET_AL__2016 href=https://ui.adsabs.harvard.edu/abs/2016ApJ...822...86M/abstract target=ref>Morton et al. 2016</a>,1.96,0.11,-0.11,0.17485949,4.5,,,M-R relationship,<a refstr=CALCULATED_VALUE href=/docs/pscp_calc.html target=_blank>Calculated Value</a>,0.0142,3.28,0.0,,,2.297,298.0,,3813.0,0.48,0.51,-0.24,0.05612244897959184
Kepler-671 b,Kepler-671,1,1,Transit,2016,4.280958588,0.0503,87.72,6.484e-06,-6.484e-06,<a refstr=MORTON_ET_AL__2016 href=https://ui.adsabs.harvard.edu/abs/2016ApJ...822...86M/abstract target=ref>Morton et al. 2016</a>,2.69,0.49,-0.2,0.23998573,7.7,,,M-R relationship,<a refstr=CALCULATED_VALUE href=/docs/pscp_calc.html target=_blank>Calculated Value</a>,0.0242,2.17,0.0,,,331.438,1012.0,,5624.0,0.95,0.97,0.08,0.1821561338289963
WASP-98 b,WASP-98,2,1,Transit,2014,2.96264036,0.03762,86.38,4.3e-07,-4.3e-07,<a refstr=MANCINI_ET_AL__2016 href=https://ui.adsabs.harvard.edu/abs/2016MNRAS.461.1053M/abstract target=ref>Mancini et al. 2016</a>,12.823096,0.381106,-0.381106,1.144,293.03926,25.4264,-25.4264,Mass,<a refstr=MANCINI_ET_AL__2016 href=https://ui.adsabs.harvard.edu/abs/2016MNRAS.461.1053M/abstract target=ref>Mancini et al. 2016</a>,0.922,0.764,0.0,,,269.8828,1171.0,G7,5473.0,0.741,0.809,-0.49,0.02972027972027972
Kepler-672 b,Kepler-672,1,1,Transit,2016,38.3774623,0.2163,89.44,0.0001555,-0.0001555,<a refstr=MORTON_ET_AL__2016 href=https://ui.adsabs.harvard.edu/abs/2016ApJ...822...86M/abstract target=ref>Morton et al. 2016</a>,2.5,0.32,-0.18,0.22303506,6.8,,,M-R relationship,<a refstr=CALCULATED_VALUE href=/docs/pscp_calc.html target=_blank>Calculated Value</a>,0.0214,2.39,0.0,,,16.36,529.0,,5627.0,0.92,0.95,-0.01,0.128
Kepler-571 b,Kepler-571,1,1,Transit,2016,4.798599388,0.0546,86.64,5.403e-06,-5.403e-06,<a refstr=MORTON_ET_AL__2016 href=https://ui.adsabs.harvard.edu/abs/2016ApJ...822...86M/abstract target=ref>Morton et al. 2016</a>,2.64,0.32,-0.17,0.23552502,7.46,,,M-R relationship,<a refstr=CALCULATED_VALUE href=/docs/pscp_calc.html target=_blank>Calculated Value</a>,0.0235,2.23,0.0,,,219.036,978.0,,5527.0,0.9,0.93,0.01,0.12121212121212122
Kepler-742 b,Kepler-742,1,1,Transit,2016,8.360868238,0.0744,88.69,6.306e-06,-6.306e-06,<a refstr=MORTON_ET_AL__2016 href=https://ui.adsabs.harvard.edu/abs/2016ApJ...822...86M/abstract target=ref>Morton et al. 2016</a>,3.24,0.11,-0.17,0.28905344,10.6,,,M-R relationship,<a refstr=CALCULATED_VALUE href=/docs/pscp_calc.html target=_blank>Calculated Value</a>,0.0332,1.71,0.0,,,38.101,690.0,,4642.0,0.71,0.76,0.07,0.05246913580246913
Kepler-673 b,Kepler-673,1,1,Transit,2016,3.728731093,0.0455,86.7,9.34e-07,-9.34e-07,<a refstr=MORTON_ET_AL__2016 href=https://ui.adsabs.harvard.edu/abs/2016ApJ...822...86M/abstract target=ref>Morton et al. 2016</a>,6.54,0.53,-0.48,0.58345972,34.8,,,M-R relationship,<a refstr=CALCULATED_VALUE href=/docs/pscp_calc.html target=_blank>Calculated Value</a>,0.11,0.684,0.0,,,253.456,1023.0,,5355.0,0.84,0.88,0.0,0.08103975535168197
Kepler-654 b,Kepler-654,1,1,Transit,2016,13.72465129,0.11664,85.87,5.006e-05,-5.006e-05,<a refstr=MORTON_ET_AL__2016 href=https://ui.adsabs.harvard.edu/abs/2016ApJ...822...86M/abstract target=ref>Morton et al. 2016</a>,2.07,0.37,-0.26,0.18467303,4.94,,,M-R relationship,<a refstr=CALCULATED_VALUE href=/docs/pscp_calc.html target=_blank>Calculated Value</a>,0.0155,3.06,0.0,,,229.311,831.0,,5865.0,1.11,1.04,0.04,0.17874396135265702
Kepler-676 b,Kepler-676,1,1,Transit,2016,11.59822172,0.0798,88.62,1.399e-05,-1.399e-05,<a refstr=MORTON_ET_AL__2016 href=https://ui.adsabs.harvard.edu/abs/2016ApJ...822...86M/abstract target=ref>Morton et al. 2016</a>,3.04,0.14,-0.34,0.27121063,9.48,,,M-R relationship,<a refstr=CALCULATED_VALUE href=/docs/pscp_calc.html target=_blank>Calculated Value</a>,0.0298,1.85,0.0,,,8.241,396.0,,3701.0,0.49,0.51,-0.02,0.1118421052631579
WASP-85 A b,WASP-85 A,2,1,Transit,2016,2.6556777,0.039,89.69,4.4e-07,-4.4e-07,<a refstr=MO__X10D_NIK_ET_AL__2016 href=https://ui.adsabs.harvard.edu/abs/2016AJ....151..150M/abstract target=ref>Mo&#x10D;nik et al. 2016</a>,13.89916,0.33627,-0.33627,1.24,402.05495,20.65895,-20.65895,Mass,<a refstr=MO__X10D_NIK_ET_AL__2016 href=https://ui.adsabs.harvard.edu/abs/2016AJ....151..150M/abstract target=ref>Mo&#x10D;nik et al. 2016</a>,1.265,0.88,0.0,,,640.3258,1452.0,G5 V,6112.0,0.935,1.09,0.118,0.024193548387096774
Kepler-655 b,Kepler-655,1,1,Transit,2016,46.4063358,0.25697,89.98,0.0001651,-0.0001651,<a refstr=MORTON_ET_AL__2016 href=https://ui.adsabs.harvard.edu/abs/2016ApJ...822...86M/abstract target=ref>Morton et al. 2016</a>,2.71,0.41,-0.27,0.24177001,7.8,,,M-R relationship,<a refstr=CALCULATED_VALUE href=/docs/pscp_calc.html target=_blank>Calculated Value</a>,0.0245,2.15,0.0,,,28.767,588.0,,6170.0,1.24,1.15,0.0,0.15129151291512916
Kepler-678 b,Kepler-678,1,1,Transit,2016,7.27503724,0.0732,85.29,4.275e-06,-4.275e-06,<a refstr=MORTON_ET_AL__2016 href=https://ui.adsabs.harvard.edu/abs/2016ApJ...822...86M/abstract target=ref>Morton et al. 2016</a>,5.14,0.66,-0.35,0.45856009,23.1,,,M-R relationship,<a refstr=CALCULATED_VALUE href=/docs/pscp_calc.html target=_blank>Calculated Value</a>,0.0728,0.935,0.0,,,113.64,833.0,,5520.0,0.91,0.94,0.07,0.1284046692607004
Kepler-572 b,Kepler-572,1,1,Transit,2016,17.20523483,0.1192,89.98,2.222e-05,-2.222e-05,<a refstr=MORTON_ET_AL__2016 href=https://ui.adsabs.harvard.edu/abs/2016ApJ...822...86M/abstract target=ref>Morton et al. 2016</a>,2.58,0.18,-0.17,0.23017218,7.18,,,M-R relationship,<a refstr=CALCULATED_VALUE href=/docs/pscp_calc.html target=_blank>Calculated Value</a>,0.0226,2.3,0.0,,,26.889,553.0,,5212.0,0.79,0.83,-0.1,0.06976744186046512
WASP-114 b,WASP-114,2,1,Transit,2016,1.5487743,0.02851,83.96,1.2e-06,-9.1e-07,<a refstr=BARROS_ET_AL__2016 href=https://ui.adsabs.harvard.edu/abs/2016A&A...593A.113B/abstract target=ref>Barros et al. 2016</a>,15.008851,0.717376,-0.717376,1.339,562.24127,20.34112,-20.34112,Mass,<a refstr=BARROS_ET_AL__2016 href=https://ui.adsabs.harvard.edu/abs/2016A&A...593A.113B/abstract target=ref>Barros et al. 2016</a>,1.769,0.97,0.012,0.022,-0.009,2978.2048,2043.0,G0,5940.0,1.43,1.289,0.14,0.04779686333084392
WASP-113 b,WASP-113,1,1,Transit,2016,4.54216874538,0.05885,86.46,4.2e-06,-4.2e-06,<a refstr=BARROS_ET_AL__2016 href=https://ui.adsabs.harvard.edu/abs/2016A&A...593A.113B/abstract target=ref>Barros et al. 2016</a>,15.793481,1.076064,-1.56926,1.409,150.96925,17.16282,-16.52716,Mass,<a refstr=BARROS_ET_AL__2016 href=https://ui.adsabs.harvard.edu/abs/2016A&A...593A.113B/abstract target=ref>Barros et al. 2016</a>,0.475,0.228,0.0,,,821.405,1496.0,G1,5890.0,1.608,1.318,0.1,0.099361249112846
Kepler-679 b,Kepler-679,1,1,Transit,2016,12.39358604,0.0983,86.13,3.829e-05,-3.829e-05,<a refstr=MORTON_ET_AL__2016 href=https://ui.adsabs.harvard.edu/abs/2016ApJ...822...86M/abstract target=ref>Morton et al. 2016</a>,3.01,0.32,-0.39,0.26853421,9.32,,,M-R relationship,<a refstr=CALCULATED_VALUE href=/docs/pscp_calc.html target=_blank>Calculated Value</a>,0.0293,1.88,0.0,,,56.002,677.0,,5403.0,0.84,0.87,-0.09,0.12956810631229237
K2-47 b,K2-47,1,1,Transit,2016,31.6372,0.1779,,0.0088,-0.0088,<a refstr=CROSSFIELD_ET_AL__2016 href=https://ui.adsabs.harvard.edu/abs/2016ApJS..226....7C/abstract target=ref>Crossfield et al. 2016</a>,1.89,0.26,-0.26,0.16861451,4.23,,,M-R relationship,<a refstr=CALCULATED_VALUE href=/docs/pscp_calc.html target=_blank>Calculated Value</a>,0.0133,3.44,,,,10.7,503.72,,5054.0,0.76,0.75,-0.224,0.1375661375661376
K2-48 b,K2-48,1,1,Transit,2016,20.5065,0.1344,,0.0035,-0.0035,<a refstr=CROSSFIELD_ET_AL__2016 href=https://ui.adsabs.harvard.edu/abs/2016ApJS..226....7C/abstract target=ref>Crossfield et al. 2016</a>,2.24,0.24,-0.24,0.19983941,5.65,,,M-R relationship,<a refstr=CALCULATED_VALUE href=/docs/pscp_calc.html target=_blank>Calculated Value</a>,0.0178,2.76,,,,15.3,550.56,,4899.0,0.73,0.77,-0.19,0.10714285714285712
Kepler-617 b,Kepler-617,1,1,Transit,2016,1.682696148,0.0219,89.85,1.112e-06,-1.112e-06,<a refstr=MORTON_ET_AL__2016 href=https://ui.adsabs.harvard.edu/abs/2016ApJ...822...86M/abstract target=ref>Morton et al. 2016</a>,1.32,0.07,-0.07,0.11776251,2.3,,,M-R relationship,<a refstr=CALCULATED_VALUE href=/docs/pscp_calc.html target=_blank>Calculated Value</a>,0.00724,5.5,0.0,,,100.295,750.0,M1 V,3712.0,0.48,0.51,-0.07,0.05303030303030303
Kepler-588 b,Kepler-588,1,1,Transit,2016,4.221625357,0.052,82.12,4.748e-06,-4.748e-06,<a refstr=MORTON_ET_AL__2016 href=https://ui.adsabs.harvard.edu/abs/2016ApJ...822...86M/abstract target=ref>Morton et al. 2016</a>,2.63,0.5,-0.22,0.23463288,7.41,,,M-R relationship,<a refstr=CALCULATED_VALUE href=/docs/pscp_calc.html target=_blank>Calculated Value</a>,0.0233,2.24,0.0,,,718.075,1176.0,,5835.0,1.0,1.01,0.0,0.19011406844106465
Kepler-573 b,Kepler-573,1,1,Transit,2016,22.18329658,0.14527,89.96,4.593e-05,-4.593e-05,<a refstr=MORTON_ET_AL__2016 href=https://ui.adsabs.harvard.edu/abs/2016ApJ...822...86M/abstract target=ref>Morton et al. 2016</a>,2.79,0.36,-0.23,0.24890713,8.2,,,M-R relationship,<a refstr=CALCULATED_VALUE href=/docs/pscp_calc.html target=_blank>Calculated Value</a>,0.0258,2.07,0.0,,,46.44,646.0,,5746.0,1.02,0.99,0.02,0.12903225806451613
Kepler-681 b,Kepler-681,1,1,Transit,2016,26.39435646,0.1635,89.28,6.078e-05,-6.078e-05,<a refstr=MORTON_ET_AL__2016 href=https://ui.adsabs.harvard.edu/abs/2016ApJ...822...86M/abstract target=ref>Morton et al. 2016</a>,3.08,0.16,-0.16,0.2747792,9.69,,,M-R relationship,<a refstr=CALCULATED_VALUE href=/docs/pscp_calc.html target=_blank>Calculated Value</a>,0.0305,1.82,0.0,,,14.151,489.0,,5021.0,0.76,0.8,-0.04,0.051948051948051945
Kepler-727 b,Kepler-727,1,1,Transit,2016,5.154484417,0.0546,80.1,8.583e-06,-8.583e-06,<a refstr=MORTON_ET_AL__2016 href=https://ui.adsabs.harvard.edu/abs/2016ApJ...822...86M/abstract target=ref>Morton et al. 2016</a>,2.53,0.35,-0.31,0.22571148,6.94,,,M-R relationship,<a refstr=CALCULATED_VALUE href=/docs/pscp_calc.html target=_blank>Calculated Value</a>,0.0218,2.35,0.0,,,176.685,964.0,,5441.0,0.86,0.89,-0.01,0.1383399209486166
Kepler-660 b,Kepler-660,1,1,Transit,2016,9.27358194,0.0759,88.93,1.178e-05,-1.178e-05,<a refstr=MORTON_ET_AL__2016 href=https://ui.adsabs.harvard.edu/abs/2016ApJ...822...86M/abstract target=ref>Morton et al. 2016</a>,2.57,0.11,-0.17,0.22928004,7.13,,,M-R relationship,<a refstr=CALCULATED_VALUE href=/docs/pscp_calc.html target=_blank>Calculated Value</a>,0.0224,2.31,0.0,,,44.09,649.0,,4779.0,0.71,0.75,-0.07,0.066147859922179
Kepler-560 b,Kepler-560,2,1,Transit,2016,18.47764449,0.0899,89.606,1.517e-05,-1.517e-05,<a refstr=MORTON_ET_AL__2016 href=https://ui.adsabs.harvard.edu/abs/2016ApJ...822...86M/abstract target=ref>Morton et al. 2016</a>,1.72,0.09,-0.09,0.15344812,3.61,,,M-R relationship,<a refstr=CALCULATED_VALUE href=/docs/pscp_calc.html target=_blank>Calculated Value</a>,0.0113,3.9,0.17,0.07,-0.04,2.46,298.0,,3556.0,0.33,0.34,-0.39,0.05232558139534883
Kepler-550 b,Kepler-550,1,1,Transit,2016,8.600104109,0.0747,89.84,4.25e-06,-4.25e-06,<a refstr=MORTON_ET_AL__2016 href=https://ui.adsabs.harvard.edu/abs/2016ApJ...822...86M/abstract target=ref>Morton et al. 2016</a>,4.42,0.34,-0.27,0.39432599,17.9,,,M-R relationship,<a refstr=CALCULATED_VALUE href=/docs/pscp_calc.html target=_blank>Calculated Value</a>,0.0563,1.14,0.0,,,77.258,760.0,,5322.0,0.83,0.87,-0.02,0.07692307692307693
Kepler-496 b,Kepler-496,1,1,Transit,2016,8.30864937,0.0747,88.99,1.09e-05,-1.09e-05,<a refstr=MORTON_ET_AL__2016 href=https://ui.adsabs.harvard.edu/abs/2016ApJ...822...86M/abstract target=ref>Morton et al. 2016</a>,2.32,0.19,-0.14,0.20697654,5.99,,,M-R relationship,<a refstr=CALCULATED_VALUE href=/docs/pscp_calc.html target=_blank>Calculated Value</a>,0.0189,2.64,0.0,,,62.926,747.0,,5293.0,0.82,0.86,-0.03,0.08189655172413794
KELT-10 b,KELT-10,1,1,Transit,2016,4.1662739,0.0525,88.61,6.3e-06,-6.3e-06,<a refstr=KUHN_ET_AL__2016 href=https://ui.adsabs.harvard.edu/abs/2016MNRAS.459.4281K/abstract target=ref>Kuhn et al. 2016</a>,15.681391,0.773421,-0.549241,1.399,215.80657,12.39537,-12.07754,Mass,<a refstr=KUHN_ET_AL__2016 href=https://ui.adsabs.harvard.edu/abs/2016MNRAS.459.4281K/abstract target=ref>Kuhn et al. 2016</a>,0.679,0.308,,,,600.0,1377.0,G0 V,5948.0,1.209,1.112,0.09,0.04932094353109364
Kepler-650 b,Kepler-650,1,1,Transit,2016,3.032145588,0.0421,76.77,3.306e-06,-3.306e-06,<a refstr=MORTON_ET_AL__2016 href=https://ui.adsabs.harvard.edu/abs/2016ApJ...822...86M/abstract target=ref>Morton et al. 2016</a>,2.96,0.51,-0.45,0.26407351,9.06,,,M-R relationship,<a refstr=CALCULATED_VALUE href=/docs/pscp_calc.html target=_blank>Calculated Value</a>,0.0285,1.92,0.0,,,1218.88,1507.0,,5849.0,1.35,1.08,0.13,0.1722972972972973
Kepler-728 b,Kepler-728,1,1,Transit,2016,5.743477265,0.0625,90.0,7.173e-06,-7.173e-06,<a refstr=MORTON_ET_AL__2016 href=https://ui.adsabs.harvard.edu/abs/2016ApJ...822...86M/abstract target=ref>Morton et al. 2016</a>,3.34,0.45,-0.26,0.29797484,11.1,,,M-R relationship,<a refstr=CALCULATED_VALUE href=/docs/pscp_calc.html target=_blank>Calculated Value</a>,0.035,1.64,0.0,,,484.51,982.0,,5660.0,0.93,0.95,-0.03,0.1347305389221557
Kepler-663 b,Kepler-663,1,1,Transit,2016,4.99678284,0.0559,86.9,1.448e-05,-1.448e-05,<a refstr=MORTON_ET_AL__2016 href=https://ui.adsabs.harvard.edu/abs/2016ApJ...822...86M/abstract target=ref>Morton et al. 2016</a>,2.6,0.2,-0.16,0.23195646,7.27,,,M-R relationship,<a refstr=CALCULATED_VALUE href=/docs/pscp_calc.html target=_blank>Calculated Value</a>,0.0229,2.27,0.0,,,167.979,917.0,,5264.0,0.82,0.86,0.03,0.07692307692307693
Kepler-1629 b,Kepler-1629,1,1,Transit,2016,3.87595807,0.0485,89.89,2.379e-05,-2.379e-05,<a refstr=MORTON_ET_AL__2016 href=https://ui.adsabs.harvard.edu/abs/2016ApJ...822...86M/abstract target=ref>Morton et al. 2016</a>,0.77,0.15,-0.08,0.0686948,0.381,,,M-R relationship,<a refstr=CALCULATED_VALUE href=/docs/pscp_calc.html target=_blank>Calculated Value</a>,0.0012,4.59,0.0,,,315.457,1081.0,,5776.0,1.01,1.01,0.05,0.1948051948051948
K2-64 b,K2-64,1,1,Transit,2016,6.53044,0.0619,,0.00067,-0.00067,<a refstr=CROSSFIELD_ET_AL__2016 href=https://ui.adsabs.harvard.edu/abs/2016ApJS..226....7C/abstract target=ref>Crossfield et al. 2016</a>,2.07,0.26,-0.26,0.18467303,4.94,,,M-R relationship,<a refstr=CALCULATED_VALUE href=/docs/pscp_calc.html target=_blank>Calculated Value</a>,0.0155,3.06,,,,98.0,877.23,,5312.0,0.726,0.741,,0.12560386473429952
Kepler-729 b,Kepler-729,1,1,Transit,2016,3.166353714,0.0432,89.76,2.42e-06,-2.42e-06,<a refstr=MORTON_ET_AL__2016 href=https://ui.adsabs.harvard.edu/abs/2016ApJ...822...86M/abstract target=ref>Morton et al. 2016</a>,3.58,0.42,-0.25,0.31938621,12.5,,,M-R relationship,<a refstr=CALCULATED_VALUE href=/docs/pscp_calc.html target=_blank>Calculated Value</a>,0.0394,1.5,0.0,,,1089.549,1273.0,,5633.0,0.91,0.94,-0.05,0.11731843575418993
WASP-129 b,WASP-129,2,1,Transit,2016,5.748145,0.0628,87.7,4e-06,-4e-06,<a refstr=MAXTED_ET_AL__2016 href=https://ui.adsabs.harvard.edu/abs/2016A&A...591A..55M/abstract target=ref>Maxted et al. 2016</a>,10.42437,0.33627,-0.33627,0.93,317.83,31.783,-31.783,Mass,<a refstr=MAXTED_ET_AL__2016 href=https://ui.adsabs.harvard.edu/abs/2016A&A...591A..55M/abstract target=ref>Maxted et al. 2016</a>,1.0,1.6,0.096,,,345.7201,1100.0,G1,5900.0,0.9,1.0,0.15,0.03225806451612903
WASP-133 b,WASP-133,1,1,Transit,2016,2.176423,0.0345,87.0,1e-06,-1e-06,<a refstr=MAXTED_ET_AL__2016 href=https://ui.adsabs.harvard.edu/abs/2016A&A...591A..55M/abstract target=ref>Maxted et al. 2016</a>,13.56289,0.56045,-0.56045,1.21,368.6828,28.6047,-28.6047,Mass,<a refstr=MAXTED_ET_AL__2016 href=https://ui.adsabs.harvard.edu/abs/2016A&A...591A..55M/abstract target=ref>Maxted et al. 2016</a>,1.16,0.88,0.17,,,2054.7956,1790.0,G4,5700.0,1.44,1.16,0.29,0.04132231404958678
K2-69 b,K2-69,1,1,Transit,2016,7.06599,0.0591,,0.0005,-0.0005,<a refstr=CROSSFIELD_ET_AL__2016 href=https://ui.adsabs.harvard.edu/abs/2016ApJS..226....7C/abstract target=ref>Crossfield et al. 2016</a>,2.32,0.36,-0.36,0.20697654,5.99,,,M-R relationship,<a refstr=CALCULATED_VALUE href=/docs/pscp_calc.html target=_blank>Calculated Value</a>,0.0189,2.64,,,,17.9,573.61,,4127.0,0.491,0.551,,0.15517241379310345
K2-68 b,K2-68,1,1,Transit,2016,8.05428,0.0708,88.71527,0.00082,-0.00082,<a refstr=CROSSFIELD_ET_AL__2016 href=https://ui.adsabs.harvard.edu/abs/2016ApJS..226....7C/abstract target=ref>Crossfield et al. 2016</a>,1.58,0.23,-0.23,0.14095816,3.12,,,M-R relationship,<a refstr=CALCULATED_VALUE href=/docs/pscp_calc.html target=_blank>Calculated Value</a>,0.00982,4.35,,,,41.0,706.64,,4746.0,0.675,0.73,-0.21,0.14556962025316456
K2-71 b,K2-71,1,1,Transit,2016,6.98541,0.0559,,0.00075,-0.00075,<a refstr=CROSSFIELD_ET_AL__2016 href=https://ui.adsabs.harvard.edu/abs/2016ApJS..226....7C/abstract target=ref>Crossfield et al. 2016</a>,2.15,0.33,-0.33,0.19181015,5.27,,,M-R relationship,<a refstr=CALCULATED_VALUE href=/docs/pscp_calc.html target=_blank>Calculated Value</a>,0.0166,2.91,,,,13.4,533.27,,4006.0,0.426,0.477,,0.15348837209302327
Kepler-591 b,Kepler-591,1,1,Transit,2016,81.1694299,0.3554,88.79,0.0003199,-0.0003199,<a refstr=MORTON_ET_AL__2016 href=https://ui.adsabs.harvard.edu/abs/2016ApJ...822...86M/abstract target=ref>Morton et al. 2016</a>,3.39,0.55,-0.25,0.30243554,11.4,,,M-R relationship,<a refstr=CALCULATED_VALUE href=/docs/pscp_calc.html target=_blank>Calculated Value</a>,0.0359,1.61,0.0,,,5.615,436.0,,5677.0,0.94,0.97,0.01,0.16224188790560473
HATS-25 b,HATS-25,1,1,Transit,2016,4.2986432,0.05163,86.93,4.5e-06,-4.5e-06,<a refstr=ESPINOZA_ET_AL__2016 href=https://ui.adsabs.harvard.edu/abs/2016AJ....152..108E/abstract target=ref>Espinoza et al. 2016</a>,14.12334,1.1209,-1.1209,1.26,194.82979,13.34886,-13.34886,Mass,<a refstr=ESPINOZA_ET_AL__2016 href=https://ui.adsabs.harvard.edu/abs/2016AJ....152..108E/abstract target=ref>Espinoza et al. 2016</a>,0.613,0.38,0.176,,,454.8721,1277.0,G,5715.0,1.107,0.994,0.02,0.07936507936507936
HATS-26 b,HATS-26,1,1,Transit,2016,3.3023881,0.04735,86.2,7.6e-06,-7.6e-06,<a refstr=ESPINOZA_ET_AL__2016 href=https://ui.adsabs.harvard.edu/abs/2016AJ....152..108E/abstract target=ref>Espinoza et al. 2016</a>,19.61575,2.35389,-2.35389,1.75,206.5895,24.15508,-24.15508,Mass,<a refstr=ESPINOZA_ET_AL__2016 href=https://ui.adsabs.harvard.edu/abs/2016AJ....152..108E/abstract target=ref>Espinoza et al. 2016</a>,0.65,0.153,0.245,,,2236.5716,1918.0,F,6071.0,2.04,1.299,-0.02,0.12
Kepler-736 b,Kepler-736,1,1,Transit,2016,3.60147201,0.0428,89.9,5.435e-06,-5.435e-06,<a refstr=MORTON_ET_AL__2016 href=https://ui.adsabs.harvard.edu/abs/2016ApJ...822...86M/abstract target=ref>Morton et al. 2016</a>,2.93,0.17,-0.53,0.26139709,8.91,,,M-R relationship,<a refstr=CALCULATED_VALUE href=/docs/pscp_calc.html target=_blank>Calculated Value</a>,0.028,1.95,0.0,,,233.031,996.0,,5217.0,0.81,0.86,0.03,0.18088737201365188
Kepler-735 b,Kepler-735,1,1,Transit,2016,11.51516988,0.0965,89.59,1.516e-05,-1.516e-05,<a refstr=MORTON_ET_AL__2016 href=https://ui.adsabs.harvard.edu/abs/2016ApJ...822...86M/abstract target=ref>Morton et al. 2016</a>,2.95,0.16,-0.12,0.26318137,9.01,,,M-R relationship,<a refstr=CALCULATED_VALUE href=/docs/pscp_calc.html target=_blank>Calculated Value</a>,0.0283,1.93,0.0,,,32.679,657.0,,5107.0,0.8,0.85,0.07,0.05423728813559322
Kepler-569 b,Kepler-569,1,1,Transit,2016,34.18890521,0.19784,89.93,6.016e-05,-6.016e-05,<a refstr=MORTON_ET_AL__2016 href=https://ui.adsabs.harvard.edu/abs/2016ApJ...822...86M/abstract target=ref>Morton et al. 2016</a>,3.16,0.22,-0.17,0.28191632,10.1,,,M-R relationship,<a refstr=CALCULATED_VALUE href=/docs/pscp_calc.html target=_blank>Calculated Value</a>,0.0319,1.76,0.0,,,19.314,526.0,,5616.0,0.93,0.95,0.01,0.06962025316455696
HATS-27 b,HATS-27,1,1,Transit,2016,4.637038,0.0611,87.3,1.4e-05,-1.4e-05,<a refstr=ESPINOZA_ET_AL__2016 href=https://ui.adsabs.harvard.edu/abs/2016AJ....152..108E/abstract target=ref>Espinoza et al. 2016</a>,16.8135,2.2418,-1.23299,1.5,168.4499,41.3179,-41.3179,Mass,<a refstr=ESPINOZA_ET_AL__2016 href=https://ui.adsabs.harvard.edu/abs/2016AJ....152..108E/abstract target=ref>Espinoza et al. 2016</a>,0.53,0.18,0.581,,,1342.5733,1659.0,F,6438.0,1.74,1.415,0.09,0.13333333333333333
Kepler-562 b,Kepler-562,1,1,Transit,2016,18.009314436,0.1333,88.73,9.898e-06,-9.898e-06,<a refstr=MORTON_ET_AL__2016 href=https://ui.adsabs.harvard.edu/abs/2016ApJ...822...86M/abstract target=ref>Morton et al. 2016</a>,5.21,0.64,-0.4,0.46480507,23.7,,,M-R relationship,<a refstr=CALCULATED_VALUE href=/docs/pscp_calc.html target=_blank>Calculated Value</a>,0.0745,0.921,0.0,,,67.435,658.0,,5575.0,0.9,0.93,-0.04,0.12284069097888677
Kepler-651 b,Kepler-651,1,1,Transit,2016,21.38521506,0.14078,89.16,3.88e-05,-3.88e-05,<a refstr=MORTON_ET_AL__2016 href=https://ui.adsabs.harvard.edu/abs/2016ApJ...822...86M/abstract target=ref>Morton et al. 2016</a>,2.37,0.22,-0.14,0.21143724,6.21,,,M-R relationship,<a refstr=CALCULATED_VALUE href=/docs/pscp_calc.html target=_blank>Calculated Value</a>,0.0195,2.56,0.0,,,27.223,574.0,,5522.0,0.87,0.92,-0.04,0.09282700421940927
Kepler-570 b,Kepler-570,1,1,Transit,2016,4.301662003,0.0497,87.69,3.105e-06,-3.105e-06,<a refstr=MORTON_ET_AL__2016 href=https://ui.adsabs.harvard.edu/abs/2016ApJ...822...86M/abstract target=ref>Morton et al. 2016</a>,2.45,0.34,-0.15,0.21857436,6.57,,,M-R relationship,<a refstr=CALCULATED_VALUE href=/docs/pscp_calc.html target=_blank>Calculated Value</a>,0.0207,2.45,0.0,,,214.04,1009.0,,5496.0,0.9,0.93,0.06,0.13877551020408163
Kepler-1650 b,Kepler-1650,1,1,Transit,2017,1.53818001,0.0167,77.38,1.55e-06,-1.54e-06,<a refstr=MANN_ET_AL__2017 href=https://ui.adsabs.harvard.edu/abs/2017AJ....153..267M/abstract target=ref>Mann et al. 2017</a>,0.96,0.11,-0.1,0.08564546,0.84,,,M-R relationship,<a refstr=CALCULATED_VALUE href=/docs/pscp_calc.html target=_blank>Calculated Value</a>,0.00264,5.22,0.01,0.15,-0.01,54.562,602.0,,3410.0,0.334,0.326,-0.11,0.11458333333333334
K2-178 b,K2-178,1,1,Transit,2018,8.747818,,88.61078,0.000363,-0.000358,<a refstr=MAYO_ET_AL__2018 href=https://ui.adsabs.harvard.edu/abs/2018AJ....155..136M/abstract target=ref>Mayo et al. 2018</a>,3.55790985,0.20414388,-0.13806599,0.31741546,12.4,,,M-R relationship,<a refstr=CALCULATED_VALUE href=/docs/pscp_calc.html target=_blank>Calculated Value</a>,0.039,1.51,,,,117.826,840.29,,5525.0,0.887267,0.95109,0.09,0.05737747402453156
K2-60 b,K2-60,1,1,Transit,2016,3.00265,0.045,88.49,4e-05,-4e-05,<a refstr=EIGM_UUML_LLER_ET_AL__2017 href=https://ui.adsabs.harvard.edu/abs/2017AJ....153..130E/abstract target=ref>Eigm&uuml;ller et al. 2017</a>,7.655747,0.414733,-0.414733,0.683,135.39558,11.75971,-11.75971,Mass,<a refstr=EIGM_UUML_LLER_ET_AL__2017 href=https://ui.adsabs.harvard.edu/abs/2017AJ....153..130E/abstract target=ref>Eigm&uuml;ller et al. 2017</a>,0.426,1.7,0.0,,,1212.0,1400.0,G4 V,5500.0,1.12,0.97,0.01,0.05417276720351391
Kepler-1651 b,Kepler-1651,2,1,Transit,2017,9.87863917,0.0692,89.97,1.067e-05,-1.01e-05,<a refstr=MANN_ET_AL__2017 href=https://ui.adsabs.harvard.edu/abs/2017AJ....153..267M/abstract target=ref>Mann et al. 2017</a>,1.84,0.11,-0.11,0.1641538,4.04,,,M-R relationship,<a refstr=CALCULATED_VALUE href=/docs/pscp_calc.html target=_blank>Calculated Value</a>,0.0127,3.56,0.13,0.06,-0.03,5.65,393.0,,3713.0,0.503,0.522,-0.16,0.05978260869565217
K2-81 b,K2-81,1,1,Transit,2016,6.102325,0.059,89.29,0.00039,-0.000407,<a refstr=DRESSING_ET_AL__2017 href=https://ui.adsabs.harvard.edu/abs/2017AJ....154..207D/abstract target=ref>Dressing et al. 2017</a>,1.97,0.13,-0.11,0.17575163,4.54,,,M-R relationship,<a refstr=CALCULATED_VALUE href=/docs/pscp_calc.html target=_blank>Calculated Value</a>,0.0143,3.26,0.06,0.144406,-0.051854,62.9,739.23,,4674.13,0.634663,0.745273,,0.06598984771573604
WASP-81 b,WASP-81,1,1,Transit,2017,2.7164762,0.03908,88.69,2.3e-06,-2.3e-06,<a refstr=TRIAUD_ET_AL__2017 href=https://ui.adsabs.harvard.edu/abs/2017MNRAS.467.1714T/abstract target=ref>Triaud et al. 2017</a>,16.017661,0.571659,-0.515614,1.429,231.69807,11.44188,-11.12405,Mass,<a refstr=TRIAUD_ET_AL__2017 href=https://ui.adsabs.harvard.edu/abs/2017MNRAS.467.1714T/abstract target=ref>Triaud et al. 2017</a>,0.729,0.332,0.066,,,1034.0911,1623.0,,5870.0,1.283,1.08,-0.36,0.03568929321203639
HATS-22 b,HATS-22,1,1,Transit,2017,4.7228124,0.05025,87.96,5.2e-06,-5.2e-06,<a refstr=BENTO_ET_AL__2017 href=https://ui.adsabs.harvard.edu/abs/2017MNRAS.468..835B/abstract target=ref>Bento et al. 2017</a>,10.682177,0.538032,-0.325061,0.953,870.8542,34.9613,-34.9613,Mass,<a refstr=BENTO_ET_AL__2017 href=https://ui.adsabs.harvard.edu/abs/2017MNRAS.468..835B/abstract target=ref>Bento et al. 2017</a>,2.74,3.89,0.079,0.026,-0.026,111.299,858.0,K V,4803.0,0.689,0.759,0.0,0.05036726128016789
K2-206 b,K2-206,1,1,Transit,2018,18.294549,,89.11217,0.001728,-0.001599,<a refstr=MAYO_ET_AL__2018 href=https://ui.adsabs.harvard.edu/abs/2018AJ....155..136M/abstract target=ref>Mayo et al. 2018</a>,2.79522879,0.22325706,-0.15450847,0.24937361,8.22,,,M-R relationship,<a refstr=CALCULATED_VALUE href=/docs/pscp_calc.html target=_blank>Calculated Value</a>,0.0259,2.07,,,,,,,5043.0,0.758046,0.789481,-0.14,0.07987076435342526
K2-207 b,K2-207,1,1,Transit,2018,12.48749,,88.62001,0.001208,-0.001162,<a refstr=MAYO_ET_AL__2018 href=https://ui.adsabs.harvard.edu/abs/2018AJ....155..136M/abstract target=ref>Mayo et al. 2018</a>,2.60585269,0.36979751,-0.20931396,0.23247861,7.3,,,M-R relationship,<a refstr=CALCULATED_VALUE href=/docs/pscp_calc.html target=_blank>Calculated Value</a>,0.023,2.27,,,,,,,5522.0,0.928158,0.941851,0.11,0.1419103663914325
K2-132 b,K2-132,1,1,Transit,2017,9.1751,0.0916,77.46,0.0023,-0.0027,<a refstr=GRUNBLATT_ET_AL__2017 href=https://ui.adsabs.harvard.edu/abs/2017AJ....154..254G/abstract target=ref>Grunblatt et al. 2017</a>,14.5717,0.78463,-0.78463,1.3,155.7367,19.0698,-19.0698,Mass,<a refstr=GRUNBLATT_ET_AL__2017 href=https://ui.adsabs.harvard.edu/abs/2017AJ....154..254G/abstract target=ref>Grunblatt et al. 2017</a>,0.49,0.277,0.29,0.049,-0.049,293.374,1586.0,,4840.0,3.85,1.08,-0.01,0.05384615384615385
WASP-153 b,WASP-153,1,1,Transit,2017,3.332609,0.048,84.1,2e-06,-2e-06,<a refstr=DEMANGEON_ET_AL__2018 href=https://ui.adsabs.harvard.edu/abs/2018A&A...610A..63D/abstract target=ref>Demangeon et al. 2018</a>,17.37395,1.1209,-0.89672,1.55,123.9537,6.3566,-6.3566,Mass,<a refstr=DEMANGEON_ET_AL__2018 href=https://ui.adsabs.harvard.edu/abs/2018A&A...610A..63D/abstract target=ref>Demangeon et al. 2018</a>,0.39,0.15,0.009,,,1400.0,1700.0,G0,5914.0,1.73,1.336,0.34,0.06451612903225806
K2-213 b,K2-213,1,1,Transit,2018,8.13087,,87.86162,0.001771,-0.001799,<a refstr=MAYO_ET_AL__2018 href=https://ui.adsabs.harvard.edu/abs/2018AJ....155..136M/abstract target=ref>Mayo et al. 2018</a>,1.51398464,0.29814572,-0.20976135,0.13506866,2.9,,,M-R relationship,<a refstr=CALCULATED_VALUE href=/docs/pscp_calc.html target=_blank>Calculated Value</a>,0.00913,4.59,,,,,,,5794.0,1.20424,1.069596,0.25,0.19692783673155362
K2-215 b,K2-215,1,1,Transit,2018,8.269648,,88.98419,0.000467,-0.000456,<a refstr=MAYO_ET_AL__2018 href=https://ui.adsabs.harvard.edu/abs/2018AJ....155..136M/abstract target=ref>Mayo et al. 2018</a>,2.12381238,0.25911151,-0.15791736,0.18947385,5.16,,,M-R relationship,<a refstr=CALCULATED_VALUE href=/docs/pscp_calc.html target=_blank>Calculated Value</a>,0.0162,2.96,,,,,,,5704.0,0.974398,0.999987,0.11,0.12200301327935568
K2-217 b,K2-217,1,1,Transit,2018,14.074524,,88.04322,0.000994,-0.000938,<a refstr=MAYO_ET_AL__2018 href=https://ui.adsabs.harvard.edu/abs/2018AJ....155..136M/abstract target=ref>Mayo et al. 2018</a>,3.57854073,0.69817052,-0.48514712,0.31925602,12.5,,,M-R relationship,<a refstr=CALCULATED_VALUE href=/docs/pscp_calc.html target=_blank>Calculated Value</a>,0.0393,1.5,,,,,,,5967.0,1.333718,1.102661,0.04,0.1950992241465979
K2-218 b,K2-218,1,1,Transit,2018,8.679885,,88.45262,0.000417,-0.00043,<a refstr=MAYO_ET_AL__2018 href=https://ui.adsabs.harvard.edu/abs/2018AJ....155..136M/abstract target=ref>Mayo et al. 2018</a>,2.56948149,0.27525709,-0.15204146,0.22923378,7.13,,,M-R relationship,<a refstr=CALCULATED_VALUE href=/docs/pscp_calc.html target=_blank>Calculated Value</a>,0.0224,2.31,,,,,,,5757.0,1.008231,1.047488,0.25,0.10712553916860479
Kepler-1652 b,Kepler-1652,1,1,Transit,2017,38.09722,0.1654,89.9927,0.00021,-0.00021,<a refstr=TORRES_ET_AL__2017 href=https://ui.adsabs.harvard.edu/abs/2017AJ....154..264T/abstract target=ref>Torres et al. 2017</a>,1.6,0.18,-0.18,0.14274244,3.19,,,M-R relationship,<a refstr=CALCULATED_VALUE href=/docs/pscp_calc.html target=_blank>Calculated Value</a>,0.01,4.28,0.0,,,0.81,268.0,,3638.0,0.382,0.404,-0.3,0.11249999999999999
HATS-50 b,HATS-50,1,1,Transit,2017,3.8297015,0.05046,87.54,4.6e-06,-4.6e-06,<a refstr=HENNING_ET_AL__2018 href=https://ui.adsabs.harvard.edu/abs/2018AJ....155...79H/abstract target=ref>Henning et al. 2018</a>,12.66617,0.840675,-0.840675,1.13,123.9537,31.783,-31.783,Mass,<a refstr=HENNING_ET_AL__2018 href=https://ui.adsabs.harvard.edu/abs/2018AJ....155...79H/abstract target=ref>Henning et al. 2018</a>,0.39,0.33,0.516,,,625.3023,1275.39,,5990.0,1.117,1.168,,0.06637168141592921
WASP-91 b,WASP-91,1,1,Transit,2017,2.798581,0.037,86.8,3e-06,-3e-06,<a refstr=ANDERSON_ET_AL__2017 href=https://ui.adsabs.harvard.edu/abs/2017A&A...604A.110A/abstract target=ref>Anderson et al. 2017</a>,11.54527,0.44836,-0.44836,1.03,425.8922,25.4264,-25.4264,Mass,<a refstr=ANDERSON_ET_AL__2017 href=https://ui.adsabs.harvard.edu/abs/2017A&A...604A.110A/abstract target=ref>Anderson et al. 2017</a>,1.34,1.59,0.0,,,332.5562,1160.0,K3,4920.0,0.86,0.84,0.19,0.038834951456310676
WASP-105 b,WASP-105,1,1,Transit,2017,7.87288,0.075,89.7,1e-05,-1e-05,<a refstr=ANDERSON_ET_AL__2017 href=https://ui.adsabs.harvard.edu/abs/2017A&A...604A.110A/abstract target=ref>Anderson et al. 2017</a>,10.76064,0.33627,-0.33627,0.96,572.094,31.783,-31.783,Mass,<a refstr=ANDERSON_ET_AL__2017 href=https://ui.adsabs.harvard.edu/abs/2017A&A...604A.110A/abstract target=ref>Anderson et al. 2017</a>,1.8,2.65,0.0,,,166.5368,900.0,K2,5070.0,0.9,0.89,0.28,0.03125
K2-4 b,K2-4,1,1,Transit,2015,10.003417,0.078,89.54,0.001017,-0.000996,<a refstr=DRESSING_ET_AL__2017 href=https://ui.adsabs.harvard.edu/abs/2017AJ....154..207D/abstract target=ref>Dressing et al. 2017</a>,2.1,0.2,-0.19,0.18734945,5.06,,,M-R relationship,<a refstr=CALCULATED_VALUE href=/docs/pscp_calc.html target=_blank>Calculated Value</a>,0.0159,3.0,0.08,0.161192,-0.068641,15.6,563.0,,4014.73,0.569359,0.635026,-0.12,0.09523809523809523
WASP-141 b,WASP-141,1,1,Transit,2016,3.310651,0.0469,87.6,5e-06,-5e-06,<a refstr=HELLIER_ET_AL__2017 href=https://ui.adsabs.harvard.edu/abs/2017MNRAS.465.3693H/abstract target=ref>Hellier et al. 2017</a>,13.56289,0.89672,-0.89672,1.21,854.9627,47.6745,-47.6745,Mass,<a refstr=HELLIER_ET_AL__2017 href=https://ui.adsabs.harvard.edu/abs/2017MNRAS.465.3693H/abstract target=ref>Hellier et al. 2017</a>,2.69,1.98,0.0,,,1061.5542,1540.0,F9,5900.0,1.37,1.25,0.29,0.06611570247933884
K2-149 b,K2-149,1,1,Transit,2018,11.332,0.083,,0.0013,-0.0013,<a refstr=HIRANO_ET_AL__2018 href=https://ui.adsabs.harvard.edu/abs/2018AJ....155..127H/abstract target=ref>Hirano et al. 2018</a>,1.64,0.2,-0.18,0.146311,3.33,,,M-R relationship,<a refstr=CALCULATED_VALUE href=/docs/pscp_calc.html target=_blank>Calculated Value</a>,0.0105,4.15,,,,7.0,472.41,M1.0 V,3745.0,0.568,0.595,0.11,0.12195121951219513
KELT-21 b,KELT-21,1,1,Transit,2018,3.6127647,0.05224,86.46,3.3e-06,-3.3e-06,<a refstr=JOHNSON_ET_AL__2018 href=https://ui.adsabs.harvard.edu/abs/2018AJ....155..100J/abstract target=ref>Johnson et al. 2018</a>,17.777474,0.437151,-0.44836,1.586,1242.7153,,,Mass,<a refstr=JOHNSON_ET_AL__2018 href=https://ui.adsabs.harvard.edu/abs/2018AJ....155..100J/abstract target=ref>Johnson et al. 2018</a>,3.91,1.24,0.0,,,2950.0,2051.0,A8 V,7598.0,1.638,1.458,-0.405,0.025220680958385873
K2-125 b,K2-125,1,1,Transit,2017,21.750264,0.121,89.72,0.00199,-0.001957,<a refstr=DRESSING_ET_AL__2017 href=https://ui.adsabs.harvard.edu/abs/2017AJ....154..207D/abstract target=ref>Dressing et al. 2017</a>,2.18,0.19,-0.18,0.19448657,5.39,,,M-R relationship,<a refstr=CALCULATED_VALUE href=/docs/pscp_calc.html target=_blank>Calculated Value</a>,0.017,2.86,0.08,0.161049,-0.066906,2.0,321.22,,3654.47,0.402049,0.494727,,0.08715596330275228
HATS-31 b,HATS-31,1,1,Transit,2016,3.37796,0.0478,85.0,1.2e-05,-1.2e-05,<a refstr=DE_VAL_BORRO_ET_AL__2016 href=https://ui.adsabs.harvard.edu/abs/2016AJ....152..161D/abstract target=ref>de Val-Borro et al. 2016</a>,18.38276,2.46598,-2.46598,1.64,279.6904,38.1396,-38.1396,Mass,<a refstr=DE_VAL_BORRO_ET_AL__2016 href=https://ui.adsabs.harvard.edu/abs/2016AJ....152..161D/abstract target=ref>de Val-Borro et al. 2016</a>,0.88,0.243,0.233,,,1619.406,1823.0,,6050.0,1.87,1.275,0.0,0.13414634146341464
Qatar-3 b,Qatar-3,1,1,Transit,2017,2.5079204,0.03783,86.8,,,<a refstr=ALSUBAI_ET_AL__2017 href=https://ui.adsabs.harvard.edu/abs/2017AJ....153..200A/abstract target=ref>Alsubai et al. 2017</a>,12.285064,1.56926,-1.56926,1.096,1369.8473,149.3801,-149.3801,Mass,<a refstr=ALSUBAI_ET_AL__2017 href=https://ui.adsabs.harvard.edu/abs/2017AJ....153..200A/abstract target=ref>Alsubai et al. 2017</a>,4.31,4.0,0.0,,,1330.0,1681.0,G0 V,6007.0,1.272,1.145,-0.041,0.12773722627737227
K2-160 b,K2-160,1,1,Transit,2018,3.705871,,88.25363,7.4e-05,-7.6e-05,<a refstr=MAYO_ET_AL__2018 href=https://ui.adsabs.harvard.edu/abs/2018AJ....155..136M/abstract target=ref>Mayo et al. 2018</a>,3.17824034,0.21418014,-0.1454733,0.28354361,10.2,,,M-R relationship,<a refstr=CALCULATED_VALUE href=/docs/pscp_calc.html target=_blank>Calculated Value</a>,0.0322,1.75,,,,,,,5649.0,0.913754,0.982829,0.07,0.06738953543079124
K2-128 b,K2-128,1,1,Transit,2017,5.675819,0.056,87.4,0.000411,-0.000414,<a refstr=DRESSING_ET_AL__2017 href=https://ui.adsabs.harvard.edu/abs/2017AJ....154..207D/abstract target=ref>Dressing et al. 2017</a>,1.42,0.16,-0.13,0.12668391,2.6,,,M-R relationship,<a refstr=CALCULATED_VALUE href=/docs/pscp_calc.html target=_blank>Calculated Value</a>,0.00819,4.99,0.23,0.220222,-0.19371,68.8,803.1,,4469.51,0.777569,0.711248,-0.26,0.11267605633802817
KELT-18 b,KELT-18,2,1,Transit,2017,2.8717518,0.0455,88.86,2.8e-06,-2.8e-06,<a refstr=MCLEOD_ET_AL__2017 href=https://ui.adsabs.harvard.edu/abs/2017AJ....153..263M/abstract target=ref>McLeod et al. 2017</a>,17.59813,0.470778,-0.403524,1.57,375.0394,34.9613,-34.9613,Mass,<a refstr=MCLEOD_ET_AL__2017 href=https://ui.adsabs.harvard.edu/abs/2017AJ....153..263M/abstract target=ref>McLeod et al. 2017</a>,1.18,0.377,0.0,,,3152.0,2085.0,F4 V,6670.0,1.908,1.524,0.09,0.026751592356687896
K2-163 b,K2-163,1,1,Transit,2018,6.673117,,88.25311,0.000316,-0.000303,<a refstr=MAYO_ET_AL__2018 href=https://ui.adsabs.harvard.edu/abs/2018AJ....155..136M/abstract target=ref>Mayo et al. 2018</a>,2.46610713,0.25681072,-0.12408569,0.22001134,6.65,,,M-R relationship,<a refstr=CALCULATED_VALUE href=/docs/pscp_calc.html target=_blank>Calculated Value</a>,0.0209,2.44,,,,,,,4937.0,0.762201,0.826112,0.14,0.10413607619714395
HATS-35 b,HATS-35,1,1,Transit,2016,1.8209993,0.03199,86.9,1.6e-06,-1.6e-06,<a refstr=DE_VAL_BORRO_ET_AL__2016 href=https://ui.adsabs.harvard.edu/abs/2016AJ....152..161D/abstract target=ref>de Val-Borro et al. 2016</a>,16.409976,0.773421,-0.493196,1.464,388.38826,24.79074,-24.79074,Mass,<a refstr=DE_VAL_BORRO_ET_AL__2016 href=https://ui.adsabs.harvard.edu/abs/2016AJ....152..161D/abstract target=ref>de Val-Borro et al. 2016</a>,1.222,0.484,0.306,,,2440.7,2037.0,,6300.0,1.433,1.317,0.21,0.04713114754098361
K2-175 b,K2-175,1,1,Transit,2018,9.525988,,87.49426,0.001241,-0.00128,<a refstr=MAYO_ET_AL__2018 href=https://ui.adsabs.harvard.edu/abs/2018AJ....155..136M/abstract target=ref>Mayo et al. 2018</a>,2.03803688,0.35536293,-0.27066826,0.18182147,4.81,,,M-R relationship,<a refstr=CALCULATED_VALUE href=/docs/pscp_calc.html target=_blank>Calculated Value</a>,0.0151,3.12,,,,,,,5909.0,1.420038,1.094693,0.05,0.1743653088358244
K2-116 b,K2-116,1,1,Transit,2017,4.655411,0.048,89.09,0.000486,-0.000473,<a refstr=DRESSING_ET_AL__2017 href=https://ui.adsabs.harvard.edu/abs/2017AJ....154..207D/abstract target=ref>Dressing et al. 2017</a>,0.69,0.04,-0.04,0.06155768,0.257,,,M-R relationship,<a refstr=CALCULATED_VALUE href=/docs/pscp_calc.html target=_blank>Calculated Value</a>,0.000809,4.3,0.06,0.141966,-0.053272,78.6,783.03,,4348.35,0.6694,0.694512,0.01,0.05797101449275363
K2-102 b,K2-102,1,1,Transit,2016,9.915615,,89.0,0.001209,-0.001195,<a refstr=MANN_ET_AL__2017 href=https://ui.adsabs.harvard.edu/abs/2017AJ....153...64M/abstract target=ref>Mann et al. 2017</a>,1.3,0.1,-0.1,0.11597823,2.24,,,M-R relationship,<a refstr=CALCULATED_VALUE href=/docs/pscp_calc.html target=_blank>Calculated Value</a>,0.00705,5.6,0.1,0.16,-0.07,,,K5,4695.0,0.71,0.77,0.14,0.07692307692307693
XO-6 b,XO-6,1,1,Transit,2016,3.7650007,0.0815,86.0,8.1e-06,-8.1e-06,<a refstr=CROUZET_ET_AL__2017 href=https://ui.adsabs.harvard.edu/abs/2017AJ....153...94C/abstract target=ref>Crouzet et al. 2017</a>,23.20263,2.46598,-2.46598,2.07,1398.452,,,Mass,<a refstr=CROUZET_ET_AL__2017 href=https://ui.adsabs.harvard.edu/abs/2017AJ....153...94C/abstract target=ref>Crouzet et al. 2017</a>,4.4,0.62,0.0,,,580.386,1577.0,F5,6720.0,1.93,1.47,-0.07,0.10628019323671498
WASP-58 b,WASP-58,2,1,Transit,2012,5.01718,0.0562,87.4,1.1e-05,-1.1e-05,<a refstr=STASSUN_ET_AL__2017 href=https://ui.adsabs.harvard.edu/abs/2017AJ....153..136S/abstract target=ref>Stassun et al. 2017</a>,16.02887,1.56926,-1.56926,1.43,308.2951,88.9924,-88.9924,Mass,<a refstr=STASSUN_ET_AL__2017 href=https://ui.adsabs.harvard.edu/abs/2017AJ....153..136S/abstract target=ref>Stassun et al. 2017</a>,0.97,0.45,0.0,,,404.7112,1270.0,G2 V,5800.0,1.22,1.06,-0.45,0.0979020979020979
K2-231 b,K2-231,1,1,Transit,2018,13.841901,,88.6,0.001352,-0.001352,<a refstr=CURTIS_ET_AL__2018 href=https://ui.adsabs.harvard.edu/abs/2018AJ....155..173C/abstract target=ref>Curtis et al. 2018</a>,2.5,0.2,-0.2,0.22303506,6.8,,,M-R relationship,<a refstr=CALCULATED_VALUE href=/docs/pscp_calc.html target=_blank>Calculated Value</a>,0.0214,2.39,,,,,,,5695.0,0.95,1.01,0.14,0.08
HATS-39 b,HATS-39,1,1,Transit,2018,4.5776348,0.06007,84.98,7.3e-06,-7.3e-06,<a refstr=BENTO_ET_AL__2018 href=https://ui.adsabs.harvard.edu/abs/2018MNRAS.477.3406B/abstract target=ref>Bento et al. 2018</a>,17.59813,1.34508,-1.34508,1.57,200.2329,41.3179,-41.3179,Mass,<a refstr=BENTO_ET_AL__2018 href=https://ui.adsabs.harvard.edu/abs/2018MNRAS.477.3406B/abstract target=ref>Bento et al. 2018</a>,0.63,0.202,0.275,,,1547.1014,1645.0,,6572.0,1.621,1.379,0.0,0.07643312101910828
WASP-72 b,WASP-72,1,1,Transit,2012,2.21673,0.03711,86.8,2e-06,-2e-06,<a refstr=STASSUN_ET_AL__2017 href=https://ui.adsabs.harvard.edu/abs/2017AJ....153..136S/abstract target=ref>Stassun et al. 2017</a>,14.45961,2.01762,-2.01762,1.29,731.009,222.481,-222.481,Mass,<a refstr=STASSUN_ET_AL__2017 href=https://ui.adsabs.harvard.edu/abs/2017AJ....153..136S/abstract target=ref>Stassun et al. 2017</a>,2.3,0.87,0.0,,,6233.7915,2210.0,F7,6250.0,2.18,2.78,-0.06,0.13953488372093023
HATS-40 b,HATS-40,1,1,Transit,2018,3.2642736,0.04997,85.8,5.8e-06,-5.8e-06,<a refstr=BENTO_ET_AL__2018 href=https://ui.adsabs.harvard.edu/abs/2018MNRAS.477.3406B/abstract target=ref>Bento et al. 2018</a>,17.71022,1.79344,-1.34508,1.58,505.3497,76.2792,-76.2792,Mass,<a refstr=BENTO_ET_AL__2018 href=https://ui.adsabs.harvard.edu/abs/2018MNRAS.477.3406B/abstract target=ref>Bento et al. 2018</a>,1.59,0.49,0.312,,,3163.3762,2101.0,,6460.0,2.26,1.561,0.01,0.10126582278481013
KPS-1 b,KPS-1,1,1,Transit,2018,1.706291,0.0269,83.2,5.9e-05,-5.9e-05,<a refstr=BURDANOV_ET_AL__2018 href=https://ui.adsabs.harvard.edu/abs/2018PASP..130g4401B/abstract target=ref>Burdanov et al. 2018</a>,11.54527,1.45717,-1.34508,1.03,346.4347,27.33338,-27.65121,Mass,<a refstr=BURDANOV_ET_AL__2018 href=https://ui.adsabs.harvard.edu/abs/2018PASP..130g4401B/abstract target=ref>Burdanov et al. 2018</a>,1.09,1.31,0.0,,,729.0,1459.0,K1 V,5165.0,0.907,0.892,0.22,0.1262135922330097
HAT-P-49 b,HAT-P-49,1,1,Transit,2014,2.69155,0.04378,86.2,6e-06,-6e-06,<a refstr=STASSUN_ET_AL__2017 href=https://ui.adsabs.harvard.edu/abs/2017AJ....153..136S/abstract target=ref>Stassun et al. 2017</a>,17.82231,2.01762,-2.01762,1.59,699.226,187.5197,-187.5197,Mass,<a refstr=STASSUN_ET_AL__2017 href=https://ui.adsabs.harvard.edu/abs/2017AJ....153..136S/abstract target=ref>Stassun et al. 2017</a>,2.2,0.75,0.0,,,4392.03,2131.0,F3,6820.0,2.06,2.22,0.07,0.11320754716981131
WASP-117 b,WASP-117,1,1,Transit,2014,10.02165,0.09459,89.14,0.00055,-0.00055,<a refstr=STASSUN_ET_AL__2017 href=https://ui.adsabs.harvard.edu/abs/2017AJ....153..136S/abstract target=ref>Stassun et al. 2017</a>,11.88154,0.78463,-0.78463,1.06,95.349,15.8915,-15.8915,Mass,<a refstr=STASSUN_ET_AL__2017 href=https://ui.adsabs.harvard.edu/abs/2017AJ....153..136S/abstract target=ref>Stassun et al. 2017</a>,0.3,0.3445,0.3,0.02,-0.02,706.3929,1001.0,F9,6040.0,1.22,1.29,-0.11,0.06603773584905662
WASP-11 b,WASP-11,3,1,Transit,2008,3.72247,0.0435,89.8,7e-06,-7e-06,<a refstr=STASSUN_ET_AL__2017 href=https://ui.adsabs.harvard.edu/abs/2017AJ....153..136S/abstract target=ref>Stassun et al. 2017</a>,12.44199,1.1209,-1.1209,1.11,251.0857,54.0311,-54.0311,Mass,<a refstr=STASSUN_ET_AL__2017 href=https://ui.adsabs.harvard.edu/abs/2017AJ....153..136S/abstract target=ref>Stassun et al. 2017</a>,0.79,0.632,0.0,,,184.988,992.0,K3 V,4800.0,0.89,1.42,0.0,0.09009009009009009
WASP-13 b,WASP-13,1,1,Transit,2009,4.35301,0.05362,85.43,3e-06,-3e-06,<a refstr=STASSUN_ET_AL__2017 href=https://ui.adsabs.harvard.edu/abs/2017AJ....153..136S/abstract target=ref>Stassun et al. 2017</a>,13.67498,1.56926,-1.56926,1.22,114.4188,28.6047,-28.6047,Mass,<a refstr=STASSUN_ET_AL__2017 href=https://ui.adsabs.harvard.edu/abs/2017AJ....153..136S/abstract target=ref>Stassun et al. 2017</a>,0.36,0.222,0.0,,,617.309,1531.0,,5950.0,1.37,0.72,0.0,0.11475409836065575
WASP-95 b,WASP-95,1,1,Transit,2014,2.18467,0.03416,88.4,1e-06,-1e-06,<a refstr=STASSUN_ET_AL__2017 href=https://ui.adsabs.harvard.edu/abs/2017AJ....153..136S/abstract target=ref>Stassun et al. 2017</a>,13.78707,1.00881,-1.00881,1.23,457.6752,88.9924,-88.9924,Mass,<a refstr=STASSUN_ET_AL__2017 href=https://ui.adsabs.harvard.edu/abs/2017AJ....153..136S/abstract target=ref>Stassun et al. 2017</a>,1.44,0.84,0.0,,,2841.0562,1570.0,G2,5830.0,1.23,1.46,0.14,0.07317073170731707
WASP-97 b,WASP-97,1,1,Transit,2014,2.07276,0.03303,88.0,1e-06,-1e-06,<a refstr=STASSUN_ET_AL__2017 href=https://ui.adsabs.harvard.edu/abs/2017AJ....153..136S/abstract target=ref>Stassun et al. 2017</a>,12.77826,0.67254,-0.67254,1.14,432.2488,60.3877,-60.3877,Mass,<a refstr=STASSUN_ET_AL__2017 href=https://ui.adsabs.harvard.edu/abs/2017AJ....153..136S/abstract target=ref>Stassun et al. 2017</a>,1.36,1.21,0.0,,,1414.87,1555.0,G5,5640.0,1.08,1.18,0.23,0.052631578947368425
WASP-14 b,WASP-14,3,1,Transit,2008,2.24375,0.037,84.32,1e-05,-1e-05,<a refstr=STASSUN_ET_AL__2017 href=https://ui.adsabs.harvard.edu/abs/2017AJ....153..136S/abstract target=ref>Stassun et al. 2017</a>,15.46842,0.89672,-0.89672,1.38,2809.6172,444.962,-444.962,Mass,<a refstr=STASSUN_ET_AL__2017 href=https://ui.adsabs.harvard.edu/abs/2017AJ....153..136S/abstract target=ref>Stassun et al. 2017</a>,8.84,2.25,0.09,0.0,0.0,1356.33,1872.0,,6475.0,1.4,1.62,0.0,0.057971014492753624
WASP-101 b,WASP-101,1,1,Transit,2014,3.58572,0.05057,85.0,4e-06,-4e-06,<a refstr=STASSUN_ET_AL__2017 href=https://ui.adsabs.harvard.edu/abs/2017AJ....153..136S/abstract target=ref>Stassun et al. 2017</a>,16.02887,1.00881,-1.00881,1.43,162.0933,25.4264,-25.4264,Mass,<a refstr=STASSUN_ET_AL__2017 href=https://ui.adsabs.harvard.edu/abs/2017AJ....153..136S/abstract target=ref>Stassun et al. 2017</a>,0.51,0.24,0.0,,,1089.171,1560.0,F6,6380.0,1.31,1.41,0.2,0.06293706293706293
WASP-22 b,WASP-22,1,1,Transit,2010,3.53269,0.047,89.2,1e-05,-1e-05,<a refstr=STASSUN_ET_AL__2017 href=https://ui.adsabs.harvard.edu/abs/2017AJ....153..136S/abstract target=ref>Stassun et al. 2017</a>,13.78707,1.56926,-1.56926,1.23,212.9461,60.3877,-60.3877,Mass,<a refstr=STASSUN_ET_AL__2017 href=https://ui.adsabs.harvard.edu/abs/2017AJ....153..136S/abstract target=ref>Stassun et al. 2017</a>,0.67,0.444,0.02,0.01,-0.01,837.7034,1502.0,G1 V,6000.0,1.24,1.46,-0.05,0.11382113821138212
WASP-82 b,WASP-82,1,1,Transit,2015,2.70579,0.0447,87.9,2e-06,-2e-06,<a refstr=STASSUN_ET_AL__2017 href=https://ui.adsabs.harvard.edu/abs/2017AJ....153..136S/abstract target=ref>Stassun et al. 2017</a>,18.15858,1.45717,-1.45717,1.62,371.8611,63.566,-63.566,Mass,<a refstr=STASSUN_ET_AL__2017 href=https://ui.adsabs.harvard.edu/abs/2017AJ....153..136S/abstract target=ref>Stassun et al. 2017</a>,1.17,0.354,0.0,,,3557.29,2190.0,F5,6480.0,2.1,1.48,0.12,0.08024691358024691
WASP-29 b,WASP-29,1,1,Transit,2010,3.92273,0.0457,88.8,4e-06,-4e-06,<a refstr=STASSUN_ET_AL__2017 href=https://ui.adsabs.harvard.edu/abs/2017AJ....153..136S/abstract target=ref>Stassun et al. 2017</a>,8.63093,0.78463,-0.78463,0.77,73.1009,15.8915,-15.8915,Mass,<a refstr=STASSUN_ET_AL__2017 href=https://ui.adsabs.harvard.edu/abs/2017AJ....153..136S/abstract target=ref>Stassun et al. 2017</a>,0.23,0.65,0.03,0.04,-0.04,121.7724,970.0,,4800.0,0.79,0.77,0.11,0.09090909090909093
WASP-26 b,WASP-26,2,1,Transit,2010,2.7566,0.04,82.5,1e-05,-1e-05,<a refstr=STASSUN_ET_AL__2017 href=https://ui.adsabs.harvard.edu/abs/2017AJ....153..136S/abstract target=ref>Stassun et al. 2017</a>,13.56289,1.68135,-1.68135,1.21,270.1555,73.1009,-73.1009,Mass,<a refstr=STASSUN_ET_AL__2017 href=https://ui.adsabs.harvard.edu/abs/2017AJ....153..136S/abstract target=ref>Stassun et al. 2017</a>,0.85,0.703,0.0,,,1225.5264,1650.0,G0,6034.0,1.22,0.86,0.16,0.12396694214876033
K2-164 b,K2-164,1,1,Transit,2018,17.355066,,87.88981,0.004097,-0.003808,<a refstr=MAYO_ET_AL__2018 href=https://ui.adsabs.harvard.edu/abs/2018AJ....155..136M/abstract target=ref>Mayo et al. 2018</a>,3.24925008,0.51526655,-0.41335659,0.28987868,10.6,,,M-R relationship,<a refstr=CALCULATED_VALUE href=/docs/pscp_calc.html target=_blank>Calculated Value</a>,0.0334,1.7,,,,,,,5791.0,2.196069,1.180894,-0.23,0.15858014536080275
K2-169 b,K2-169,1,1,Transit,2018,6.380803,,87.83658,0.000778,-0.000699,<a refstr=MAYO_ET_AL__2018 href=https://ui.adsabs.harvard.edu/abs/2018AJ....155..136M/abstract target=ref>Mayo et al. 2018</a>,1.27328671,0.10733117,-0.07695112,0.11359503,2.16,,,M-R relationship,<a refstr=CALCULATED_VALUE href=/docs/pscp_calc.html target=_blank>Calculated Value</a>,0.00681,5.75,,,,,,,5548.0,0.919053,0.986144,0.26,0.08429458122593614
HAT-P-22 b,HAT-P-22,2,1,Transit,2010,3.21222,0.0414,86.9,9e-06,-9e-06,<a refstr=STASSUN_ET_AL__2017 href=https://ui.adsabs.harvard.edu/abs/2017AJ....153..136S/abstract target=ref>Stassun et al. 2017</a>,12.89035,2.12971,-2.12971,1.15,785.0401,101.7056,-101.7056,Mass,<a refstr=STASSUN_ET_AL__2017 href=https://ui.adsabs.harvard.edu/abs/2017AJ....153..136S/abstract target=ref>Stassun et al. 2017</a>,2.47,2.14,0.02,0.01,-0.01,325.569,1463.0,G5 V,5302.0,1.11,1.13,0.24,0.16521739130434784
HAT-P-24 b,HAT-P-24,2,1,Transit,2010,3.35524,0.04651,88.6,7e-06,-7e-06,<a refstr=STASSUN_ET_AL__2017 href=https://ui.adsabs.harvard.edu/abs/2017AJ....153..136S/abstract target=ref>Stassun et al. 2017</a>,14.5717,2.35389,-2.35389,1.3,238.3725,79.4575,-79.4575,Mass,<a refstr=STASSUN_ET_AL__2017 href=https://ui.adsabs.harvard.edu/abs/2017AJ....153..136S/abstract target=ref>Stassun et al. 2017</a>,0.75,0.44,0.07,0.02,-0.02,1294.929,1637.0,F8,6373.0,1.38,1.37,-0.16,0.16153846153846152
WASP-38 b,WASP-38,1,1,Transit,2010,6.87188,0.07522,89.5,1e-05,-1e-05,<a refstr=STASSUN_ET_AL__2017 href=https://ui.adsabs.harvard.edu/abs/2017AJ....153..136S/abstract target=ref>Stassun et al. 2017</a>,13.78707,0.67254,-0.67254,1.23,1093.3352,114.4188,-114.4188,Mass,<a refstr=STASSUN_ET_AL__2017 href=https://ui.adsabs.harvard.edu/abs/2017AJ....153..136S/abstract target=ref>Stassun et al. 2017</a>,3.44,2.3,0.03,0.0,0.0,501.5014,1250.0,F8 V,6180.0,1.52,1.76,-0.02,0.04878048780487805
K2-171 b,K2-171,1,1,Transit,2018,5.628466,,85.04821,0.001731,-0.001519,<a refstr=MAYO_ET_AL__2018 href=https://ui.adsabs.harvard.edu/abs/2018AJ....155..136M/abstract target=ref>Mayo et al. 2018</a>,2.68657205,0.40023833,-0.33153947,0.2396799,7.69,,,M-R relationship,<a refstr=CALCULATED_VALUE href=/docs/pscp_calc.html target=_blank>Calculated Value</a>,0.0242,2.18,,,,,,,5250.0,1.717458,0.891587,-0.09,0.14897732967928404
HAT-P-29 b,HAT-P-29,2,1,Transit,2011,5.72319,0.0667,87.1,4.9e-05,-4.9e-05,<a refstr=STASSUN_ET_AL__2017 href=https://ui.adsabs.harvard.edu/abs/2017AJ....153..136S/abstract target=ref>Stassun et al. 2017</a>,13.11453,1.45717,-1.45717,1.17,279.6904,79.4575,-79.4575,Mass,<a refstr=STASSUN_ET_AL__2017 href=https://ui.adsabs.harvard.edu/abs/2017AJ....153..136S/abstract target=ref>Stassun et al. 2017</a>,0.88,0.710842,0.09,0.05,-0.05,433.0,1281.0,F8,6087.0,1.3,1.45,0.21,0.11111111111111112
WASP-48 b,WASP-48,1,1,Transit,2011,2.14363,0.03444,80.09,3e-06,-3e-06,<a refstr=STASSUN_ET_AL__2017 href=https://ui.adsabs.harvard.edu/abs/2017AJ....153..136S/abstract target=ref>Stassun et al. 2017</a>,16.8135,2.2418,-2.2418,1.5,254.264,73.1009,-73.1009,Mass,<a refstr=STASSUN_ET_AL__2017 href=https://ui.adsabs.harvard.edu/abs/2017AJ....153..136S/abstract target=ref>Stassun et al. 2017</a>,0.8,0.415,0.0,,,3410.2601,2035.0,,5920.0,1.58,0.88,-0.12,0.13333333333333333
HAT-P-5 b,HAT-P-5,1,1,Transit,2007,2.78849,0.04073,86.75,2.5e-05,-2.5e-05,<a refstr=STASSUN_ET_AL__2017 href=https://ui.adsabs.harvard.edu/abs/2017AJ....153..136S/abstract target=ref>Stassun et al. 2017</a>,13.56289,1.1209,-1.1209,1.21,311.4734,63.566,-63.566,Mass,<a refstr=STASSUN_ET_AL__2017 href=https://ui.adsabs.harvard.edu/abs/2017AJ....153..136S/abstract target=ref>Stassun et al. 2017</a>,0.98,0.668403,0.0,,,850.6754,1517.0,G,5960.0,1.12,1.04,0.24,0.08264462809917356
HAT-P-6 b,HAT-P-6,1,1,Transit,2007,3.85298,0.05239,85.51,5e-06,-5e-06,<a refstr=STASSUN_ET_AL__2017 href=https://ui.adsabs.harvard.edu/abs/2017AJ....153..136S/abstract target=ref>Stassun et al. 2017</a>,16.58932,1.68135,-1.68135,1.48,419.5356,95.349,-95.349,Mass,<a refstr=STASSUN_ET_AL__2017 href=https://ui.adsabs.harvard.edu/abs/2017AJ....153..136S/abstract target=ref>Stassun et al. 2017</a>,1.32,0.558,0.0,,,1099.44,1675.0,,6570.0,1.62,1.79,-0.13,0.10135135135135134
XO-1 b,XO-1,1,1,Transit,2006,3.94153,0.0488,88.81,2.7e-05,-2.7e-05,<a refstr=STASSUN_ET_AL__2017 href=https://ui.adsabs.harvard.edu/abs/2017AJ....153..136S/abstract target=ref>Stassun et al. 2017</a>,12.77826,0.78463,-0.78463,1.14,263.7989,41.3179,-41.3179,Mass,<a refstr=STASSUN_ET_AL__2017 href=https://ui.adsabs.harvard.edu/abs/2017AJ....153..136S/abstract target=ref>Stassun et al. 2017</a>,0.83,0.64,0.0,,,321.85,1210.0,G1 V,5750.0,0.88,0.88,0.02,0.06140350877192983
XO-4 b,XO-4,1,1,Transit,2010,4.12508,0.05524,88.8,4e-06,-4e-06,<a refstr=STASSUN_ET_AL__2017 href=https://ui.adsabs.harvard.edu/abs/2017AJ....153..136S/abstract target=ref>Stassun et al. 2017</a>,14.01125,0.89672,-0.89672,1.25,451.3186,60.3877,-60.3877,Mass,<a refstr=STASSUN_ET_AL__2017 href=https://ui.adsabs.harvard.edu/abs/2017AJ....153..136S/abstract target=ref>Stassun et al. 2017</a>,1.42,0.83,0.0,,,1112.27,1630.0,F5 V,6397.0,1.45,1.1,-0.04,0.064
K2-191 b,K2-191,1,1,Transit,2018,2.858646,,87.05102,0.000172,-0.000176,<a refstr=MAYO_ET_AL__2018 href=https://ui.adsabs.harvard.edu/abs/2018AJ....155..136M/abstract target=ref>Mayo et al. 2018</a>,1.57889322,0.26523273,-0.13201754,0.14085942,3.12,,,M-R relationship,<a refstr=CALCULATED_VALUE href=/docs/pscp_calc.html target=_blank>Calculated Value</a>,0.00981,4.36,,,,,,,5176.0,0.839696,0.900994,0.31,0.16798648992868562
K2-200 b,K2-200,1,1,Transit,2018,2.849883,,87.96772,0.000188,-0.00018,<a refstr=MAYO_ET_AL__2018 href=https://ui.adsabs.harvard.edu/abs/2018AJ....155..136M/abstract target=ref>Mayo et al. 2018</a>,1.3643987,0.143471,-0.10540256,0.1217235,2.43,,,M-R relationship,<a refstr=CALCULATED_VALUE href=/docs/pscp_calc.html target=_blank>Calculated Value</a>,0.00766,5.26,,,,,,,5233.0,0.791736,0.860208,-0.04,0.1051532810753924
KELT-2 A b,KELT-2 A,2,1,Transit,2012,4.11379,0.05497,88.6,1e-05,-1e-05,<a refstr=STASSUN_ET_AL__2017 href=https://ui.adsabs.harvard.edu/abs/2017AJ....153..136S/abstract target=ref>Stassun et al. 2017</a>,15.13215,0.89672,-0.89672,1.35,540.311,69.9226,-69.9226,Mass,<a refstr=STASSUN_ET_AL__2017 href=https://ui.adsabs.harvard.edu/abs/2017AJ....153..136S/abstract target=ref>Stassun et al. 2017</a>,1.7,0.91,0.0,,,3108.45,2080.0,F8,6327.0,1.93,1.54,0.0,0.05925925925925926
K2-173 b,K2-173,1,1,Transit,2018,5.868699,,87.82563,0.000446,-0.000408,<a refstr=MAYO_ET_AL__2018 href=https://ui.adsabs.harvard.edu/abs/2018AJ....155..136M/abstract target=ref>Mayo et al. 2018</a>,1.60826194,0.15968465,-0.10547102,0.14347952,3.22,,,M-R relationship,<a refstr=CALCULATED_VALUE href=/docs/pscp_calc.html target=_blank>Calculated Value</a>,0.0101,4.25,,,,,,,5580.0,0.843154,0.881538,-0.25,0.09929020020208898
HAT-P-40 b,HAT-P-40,1,1,Transit,2012,4.45724,0.0608,88.3,1e-05,-1e-05,<a refstr=STASSUN_ET_AL__2017 href=https://ui.adsabs.harvard.edu/abs/2017AJ....153..136S/abstract target=ref>Stassun et al. 2017</a>,17.03768,1.90553,-1.90553,1.52,152.5584,41.3179,-41.3179,Mass,<a refstr=STASSUN_ET_AL__2017 href=https://ui.adsabs.harvard.edu/abs/2017AJ....153..136S/abstract target=ref>Stassun et al. 2017</a>,0.48,0.15,0.0,,,1747.4151,1770.0,,6080.0,1.94,1.03,0.22,0.11184210526315788
WASP-49 b,WASP-49,2,1,Transit,2012,2.78174,0.0379,84.89,6e-06,-6e-06,<a refstr=STASSUN_ET_AL__2017 href=https://ui.adsabs.harvard.edu/abs/2017AJ....153..136S/abstract target=ref>Stassun et al. 2017</a>,12.44199,1.23299,-1.23299,1.11,117.5971,25.4264,-25.4264,Mass,<a refstr=STASSUN_ET_AL__2017 href=https://ui.adsabs.harvard.edu/abs/2017AJ....153..136S/abstract target=ref>Stassun et al. 2017</a>,0.37,0.288,0.0,,,615.4709,1400.0,G6 V,5600.0,0.97,0.92,-0.23,0.0990990990990991
WASP-66 b,WASP-66,1,1,Transit,2012,4.08605,0.0546,85.9,7e-06,-7e-06,<a refstr=STASSUN_ET_AL__2017 href=https://ui.adsabs.harvard.edu/abs/2017AJ....153..136S/abstract target=ref>Stassun et al. 2017</a>,15.6926,3.13852,-3.13852,1.4,746.9005,311.4734,-311.4734,Mass,<a refstr=STASSUN_ET_AL__2017 href=https://ui.adsabs.harvard.edu/abs/2017AJ....153..136S/abstract target=ref>Stassun et al. 2017</a>,2.35,1.144,0.0,,,1434.7739,1569.7,,6600.0,1.76,1.33,-0.31,0.2
WASP-67 b,WASP-67,1,1,Transit,2012,4.61442,0.05179,85.8,1e-05,-1e-05,<a refstr=STASSUN_ET_AL__2017 href=https://ui.adsabs.harvard.edu/abs/2017AJ....153..136S/abstract target=ref>Stassun et al. 2017</a>,12.89035,1.23299,-1.23299,1.15,136.6669,28.6047,-28.6047,Mass,<a refstr=STASSUN_ET_AL__2017 href=https://ui.adsabs.harvard.edu/abs/2017AJ....153..136S/abstract target=ref>Stassun et al. 2017</a>,0.43,0.388,0.0,,,188.1062,1003.0,,5200.0,0.88,0.91,-0.07,0.09565217391304348
K2-197 b,K2-197,1,1,Transit,2018,8.357881,0.0806,88.50928,0.00071,-0.000686,<a refstr=LIVINGSTON_ET_AL__2018 href=https://ui.adsabs.harvard.edu/abs/2018AJ....156..277L/abstract target=ref>Livingston et al. 2018</a>,2.56,0.16,-0.16,0.2283879,7.08,,,M-R relationship,<a refstr=CALCULATED_VALUE href=/docs/pscp_calc.html target=_blank>Calculated Value</a>,0.0223,2.32,,,,118.4501,848.0,,5667.0,0.93,1.0,0.08,0.0625
HD 89345 b,HD 89345,1,1,Transit,2018,11.8143,0.1066,87.21,0.0002,-0.0002,<a refstr=YU_ET_AL__2018 href=https://ui.adsabs.harvard.edu/abs/2018AJ....156..127Y/abstract target=ref>Yu et al. 2018</a>,7.39794,0.313852,-0.33627,0.66,34.9613,5.40311,-5.72094,Mass,<a refstr=YU_ET_AL__2018 href=https://ui.adsabs.harvard.edu/abs/2018AJ....156..127Y/abstract target=ref>Yu et al. 2018</a>,0.11,0.471,0.22,0.095,-0.13,275.6427,1089.0,G5,5576.0,1.747,1.157,0.421,0.045454545454545456
WASP-158 b,WASP-158,1,1,Transit,2018,3.656333,0.0517,87.7,4e-06,-4e-06,<a refstr=HELLIER_ET_AL__2019 href=https://ui.adsabs.harvard.edu/abs/2019MNRAS.482.1379H/abstract target=ref>Hellier et al. 2019</a>,11.99363,1.68135,-1.68135,1.07,886.7457,73.1009,-73.1009,Mass,<a refstr=HELLIER_ET_AL__2019 href=https://ui.adsabs.harvard.edu/abs/2019MNRAS.482.1379H/abstract target=ref>Hellier et al. 2019</a>,2.79,3.1,0.0,,,903.013,1590.0,F6 V,6350.0,1.39,1.38,0.24,0.14018691588785046
K2-238 b,K2-238,1,1,Transit,2018,3.20466,0.046,84.5,3e-05,-3e-05,<a refstr=SOTO_ET_AL__2018 href=https://ui.adsabs.harvard.edu/abs/2018MNRAS.478.5356S/abstract target=ref>Soto et al. 2018</a>,14.5717,1.68135,-1.56926,1.3,273.3338,41.3179,-38.1396,Mass,<a refstr=SOTO_ET_AL__2018 href=https://ui.adsabs.harvard.edu/abs/2018MNRAS.478.5356S/abstract target=ref>Soto et al. 2018</a>,0.86,0.56,0.0,,,1082.6407,1587.0,G2 V,5630.0,1.59,1.19,0.34,0.11538461538461538
WASP-162 b,WASP-162,1,1,Transit,2018,9.62468,0.0871,89.3,1e-05,-1e-05,<a refstr=HELLIER_ET_AL__2019 href=https://ui.adsabs.harvard.edu/abs/2019MNRAS.482.1379H/abstract target=ref>Hellier et al. 2019</a>,11.209,0.56045,-0.56045,1.0,1652.716,63.566,-63.566,Mass,<a refstr=HELLIER_ET_AL__2019 href=https://ui.adsabs.harvard.edu/abs/2019MNRAS.482.1379H/abstract target=ref>Hellier et al. 2019</a>,5.2,6.9,0.434,0.005,-0.005,121.918,910.0,K0,5300.0,1.11,0.95,0.28,0.05
K2-244 b,K2-244,1,1,Transit,2018,21.06884,0.1418,89.2139,0.0032,-0.00325,<a refstr=LIVINGSTON_ET_AL__2018 href=https://ui.adsabs.harvard.edu/abs/2018AJ....156...78L/abstract target=ref>Livingston et al. 2018</a>,1.75,0.13,-0.1,0.15612454,3.71,,,M-R relationship,<a refstr=CALCULATED_VALUE href=/docs/pscp_calc.html target=_blank>Calculated Value</a>,0.0117,3.8,,,,37.9007,638.0,,5677.0,0.92,0.86,-0.29,0.07428571428571429
WASP-173 A b,WASP-173 A,2,1,Transit,2018,1.38665318,0.0248,85.2,2.7e-07,-2.7e-07,<a refstr=HELLIER_ET_AL__2019 href=https://ui.adsabs.harvard.edu/abs/2019MNRAS.482.1379H/abstract target=ref>Hellier et al. 2019</a>,13.4508,0.67254,-0.67254,1.2,1172.7927,57.2094,-57.2094,Mass,<a refstr=HELLIER_ET_AL__2019 href=https://ui.adsabs.harvard.edu/abs/2019MNRAS.482.1379H/abstract target=ref>Hellier et al. 2019</a>,3.69,2.84,0.0,,,1920.0,1880.0,G3,5800.0,1.11,1.05,0.16,0.05
K2-159 b,K2-159,1,1,Transit,2018,12.42205,0.1013,89.06464,0.0018,-0.00182,<a refstr=LIVINGSTON_ET_AL__2018 href=https://ui.adsabs.harvard.edu/abs/2018AJ....156...78L/abstract target=ref>Livingston et al. 2018</a>,2.26,0.17,-0.11,0.2016237,5.73,,,M-R relationship,<a refstr=CALCULATED_VALUE href=/docs/pscp_calc.html target=_blank>Calculated Value</a>,0.018,2.73,,,,49.2934,684.0,,5425.0,0.83,0.9,-0.07,0.0752212389380531
WASP-147 b,WASP-147,1,1,Transit,2018,4.60273,0.0549,87.9,2.7e-05,-2.7e-05,<a refstr=LENDL_ET_AL__2019 href=https://ui.adsabs.harvard.edu/abs/2019MNRAS.482..301L/abstract target=ref>Lendl et al. 2019</a>,12.498035,1.56926,-1.042437,1.115,87.40325,8.89924,-8.58141,Mass,<a refstr=LENDL_ET_AL__2019 href=https://ui.adsabs.harvard.edu/abs/2019MNRAS.482..301L/abstract target=ref>Lendl et al. 2019</a>,0.275,0.263,0.0,,,639.4923,1404.0,G4,5702.0,1.429,1.044,0.092,0.12556053811659193
WASP-160 B b,WASP-160 B,2,1,Transit,2018,3.7684952,0.0452,88.97,3.5e-06,-3.5e-06,<a refstr=LENDL_ET_AL__2019 href=https://ui.adsabs.harvard.edu/abs/2019MNRAS.482..301L/abstract target=ref>Lendl et al. 2019</a>,12.21781,0.526823,-0.459569,1.09,88.35674,13.98452,-14.30235,Mass,<a refstr=LENDL_ET_AL__2019 href=https://ui.adsabs.harvard.edu/abs/2019MNRAS.482..301L/abstract target=ref>Lendl et al. 2019</a>,0.278,0.284,0.0,,,210.575,1119.0,K0 V,5298.0,0.868,0.87,0.27,0.043119266055045874
HATS-36 b,HATS-36,1,1,Transit,2018,4.175186,0.0523,87.61,3.3e-05,-3.3e-05,<a refstr=LIVINGSTON_ET_AL__2018 href=https://ui.adsabs.harvard.edu/abs/2018AJ....156..277L/abstract target=ref>Livingston et al. 2018</a>,12.92,0.38,-0.38,1.1526452,1022.14128,19.70546,-19.70546,Mass,<a refstr=BAYLISS_ET_AL__2018 href=https://ui.adsabs.harvard.edu/abs/2018AJ....155..119B/abstract target=ref>Bayliss et al. 2018</a>,3.216,2.12,0.105,0.028,-0.028,561.0,1203.0,G0 V,5950.0,1.1,1.1,0.15,0.029411764705882353
WASP-165 b,WASP-165,1,1,Transit,2018,3.465509,0.04823,84.9,2.3e-05,-2.3e-05,<a refstr=LENDL_ET_AL__2019 href=https://ui.adsabs.harvard.edu/abs/2019MNRAS.482..301L/abstract target=ref>Lendl et al. 2019</a>,14.12334,2.12971,-1.90553,1.26,209.13214,30.82951,-29.24036,Mass,<a refstr=LENDL_ET_AL__2019 href=https://ui.adsabs.harvard.edu/abs/2019MNRAS.482..301L/abstract target=ref>Lendl et al. 2019</a>,0.658,0.44,0.0,,,1373.5324,1624.0,G6,5599.0,1.75,1.248,0.33,0.1507936507936508
K2-228 b,K2-228,1,1,Transit,2018,2.69828,0.0338,87.465,0.00022,-0.00022,<a refstr=LIVINGSTON_ET_AL__2018 href=https://ui.adsabs.harvard.edu/abs/2018AJ....156...78L/abstract target=ref>Livingston et al. 2018</a>,1.21,0.1,-0.06,0.10794897,1.92,,,M-R relationship,<a refstr=CALCULATED_VALUE href=/docs/pscp_calc.html target=_blank>Calculated Value</a>,0.00606,5.96,,,,123.9803,914.0,,4715.0,0.65,0.71,-0.25,0.08264462809917356
K2-283 b,K2-283,1,1,Transit,2018,1.921036,0.0291,,5.1e-05,-5.3e-05,<a refstr=LIVINGSTON_ET_AL__2018 href=https://ui.adsabs.harvard.edu/abs/2018AJ....156..277L/abstract target=ref>Livingston et al. 2018</a>,3.52,0.16,-0.16,0.31403337,12.2,,,M-R relationship,<a refstr=CALCULATED_VALUE href=/docs/pscp_calc.html target=_blank>Calculated Value</a>,0.0383,1.54,,,,353.6521,1186.0,,5060.0,0.82,0.89,0.28,0.045454545454545456
K2-151 b,K2-151,2,1,Transit,2018,3.835476,0.0373,,0.000266,-0.000256,<a refstr=LIVINGSTON_ET_AL__2018 href=https://ui.adsabs.harvard.edu/abs/2018AJ....156..277L/abstract target=ref>Livingston et al. 2018</a>,1.49,0.08,-0.08,0.1329289,2.83,,,M-R relationship,<a refstr=CALCULATED_VALUE href=/docs/pscp_calc.html target=_blank>Calculated Value</a>,0.00889,4.7,,,,20.8,566.0,M1.5 V,3695.0,0.45,0.47,-0.19,0.053691275167785234
K2-281 b,K2-281,1,1,Transit,2018,8.687721,0.0773,,0.000151,-0.00015,<a refstr=LIVINGSTON_ET_AL__2018 href=https://ui.adsabs.harvard.edu/abs/2018AJ....156..277L/abstract target=ref>Livingston et al. 2018</a>,8.18,0.21,-0.21,0.72977072,50.9,,,M-R relationship,<a refstr=CALCULATED_VALUE href=/docs/pscp_calc.html target=_blank>Calculated Value</a>,0.16,0.511,,,,37.7384,665.0,,4812.0,0.76,0.82,0.22,0.02567237163814181
K2-216 b,K2-216,1,1,Transit,2018,2.1748,0.028,86.9,5e-05,-5e-05,<a refstr=PERSSON_ET_AL__2018 href=https://ui.adsabs.harvard.edu/abs/2018A&A...618A..33P/abstract target=ref>Persson et al. 2018</a>,1.75,0.17,-0.1,0.15612454,8.0,1.6,-1.6,Mass,<a refstr=PERSSON_ET_AL__2018 href=https://ui.adsabs.harvard.edu/abs/2018A&A...618A..33P/abstract target=ref>Persson et al. 2018</a>,0.02517069,8.2,0.0,,,248.0,1103.0,K5 V,4503.0,0.72,0.7,0.0,0.09714285714285716
K2-230 b,K2-230,1,1,Transit,2018,2.86041,0.0409,85.98986,0.00061,-0.00061,<a refstr=LIVINGSTON_ET_AL__2018 href=https://ui.adsabs.harvard.edu/abs/2018AJ....156...78L/abstract target=ref>Livingston et al. 2018</a>,1.96,0.18,-0.16,0.17485949,4.5,,,M-R relationship,<a refstr=CALCULATED_VALUE href=/docs/pscp_calc.html target=_blank>Calculated Value</a>,0.0142,3.28,,,,1241.5334,1529.0,,5945.0,1.39,1.11,0.1,0.09183673469387756
K2-153 b,K2-153,1,1,Transit,2018,7.51574,0.0614,,0.00205,-0.0024,<a refstr=LIVINGSTON_ET_AL__2018 href=https://ui.adsabs.harvard.edu/abs/2018AJ....156...78L/abstract target=ref>Livingston et al. 2018</a>,2.0,0.21,-0.18,0.17842805,4.66,,,M-R relationship,<a refstr=CALCULATED_VALUE href=/docs/pscp_calc.html target=_blank>Calculated Value</a>,0.0147,3.2,,,,11.8,497.0,M3.0 V,3845.0,0.53,0.55,-0.09,0.105
HATS-11 b,HATS-11,1,1,Transit,2016,3.619188,0.0507,89.03,2.8e-05,-2.9e-05,<a refstr=LIVINGSTON_ET_AL__2018 href=https://ui.adsabs.harvard.edu/abs/2018AJ....156..277L/abstract target=ref>Livingston et al. 2018</a>,18.03,0.72,-0.72,1.60852886,263.7989,31.783,-31.783,Mass,<a refstr=BAYLISS_ET_AL__2018 href=https://ui.adsabs.harvard.edu/abs/2018AJ....155..119B/abstract target=ref>Bayliss et al. 2018</a>,0.83,0.315,0.34,,,1027.296,1596.0,G0,6563.0,1.54,1.33,0.03,0.03993344425956739
K2-241 b,K2-241,1,1,Transit,2018,26.8199,0.1567,,0.00245,-0.00247,<a refstr=LIVINGSTON_ET_AL__2018 href=https://ui.adsabs.harvard.edu/abs/2018AJ....156...78L/abstract target=ref>Livingston et al. 2018</a>,2.55,0.18,-0.1,0.22749576,7.04,,,M-R relationship,<a refstr=CALCULATED_VALUE href=/docs/pscp_calc.html target=_blank>Calculated Value</a>,0.0221,2.33,,,,14.5807,507.0,,5262.0,0.75,0.71,-0.44,0.07058823529411765
K2-284 b,K2-284,1,1,Transit,2018,4.795069,0.04771,89.0,8.6e-05,-8.6e-05,<a refstr=DAVID_ET_AL__2018 href=https://ui.adsabs.harvard.edu/abs/2018AJ....156..302D/abstract target=ref>David et al. 2018</a>,2.78,0.14,-0.12,0.24801499,8.15,,,M-R relationship,<a refstr=CALCULATED_VALUE href=/docs/pscp_calc.html target=_blank>Calculated Value</a>,0.0256,2.08,0.078,0.108,-0.055,42.6,653.0,,4140.0,0.607,0.63,0.0,0.05035971223021583
K2-245 b,K2-245,1,1,Transit,2018,11.89307,0.0959,,0.00065,-0.00063,<a refstr=LIVINGSTON_ET_AL__2018 href=https://ui.adsabs.harvard.edu/abs/2018AJ....156...78L/abstract target=ref>Livingston et al. 2018</a>,4.34,0.19,-0.14,0.38718887,17.4,,,M-R relationship,<a refstr=CALCULATED_VALUE href=/docs/pscp_calc.html target=_blank>Calculated Value</a>,0.0546,1.17,,,,83.0,923.0,,5793.0,1.25,0.83,-0.45,0.04377880184331798
KELT-15 b,KELT-15,2,1,Transit,2016,3.32944,0.04613,88.3,1.6e-05,-1.6e-05,<a refstr=STASSUN_ET_AL__2017 href=https://ui.adsabs.harvard.edu/abs/2017AJ....153..136S/abstract target=ref>Stassun et al. 2017</a>,19.50366,2.2418,-2.2418,1.74,416.3573,136.6669,-136.6669,Mass,<a refstr=STASSUN_ET_AL__2017 href=https://ui.adsabs.harvard.edu/abs/2017AJ....153..136S/abstract target=ref>Stassun et al. 2017</a>,1.31,0.36,0.0,,,1612.7618,1642.0,,6003.0,1.78,2.06,0.05,0.11494252873563218
EPIC 211945201 b,EPIC 211945201,1,1,Transit,2018,19.49221,0.1493,87.9,0.000666,-0.000653,<a refstr=LIVINGSTON_ET_AL__2018 href=https://ui.adsabs.harvard.edu/abs/2018AJ....156..277L/abstract target=ref>Livingston et al. 2018</a>,5.76,0.3,-0.3,0.51387278,11.0,7.0,-7.0,Mass,<a refstr=HOWARD_ET_AL__2025 href=https://ui.adsabs.harvard.edu/abs/2025ApJS..278...52H/abstract target=ref>Howard et al. 2025</a>,0.03460987,0.33,0.0,,,101.0,817.0,G0,6069.0,1.39,1.17,0.1,0.052083333333333336
CoRoT-21 b,CoRoT-21,1,1,Transit,2012,2.72474,0.0417,86.8,0.00014,-0.00014,<a refstr=P_AUML_TZOLD_ET_AL__2012 href=https://ui.adsabs.harvard.edu/abs/2012A&A...545A...6P/abstract target=ref>P&auml;tzold et al. 2012</a>,14.5717,1.56926,-1.56926,1.3,718.2958,98.5273,-98.5273,Mass,<a refstr=P_AUML_TZOLD_ET_AL__2012 href=https://ui.adsabs.harvard.edu/abs/2012A&A...545A...6P/abstract target=ref>P&auml;tzold et al. 2012</a>,2.26,1.36,0.0,,,2915.5997,2044.44,F8 IV,6200.0,1.95,1.29,0.0,0.1076923076923077
K2-248 b,K2-248,1,1,Transit,2018,7.17256,0.0699,,0.00148,-0.00142,<a refstr=LIVINGSTON_ET_AL__2018 href=https://ui.adsabs.harvard.edu/abs/2018AJ....156...78L/abstract target=ref>Livingston et al. 2018</a>,2.57,0.2,-0.14,0.22928004,7.13,,,M-R relationship,<a refstr=CALCULATED_VALUE href=/docs/pscp_calc.html target=_blank>Calculated Value</a>,0.0224,2.31,,,,132.3323,886.0,,5528.0,0.92,0.88,-0.1,0.07782101167315177
K2-276 b,K2-276,1,1,Transit,2018,18.718269,0.1291,,0.003153,-0.003008,<a refstr=LIVINGSTON_ET_AL__2018 href=https://ui.adsabs.harvard.edu/abs/2018AJ....156..277L/abstract target=ref>Livingston et al. 2018</a>,3.77,0.21,-0.21,0.33633687,13.7,,,M-R relationship,<a refstr=CALCULATED_VALUE href=/docs/pscp_calc.html target=_blank>Calculated Value</a>,0.043,1.4,,,,23.5921,583.0,,5139.0,0.85,0.82,0.07,0.055702917771883284
HATS-7 b,HATS-7,1,1,Transit,2015,3.185315,0.04012,87.92,5.4e-06,-5.4e-06,<a refstr=BAKOS_ET_AL__2015 href=https://ui.adsabs.harvard.edu/abs/2015ApJ...813..111B/abstract target=ref>Bakos et al. 2015</a>,6.310667,0.515614,-0.381106,0.563,38.1396,3.81396,-3.81396,Mass,<a refstr=BAKOS_ET_AL__2015 href=https://ui.adsabs.harvard.edu/abs/2015ApJ...813..111B/abstract target=ref>Bakos et al. 2015</a>,0.12,0.83,0.17,,,211.6178,1084.0,K2,4985.0,0.815,0.849,0.25,0.08170515097690942
K2-252 b,K2-252,1,1,Transit,2018,13.81513,0.1041,,0.00461,-0.00448,<a refstr=LIVINGSTON_ET_AL__2018 href=https://ui.adsabs.harvard.edu/abs/2018AJ....156...78L/abstract target=ref>Livingston et al. 2018</a>,1.74,0.17,-0.12,0.1552324,3.68,,,M-R relationship,<a refstr=CALCULATED_VALUE href=/docs/pscp_calc.html target=_blank>Calculated Value</a>,0.0116,3.84,,,,36.0315,639.0,,5152.0,0.82,0.79,-0.09,0.09770114942528736
K2-192 b,K2-192,1,1,Transit,2018,4.162817,0.049,88.39205,0.000432,-0.000447,<a refstr=LIVINGSTON_ET_AL__2018 href=https://ui.adsabs.harvard.edu/abs/2018AJ....156..277L/abstract target=ref>Livingston et al. 2018</a>,1.52,0.13,-0.13,0.13560532,2.92,,,M-R relationship,<a refstr=CALCULATED_VALUE href=/docs/pscp_calc.html target=_blank>Calculated Value</a>,0.0092,4.57,,,,181.7191,939.0,,5222.0,0.81,0.9,0.15,0.08552631578947369
K2-258 b,K2-258,1,1,Transit,2018,19.0921,0.149,,0.00576,-0.00633,<a refstr=LIVINGSTON_ET_AL__2018 href=https://ui.adsabs.harvard.edu/abs/2018AJ....156...78L/abstract target=ref>Livingston et al. 2018</a>,3.0,0.21,-0.2,0.26764207,9.27,,,M-R relationship,<a refstr=CALCULATED_VALUE href=/docs/pscp_calc.html target=_blank>Calculated Value</a>,0.0292,1.89,,,,84.2989,831.0,,6351.0,1.31,1.21,0.01,0.06999999999999999
HATS-69 b,HATS-69,1,1,Transit,2018,2.2252577,0.03211,88.49,1.9e-06,-1.9e-06,<a refstr=HARTMAN_ET_AL__2019 href=https://ui.adsabs.harvard.edu/abs/2019AJ....157...55H/abstract target=ref>Hartman et al. 2019</a>,10.592505,0.246598,-0.246598,0.945,183.38791,,,Mass,<a refstr=HARTMAN_ET_AL__2019 href=https://ui.adsabs.harvard.edu/abs/2019AJ....157...55H/abstract target=ref>Hartman et al. 2019</a>,0.577,0.46,0.519,,,466.6,1295.7,,5137.0,0.8785,0.892,0.377,0.023280423280423283
NGTS-4 b,NGTS-4,1,1,Transit,2019,1.3373508,0.019,82.5,8e-06,-8e-06,<a refstr=WEST_ET_AL__2019 href=https://ui.adsabs.harvard.edu/abs/2019MNRAS.486.5094W/abstract target=ref>West et al. 2019</a>,3.18,0.26,-0.26,0.2837006,20.6,3.0,-3.0,Mass,<a refstr=WEST_ET_AL__2019 href=https://ui.adsabs.harvard.edu/abs/2019MNRAS.486.5094W/abstract target=ref>West et al. 2019</a>,0.06481452,3.45,0.0,,,886.9841,1650.0,,5143.0,0.84,0.75,-0.28,0.08176100628930817
K2-295 b,K2-295,1,1,Transit,2018,4.024867,0.0451,89.3,1.5e-05,-1.5e-05,<a refstr=SMITH_ET_AL__2019 href=https://ui.adsabs.harvard.edu/abs/2019AcA....69..135S/abstract target=ref>Smith et al. 2019</a>,10.054473,0.123299,-0.056045,0.897,106.47305,19.70546,-19.70546,Mass,<a refstr=SMITH_ET_AL__2019 href=https://ui.adsabs.harvard.edu/abs/2019AcA....69..135S/abstract target=ref>Smith et al. 2019</a>,0.335,0.612,0.0,,,97.8595,852.0,K5 V,4444.0,0.7,0.74,0.14,0.01226309921962096
HAT-P-25 b,HAT-P-25,1,1,Transit,2012,3.65281514,0.0466,88.22,7.6e-07,-7.5e-07,<a refstr=WANG_ET_AL__2018 href=https://ui.adsabs.harvard.edu/abs/2018PASP..130f4401W/abstract target=ref>Wang et al. 2018</a>,12.722215,0.538032,-0.538032,1.135,180.84527,7.31009,-6.99226,Mass,<a refstr=WANG_ET_AL__2018 href=https://ui.adsabs.harvard.edu/abs/2018PASP..130f4401W/abstract target=ref>Wang et al. 2018</a>,0.569,0.483,0.023,0.022,-0.014,325.0,1182.0,G5,5519.0,0.919,1.012,0.294,0.04229074889867841
EPIC 201497682 b,EPIC 201497682,1,1,Transit,2019,2.13174,,,0.00022,-0.00022,<a refstr=HELLER_ET_AL__2019 href=https://ui.adsabs.harvard.edu/abs/2019A&A...627A..66H/abstract target=ref>Heller et al. 2019</a>,0.692,0.059,-0.048,0.0617361,0.26,,,M-R relationship,<a refstr=CALCULATED_VALUE href=/docs/pscp_calc.html target=_blank>Calculated Value</a>,0.000817,4.31,,,,,,,4991.0,0.554,0.78,-0.0892,0.08526011560693642
HAT-P-34 b,HAT-P-34,1,1,Transit,2011,5.452654,0.06774,87.1,1.6e-05,-1.6e-05,<a refstr=BONOMO_ET_AL__2017 href=https://ui.adsabs.harvard.edu/abs/2017A&A...602A.107B/abstract target=ref>Bonomo et al. 2017</a>,13.417173,1.45717,-1.031228,1.197,1058.3739,66.7443,-63.566,Mass,<a refstr=BONOMO_ET_AL__2017 href=https://ui.adsabs.harvard.edu/abs/2017A&A...602A.107B/abstract target=ref>Bonomo et al. 2017</a>,3.33,2.5,0.432,0.029,-0.027,433.78,1520.0,,6442.0,1.53,1.392,0.22,0.10860484544695072
HAT-P-36 b,HAT-P-36,1,1,Transit,2011,1.32734683,0.0241,87.13,4.8e-07,-4.8e-07,<a refstr=CHAKRABARTY__AMP__SENGUPTA_2019 href=https://ui.adsabs.harvard.edu/abs/2019AJ....158...39C/abstract target=ref>Chakrabarty &amp; Sengupta 2019</a>,14.313893,0.22418,-0.22418,1.277,587.413406,27.65121,-27.65121,Mass,<a refstr=CHAKRABARTY__AMP__SENGUPTA_2019 href=https://ui.adsabs.harvard.edu/abs/2019AJ....158...39C/abstract target=ref>Chakrabarty &amp; Sengupta 2019</a>,1.8482,1.175,0.063,0.021,-0.023,1821.0,1780.97,G5 V,5620.0,1.041,1.03,0.25,0.015661707126076743
K2-52 b,K2-52,1,1,Transit,2016,3.535055,0.054,86.46,1.7e-05,-1.6e-05,<a refstr=LIVINGSTON_ET_AL__2019 href=https://ui.adsabs.harvard.edu/abs/2019AJ....157..102L/abstract target=ref>Livingston et al. 2019</a>,18.0,2.2,-2.2,1.60585244,,,,Msini,<a refstr=LIVINGSTON_ET_AL__2019 href=https://ui.adsabs.harvard.edu/abs/2019AJ....157..102L/abstract target=ref>Livingston et al. 2019</a>,,,,,,1124.0,2004.0,,7147.0,2.192,1.691,0.055,0.12222222222222223
K2-53 b,K2-53,1,1,Transit,2016,12.20772,0.098,89.32,0.000123,-0.000113,<a refstr=LIVINGSTON_ET_AL__2019 href=https://ui.adsabs.harvard.edu/abs/2019AJ....157..102L/abstract target=ref>Livingston et al. 2019</a>,2.6,0.1,-0.1,0.23195646,7.27,,,M-R relationship,<a refstr=CALCULATED_VALUE href=/docs/pscp_calc.html target=_blank>Calculated Value</a>,0.0229,2.27,,,,52.5,665.0,,5263.0,0.807,0.851,-0.037,0.038461538461538464
K2-293 b,K2-293,1,1,Transit,2019,13.1225,,88.8,0.0011,-0.0012,<a refstr=DATTILO_ET_AL__2019 href=https://ui.adsabs.harvard.edu/abs/2019AJ....157..169D/abstract target=ref>Dattilo et al. 2019</a>,2.45,0.35,-0.25,0.21857436,6.57,,,M-R relationship,<a refstr=CALCULATED_VALUE href=/docs/pscp_calc.html target=_blank>Calculated Value</a>,0.0207,2.45,,,,,750.0,,5532.0,0.947,0.958,0.218,0.14285714285714285
TOI-172 b,TOI-172,1,1,Transit,2019,9.47725,0.0914,88.2,0.00064,-0.00079,<a refstr=RODRIGUEZ_ET_AL__2019 href=https://ui.adsabs.harvard.edu/abs/2019AJ....157..191R/abstract target=ref>Rodriguez et al. 2019</a>,10.816685,0.358688,-0.325061,0.965,1722.6386,69.9226,-63.566,Mass,<a refstr=RODRIGUEZ_ET_AL__2019 href=https://ui.adsabs.harvard.edu/abs/2019AJ....157..191R/abstract target=ref>Rodriguez et al. 2019</a>,5.42,7.53,0.3806,0.0093,-0.009,299.0,1198.0,,5645.0,1.777,1.128,0.148,0.03316062176165803
HAT-P-9 b,HAT-P-9,1,1,Transit,2008,3.92281072,0.05287,86.44,1.02e-06,-1.02e-06,<a refstr=WANG_ET_AL__2019 href=https://ui.adsabs.harvard.edu/abs/2019AJ....157...82W/abstract target=ref>Wang et al. 2019</a>,15.614137,0.751003,-0.728585,1.393,238.05467,20.34112,-20.02329,Mass,<a refstr=WANG_ET_AL__2019 href=https://ui.adsabs.harvard.edu/abs/2019AJ....157...82W/abstract target=ref>Wang et al. 2019</a>,0.749,0.342,0.084,0.052,-0.047,931.0,1540.0,F7,6350.0,1.338,1.281,0.12,0.04809763101220388
HATS-24 b,HATS-24,1,1,Transit,2017,1.3484978,0.0238,85.97,9e-07,-9e-07,<a refstr=OLIVEIRA_ET_AL__2019 href=https://ui.adsabs.harvard.edu/abs/2019RNAAS...3b..35O/abstract target=ref>Oliveira et al. 2019</a>,15.636555,0.638913,-0.638913,1.395,718.2958,54.0311,-54.0311,Mass,<a refstr=OLIVEIRA_ET_AL__2019 href=https://ui.adsabs.harvard.edu/abs/2019RNAAS...3b..35O/abstract target=ref>Oliveira et al. 2019</a>,2.26,1.03,0.0,,,2706.9606,2166.0,F V,6125.0,1.12,1.07,-0.229,0.040860215053763436
K2-294 b,K2-294,1,1,Transit,2019,2.50387,,85.5,0.00022,-0.00023,<a refstr=DATTILO_ET_AL__2019 href=https://ui.adsabs.harvard.edu/abs/2019AJ....157..169D/abstract target=ref>Dattilo et al. 2019</a>,1.66,0.21,-0.19,0.14809528,3.39,,,M-R relationship,<a refstr=CALCULATED_VALUE href=/docs/pscp_calc.html target=_blank>Calculated Value</a>,0.0107,4.07,,,,,1425.0,,5612.0,1.2,0.987,0.194,0.12650602409638553
K2-308 b,K2-308,1,1,Transit,2019,3.38628,,88.44,2e-05,-2e-05,<a refstr=RAMPALLI_ET_AL__2019 href=https://ui.adsabs.harvard.edu/abs/2019AJ....158...62R/abstract target=ref>Rampalli et al. 2019</a>,9.916,0.985,-0.985,0.884,70.6,,,M-R relationship,<a refstr=CALCULATED_VALUE href=/docs/pscp_calc.html target=_blank>Calculated Value</a>,0.222,0.398,,,,512.9234,1213.76,,6100.0,1.24,1.09,-0.1,0.09933440903590157
K2-124 b,K2-124,1,1,Transit,2017,6.413651,0.049,89.03,3.6e-05,-3.1e-05,<a refstr=LIVINGSTON_ET_AL__2019 href=https://ui.adsabs.harvard.edu/abs/2019AJ....157..102L/abstract target=ref>Livingston et al. 2019</a>,2.9,0.1,-0.1,0.25872067,8.75,,,M-R relationship,<a refstr=CALCULATED_VALUE href=/docs/pscp_calc.html target=_blank>Calculated Value</a>,0.0275,1.97,0.08,0.15519,-0.06663,8.7,442.0,,3570.0,0.388,0.39,0.023,0.034482758620689655
WASP-33 b,WASP-33,2,1,Transit,2010,1.21987,0.0239,86.63,1e-06,-1e-06,<a refstr=CHAKRABARTY__AMP__SENGUPTA_2019 href=https://ui.adsabs.harvard.edu/abs/2019AJ....158...39C/abstract target=ref>Chakrabarty &amp; Sengupta 2019</a>,17.855937,0.829466,-0.829466,1.593,665.21819,44.17837,-44.17837,Mass,<a refstr=CHAKRABARTY__AMP__SENGUPTA_2019 href=https://ui.adsabs.harvard.edu/abs/2019AJ....158...39C/abstract target=ref>Chakrabarty &amp; Sengupta 2019</a>,2.093,0.689,0.0,,,9392.0471,2781.7,A,7430.0,1.444,1.495,0.1,0.04645323289391086
WASP-181 b,WASP-181,1,1,Transit,2019,4.5195064,0.05427,88.38,3.4e-06,-3.4e-06,<a refstr=TURNER_ET_AL__2019 href=https://ui.adsabs.harvard.edu/abs/2019MNRAS.485.5790T/abstract target=ref>Turner et al. 2019</a>,13.271456,0.795839,-0.661331,1.184,95.03117,10.80622,-10.80622,Mass,<a refstr=TURNER_ET_AL__2019 href=https://ui.adsabs.harvard.edu/abs/2019MNRAS.485.5790T/abstract target=ref>Turner et al. 2019</a>,0.299,0.237,,,,382.4492,1186.0,G2,5839.0,0.965,1.04,0.09,0.05996621621621621
WASP-161 b,WASP-161,1,1,Transit,2018,5.4060425,0.0673,89.01,4.8e-06,-4.8e-06,<a refstr=BARKAOUI_ET_AL__2019 href=https://ui.adsabs.harvard.edu/abs/2019AJ....157...43B/abstract target=ref>Barkaoui et al. 2019</a>,12.811887,0.728585,-0.650122,1.143,791.3967,66.7443,-66.7443,Mass,<a refstr=BARKAOUI_ET_AL__2019 href=https://ui.adsabs.harvard.edu/abs/2019AJ....157...43B/abstract target=ref>Barkaoui et al. 2019</a>,2.49,2.2,,,,990.0,1557.0,,6400.0,1.712,1.39,0.16,0.05686789151356081
WASP-163 b,WASP-163,1,1,Transit,2018,1.6096884,0.0266,85.42,1.5e-06,-1.5e-06,<a refstr=BARKAOUI_ET_AL__2019 href=https://ui.adsabs.harvard.edu/abs/2019AJ....157...43B/abstract target=ref>Barkaoui et al. 2019</a>,13.473218,1.087273,-1.087273,1.202,594.3421,66.7443,-66.7443,Mass,<a refstr=BARKAOUI_ET_AL__2019 href=https://ui.adsabs.harvard.edu/abs/2019AJ....157...43B/abstract target=ref>Barkaoui et al. 2019</a>,1.87,1.42,,,,1200.0,1638.0,,5500.0,1.015,0.97,-0.34,0.08069883527454243
K2-286 b,K2-286,1,1,Transit,2018,27.359,0.1768,89.67,0.005,-0.005,<a refstr=D_IACUTE_EZ_ALONSO_ET_AL__2019 href=https://ui.adsabs.harvard.edu/abs/2019MNRAS.489.5928D/abstract target=ref>D&iacute;ez Alonso et al. 2019</a>,2.1,0.2,-0.2,0.18734945,5.06,,,M-R relationship,<a refstr=CALCULATED_VALUE href=/docs/pscp_calc.html target=_blank>Calculated Value</a>,0.0159,3.0,,,,2.8792,347.0,M0 V,3926.0,0.62,0.64,0.0,0.09523809523809523
Qatar-9 b,Qatar-9,1,1,Transit,2019,1.540731,0.0234,89.23,3.8e-05,-3.8e-05,<a refstr=ALSUBAI_ET_AL__2019 href=https://ui.adsabs.harvard.edu/abs/2019AJ....157..224A/abstract target=ref>Alsubai et al. 2019</a>,11.309881,0.156926,-0.156926,1.009,378.2177,50.8528,-50.8528,Mass,<a refstr=ALSUBAI_ET_AL__2019 href=https://ui.adsabs.harvard.edu/abs/2019AJ....157..224A/abstract target=ref>Alsubai et al. 2019</a>,1.19,1.43,0.0,,,210.669,1134.0,K5 V,4309.0,0.696,0.719,0.252,0.013875123885034688
K2-288 B b,K2-288 B,2,1,Transit,2018,31.393463,0.164,89.81,6.7e-05,-6.9e-05,<a refstr=FEINSTEIN_ET_AL__2019 href=https://ui.adsabs.harvard.edu/abs/2019AJ....157...40F/abstract target=ref>Feinstein et al. 2019</a>,1.9,0.3,-0.3,0.16950665,4.27,,,M-R relationship,<a refstr=CALCULATED_VALUE href=/docs/pscp_calc.html target=_blank>Calculated Value</a>,0.0134,3.42,,,,0.4368,226.36,M3 V,3341.0,0.32,0.33,-0.21,0.15789473684210525
HATS-60 b,HATS-60,1,1,Transit,2018,3.560829,0.04708,86.28,3.2e-05,-3.2e-05,<a refstr=HARTMAN_ET_AL__2019 href=https://ui.adsabs.harvard.edu/abs/2019AJ....157...55H/abstract target=ref>Hartman et al. 2019</a>,12.923977,0.594077,-0.594077,1.153,210.40346,17.48065,-17.48065,Mass,<a refstr=HARTMAN_ET_AL__2019 href=https://ui.adsabs.harvard.edu/abs/2019AJ....157...55H/abstract target=ref>Hartman et al. 2019</a>,0.662,0.537,0.191,,,903.9,1528.0,,5688.0,1.46,1.097,0.335,0.04596704249783174
HATS-62 b,HATS-62,1,1,Transit,2018,3.2768837,0.04163,87.92,3.3e-06,-3.3e-06,<a refstr=HARTMAN_ET_AL__2019 href=https://ui.adsabs.harvard.edu/abs/2019AJ....157...55H/abstract target=ref>Hartman et al. 2019</a>,11.825495,0.280225,-0.280225,1.055,56.89157,,,Mass,<a refstr=HARTMAN_ET_AL__2019 href=https://ui.adsabs.harvard.edu/abs/2019AJ....157...55H/abstract target=ref>Hartman et al. 2019</a>,0.179,0.076,0.298,,,387.4,1237.0,,5416.0,0.933,0.896,0.133,0.023696682464454975
HATS-63 b,HATS-63,1,1,Transit,2018,3.0566527,0.04026,84.86,4.9e-06,-4.9e-06,<a refstr=HARTMAN_ET_AL__2019 href=https://ui.adsabs.harvard.edu/abs/2019AJ....157...55H/abstract target=ref>Hartman et al. 2019</a>,13.529263,0.437151,-0.437151,1.207,305.1168,38.1396,-38.1396,Mass,<a refstr=HARTMAN_ET_AL__2019 href=https://ui.adsabs.harvard.edu/abs/2019AJ....157...55H/abstract target=ref>Hartman et al. 2019</a>,0.96,0.67,0.136,,,634.1,1398.3,,5627.0,1.07,0.931,0.081,0.03231151615575808
HATS-70 b,HATS-70,1,1,Transit,2019,1.8882378,0.03632,86.7,1.5e-06,-1.5e-06,<a refstr=ZHOU_ET_AL__2019 href=https://ui.adsabs.harvard.edu/abs/2019AJ....157...31Z/abstract target=ref>Zhou et al. 2019</a>,15.513256,0.885511,-0.829466,1.384,4100.007,572.094,-508.528,Mass,<a refstr=ZHOU_ET_AL__2019 href=https://ui.adsabs.harvard.edu/abs/2019AJ....157...31Z/abstract target=ref>Zhou et al. 2019</a>,12.9,6.64,0.18,,,9110.0,2730.0,,7930.0,1.881,1.78,0.041,0.05708092485549133
HATS-65 b,HATS-65,2,1,Transit,2018,3.105161,0.04497,84.82,1.6e-06,-1.6e-06,<a refstr=HARTMAN_ET_AL__2019 href=https://ui.adsabs.harvard.edu/abs/2019AJ....157...55H/abstract target=ref>Hartman et al. 2019</a>,16.824709,0.56045,-0.56045,1.501,260.93843,26.37989,-26.37989,Mass,<a refstr=HARTMAN_ET_AL__2019 href=https://ui.adsabs.harvard.edu/abs/2019AJ....157...55H/abstract target=ref>Hartman et al. 2019</a>,0.821,0.3,0.062,,,1178.0,1634.0,,6277.0,1.31,1.257,0.199,0.033311125916055964
HATS-66 b,HATS-66,1,1,Transit,2018,3.1414391,0.04714,87.06,7.4e-06,-7.4e-06,<a refstr=HARTMAN_ET_AL__2019 href=https://ui.adsabs.harvard.edu/abs/2019AJ....157...55H/abstract target=ref>Hartman et al. 2019</a>,15.815899,0.941556,-0.941556,1.411,1694.0339,216.1244,-216.1244,Mass,<a refstr=HARTMAN_ET_AL__2019 href=https://ui.adsabs.harvard.edu/abs/2019AJ....157...55H/abstract target=ref>Hartman et al. 2019</a>,5.33,2.34,0.064,,,2637.0,1998.0,,6626.0,1.841,1.411,-0.017,0.059532246633593196
HD 1397 b,HD 1397,1,1,Transit,2018,11.53533,0.1097,88.99,0.00079,-0.0008,<a refstr=NIELSEN_ET_AL__2019 href=https://ui.adsabs.harvard.edu/abs/2019A&A...623A.100N/abstract target=ref>Nielsen et al. 2019</a>,11.500434,0.280225,-0.302643,1.026,131.89945,6.3566,-6.3566,Mass,<a refstr=NIELSEN_ET_AL__2019 href=https://ui.adsabs.harvard.edu/abs/2019A&A...623A.100N/abstract target=ref>Nielsen et al. 2019</a>,0.415,0.477,0.251,0.02,-0.019,356.0,1228.3,G5 III/IV,5521.0,2.336,1.324,0.29,0.02631578947368421
HATS-67 b,HATS-67,1,1,Transit,2018,1.6091788,0.03032,79.03,4e-06,-4e-06,<a refstr=HARTMAN_ET_AL__2019 href=https://ui.adsabs.harvard.edu/abs/2019AJ....157...55H/abstract target=ref>Hartman et al. 2019</a>,18.887165,0.526823,-0.526823,1.685,460.8535,38.1396,-38.1396,Mass,<a refstr=HARTMAN_ET_AL__2019 href=https://ui.adsabs.harvard.edu/abs/2019AJ....157...55H/abstract target=ref>Hartman et al. 2019</a>,1.45,0.374,0.057,,,3821.0,2193.0,,6594.0,1.441,1.435,0.332,0.027893175074183978
HATS-68 b,HATS-68,1,1,Transit,2018,3.5862202,0.05071,83.21,4.7e-06,-4.7e-06,<a refstr=HARTMAN_ET_AL__2019 href=https://ui.adsabs.harvard.edu/abs/2019AJ....157...55H/abstract target=ref>Hartman et al. 2019</a>,13.809488,0.437151,-0.325061,1.232,410.0007,18.75197,-18.75197,Mass,<a refstr=HARTMAN_ET_AL__2019 href=https://ui.adsabs.harvard.edu/abs/2019AJ....157...55H/abstract target=ref>Hartman et al. 2019</a>,1.29,0.856,0.036,,,1521.0,1741.0,,6147.0,1.748,1.351,0.21,0.03165584415584416
WASP-190 b,WASP-190,1,1,Transit,2019,5.367753,0.0663,87.1,4e-06,-4e-06,<a refstr=TEMPLE_ET_AL__2019 href=https://ui.adsabs.harvard.edu/abs/2019AJ....157..141T/abstract target=ref>Temple et al. 2019</a>,12.89035,1.00881,-1.00881,1.15,317.83,31.783,-31.783,Mass,<a refstr=TEMPLE_ET_AL__2019 href=https://ui.adsabs.harvard.edu/abs/2019AJ....157..141T/abstract target=ref>Temple et al. 2019</a>,1.0,0.815,0.0,,,747.132,1500.0,F6 IV-V,6400.0,1.6,1.35,-0.02,0.0782608695652174
XO-7 b,XO-7,1,1,Transit,2019,2.8641424,0.04421,83.45,4.3e-06,-4.3e-06,<a refstr=CROUZET_ET_AL__2020 href=https://ui.adsabs.harvard.edu/abs/2020AJ....159...44C/abstract target=ref>Crouzet et al. 2020</a>,15.389957,0.291434,-0.291434,1.373,225.34147,10.80622,-10.80622,Mass,<a refstr=CROUZET_ET_AL__2020 href=https://ui.adsabs.harvard.edu/abs/2020AJ....159...44C/abstract target=ref>Crouzet et al. 2020</a>,0.709,0.34,0.038,0.033,-0.033,1540.0,1743.0,G0 V,6250.0,1.48,1.405,0.432,0.018936635105608158
HATS-55 b,HATS-55,1,1,Transit,2019,4.2042001,0.05412,86.32,3.3e-06,-3.3e-06,<a refstr=ESPINOZA_ET_AL__2019 href=https://ui.adsabs.harvard.edu/abs/2019AJ....158...63E/abstract target=ref>Espinoza et al. 2019</a>,14.022459,0.291434,-0.291434,1.251,292.72143,24.15508,-24.15508,Mass,<a refstr=ESPINOZA_ET_AL__2019 href=https://ui.adsabs.harvard.edu/abs/2019AJ....158...63E/abstract target=ref>Espinoza et al. 2019</a>,0.921,0.587,0.092,,,355.909,1367.0,,6214.0,1.126,1.1955,0.108,0.020783373301358914
TOI-813 b,TOI-813,1,1,Transit,2020,83.8911,0.423,89.64,0.0027,-0.0031,<a refstr=EISNER_ET_AL__2020 href=https://ui.adsabs.harvard.edu/abs/2020MNRAS.494..750E/abstract target=ref>Eisner et al. 2020</a>,6.71,0.38,-0.38,0.5986261,36.4,,,M-R relationship,<a refstr=CALCULATED_VALUE href=/docs/pscp_calc.html target=_blank>Calculated Value</a>,0.114,0.662,0.0,,,23.1,610.0,G0 IV,5907.0,1.94,1.32,0.1,0.05663189269746647
HATS-58 A b,HATS-58 A,2,1,Transit,2019,4.2180896,0.05798,85.69,8.9e-06,-8.9e-06,<a refstr=ESPINOZA_ET_AL__2019 href=https://ui.adsabs.harvard.edu/abs/2019AJ....158...63E/abstract target=ref>Espinoza et al. 2019</a>,12.273855,0.694958,-0.694958,1.095,327.3649,73.1009,-73.1009,Mass,<a refstr=ESPINOZA_ET_AL__2019 href=https://ui.adsabs.harvard.edu/abs/2019AJ....158...63E/abstract target=ref>Espinoza et al. 2019</a>,1.03,0.96,0.168,,,382.7103,1721.0,,7175.0,1.433,1.461,,0.05662100456621005
WASP-169 b,WASP-169,1,1,Transit,2019,5.6114118,0.0681,87.9,9.2e-06,-9.2e-06,<a refstr=NIELSEN_ET_AL__2019 href=https://ui.adsabs.harvard.edu/abs/2019MNRAS.489.2478N/abstract target=ref>Nielsen et al. 2019</a>,14.616536,1.68135,-0.818257,1.304,178.30263,19.38763,-19.38763,Mass,<a refstr=NIELSEN_ET_AL__2019 href=https://ui.adsabs.harvard.edu/abs/2019MNRAS.489.2478N/abstract target=ref>Nielsen et al. 2019</a>,0.561,0.33,0.0,,,1486.8579,1604.0,F8,6110.0,2.011,1.337,0.06,0.11503067484662576
Kepler-1998 b,Kepler-1998,1,1,Transit,2023,3.03267135,0.0405,88.93,1.374e-05,-1.374e-05,<a refstr=Q1_Q17_DR25_KOI_TABLE href=https://exoplanetarchive.ipac.caltech.edu/docs/Kepler_KOI_docs.html target=ref>Q1-Q17 DR25 KOI Table</a>,0.6,0.08,-0.04,0.05352851,0.156,,,M-R relationship,<a refstr=CALCULATED_VALUE href=/docs/pscp_calc.html target=_blank>Calculated Value</a>,0.00049,3.97,0.0,,,468.31,1187.0,,5640.0,0.921,0.962,0.06,0.13333333333333333
Kepler-1994 b,Kepler-1994,1,1,Transit,2023,4.61225043,0.053,89.95,3.445e-05,-3.445e-05,<a refstr=Q1_Q17_DR25_KOI_TABLE href=https://exoplanetarchive.ipac.caltech.edu/docs/Kepler_KOI_docs.html target=ref>Q1-Q17 DR25 KOI Table</a>,0.51,0.06,-0.05,0.04549923,0.087,,,M-R relationship,<a refstr=CALCULATED_VALUE href=/docs/pscp_calc.html target=_blank>Calculated Value</a>,0.000274,3.6,0.0,,,268.27,1032.0,,5495.0,0.961,0.932,0.16,0.11764705882352941
Kepler-1984 b,Kepler-1984,1,1,Transit,2023,1.992812339,0.0238,55.11,7.832e-06,-7.832e-06,<a refstr=Q1_Q17_DR25_KOI_TABLE href=https://exoplanetarchive.ipac.caltech.edu/docs/Kepler_KOI_docs.html target=ref>Q1-Q17 DR25 KOI Table</a>,6.81,0.75,-0.9,0.60754855,37.3,,,M-R relationship,<a refstr=CALCULATED_VALUE href=/docs/pscp_calc.html target=_blank>Calculated Value</a>,0.117,0.649,0.0,,,48.82,675.0,,3638.0,0.42,0.45,-0.14,0.13215859030837004
WASP-175 b,WASP-175,1,1,Transit,2019,3.0652907,0.04403,85.33,1.1e-06,-1.6e-06,<a refstr=NIELSEN_ET_AL__2019 href=https://ui.adsabs.harvard.edu/abs/2019MNRAS.489.2478N/abstract target=ref>Nielsen et al. 2019</a>,13.540472,0.907929,-0.907929,1.208,314.6517,41.3179,-41.3179,Mass,<a refstr=NIELSEN_ET_AL__2019 href=https://ui.adsabs.harvard.edu/abs/2019MNRAS.489.2478N/abstract target=ref>Nielsen et al. 2019</a>,0.99,0.74,0.0,,,649.429,1571.0,F7,6229.0,1.204,1.212,0.15,0.06705298013245033
Kepler-1661 b,Kepler-1661,2,1,Transit,2020,175.06,0.633,89.46,0.06,-0.06,<a refstr=SOCIA_ET_AL__2020 href=https://ui.adsabs.harvard.edu/abs/2020AJ....159...94S/abstract target=ref>Socia et al. 2020</a>,3.87,0.06,-0.06,0.34525827,17.0,12.0,-12.0,Mass,<a refstr=SOCIA_ET_AL__2020 href=https://ui.adsabs.harvard.edu/abs/2020AJ....159...94S/abstract target=ref>Socia et al. 2020</a>,0.05348771,1.6,0.057,0.005,-0.005,0.88,243.0,K,5100.0,0.762,0.841,-0.12,0.015503875968992248
Kepler-1985 b,Kepler-1985,1,1,Transit,2023,3.42064689,0.0426,82.03,1.928e-05,-1.928e-05,<a refstr=Q1_Q17_DR25_KOI_TABLE href=https://exoplanetarchive.ipac.caltech.edu/docs/Kepler_KOI_docs.html target=ref>Q1-Q17 DR25 KOI Table</a>,2.27,0.25,-0.22,0.20251618,5.77,,,M-R relationship,<a refstr=CALCULATED_VALUE href=/docs/pscp_calc.html target=_blank>Calculated Value</a>,0.0182,2.71,0.0,,,382.68,1129.0,,5370.0,0.966,0.877,0.14,0.11013215859030837
WASP-180 A b,WASP-180 A,2,1,Transit,2019,3.409264,0.048,88.1,1e-06,-1e-06,<a refstr=TEMPLE_ET_AL__2019 href=https://ui.adsabs.harvard.edu/abs/2019MNRAS.490.2467T/abstract target=ref>Temple et al. 2019</a>,13.89916,0.44836,-0.44836,1.24,286.047,31.783,-31.783,Mass,<a refstr=TEMPLE_ET_AL__2019 href=https://ui.adsabs.harvard.edu/abs/2019MNRAS.490.2467T/abstract target=ref>Temple et al. 2019</a>,0.9,0.61,0.0,,,918.3877,1540.0,F7 V,6600.0,1.19,1.3,0.1,0.03225806451612903
WASP-2 b,WASP-2,2,1,Transit,2007,2.152175,0.03144,84.49,1.2e-05,-1.1e-05,<a refstr=ADDISON_ET_AL__2019 href=https://ui.adsabs.harvard.edu/abs/2019PASP..131k5003A/abstract target=ref>Addison et al. 2019</a>,12.116929,0.459569,-0.44836,1.081,295.89973,19.0698,-18.43414,Mass,<a refstr=ADDISON_ET_AL__2019 href=https://ui.adsabs.harvard.edu/abs/2019PASP..131k5003A/abstract target=ref>Addison et al. 2019</a>,0.931,0.914,0.0054,0.009,-0.0044,492.0,1311.0,K1,5180.0,0.866,0.895,0.12,0.037927844588344126
WASP-44 b,WASP-44,1,1,Transit,2011,2.423804,0.03453,86.21,8e-06,-8e-06,<a refstr=ADDISON_ET_AL__2019 href=https://ui.adsabs.harvard.edu/abs/2019PASP..131k5003A/abstract target=ref>Addison et al. 2019</a>,12.3299,0.907929,-0.851884,1.1,276.5121,20.02329,-19.70546,Mass,<a refstr=ADDISON_ET_AL__2019 href=https://ui.adsabs.harvard.edu/abs/2019PASP..131k5003A/abstract target=ref>Addison et al. 2019</a>,0.87,0.811,0.0,,,533.0,1337.0,G8 V,5420.0,0.906,0.935,-0.003,0.07363636363636364
WASP-45 b,WASP-45,2,1,Transit,2011,3.126089,0.03963,85.02,3e-06,-3e-06,<a refstr=ADDISON_ET_AL__2019 href=https://ui.adsabs.harvard.edu/abs/2019PASP..131k5003A/abstract target=ref>Addison et al. 2019</a>,10.603714,0.650122,-0.571659,0.946,306.38812,18.43414,-17.79848,Mass,<a refstr=ADDISON_ET_AL__2019 href=https://ui.adsabs.harvard.edu/abs/2019PASP..131k5003A/abstract target=ref>Addison et al. 2019</a>,0.964,1.418,0.0,,,294.0,1153.0,K2 V,5150.0,0.855,0.85,-0.03,0.0613107822410148
HATS-47 b,HATS-47,1,1,Transit,2020,3.9228038,0.04269,87.08,2.2e-06,-2.2e-06,<a refstr=HARTMAN_ET_AL__2020 href=https://ui.adsabs.harvard.edu/abs/2020AJ....159..173H/abstract target=ref>Hartman et al. 2020</a>,12.520453,0.156926,-0.156926,1.117,117.27927,9.85273,-6.67443,Mass,<a refstr=HARTMAN_ET_AL__2020 href=https://ui.adsabs.harvard.edu/abs/2020AJ....159..173H/abstract target=ref>Hartman et al. 2020</a>,0.369,0.331,0.088,,,87.73,852.9,,4512.0,0.6564,0.674,-0.113,0.012533572068039392
EPIC 248847494 b,EPIC 248847494,1,1,Transit,2018,3650.0,4.5,89.87,1280.0,-1130.0,<a refstr=GILES_ET_AL__2018 href=https://ui.adsabs.harvard.edu/abs/2018A&A...615L..13G/abstract target=ref>Giles et al. 2018</a>,12.44199,0.78463,-0.78463,1.11,4131.79,,,Mass,<a refstr=GILES_ET_AL__2018 href=https://ui.adsabs.harvard.edu/abs/2018A&A...615L..13G/abstract target=ref>Giles et al. 2018</a>,13.0,,0.0,,,0.19,183.0,,4898.0,2.7,0.9,-0.23,0.06306306306306307
WASP-184 b,WASP-184,1,1,Transit,2019,5.1817,0.0627,86.9,1e-05,-1e-05,<a refstr=HELLIER_ET_AL__2019 href=https://ui.adsabs.harvard.edu/abs/2019MNRAS.490.1479H/abstract target=ref>Hellier et al. 2019</a>,14.90797,1.00881,-1.00881,1.33,181.1631,31.783,-31.783,Mass,<a refstr=HELLIER_ET_AL__2019 href=https://ui.adsabs.harvard.edu/abs/2019MNRAS.490.1479H/abstract target=ref>Hellier et al. 2019</a>,0.57,0.32,0.0,,,669.018,1480.0,G0 V,6000.0,1.65,1.23,0.12,0.06766917293233082
WASP-185 b,WASP-185,1,1,Transit,2019,9.38755,0.0904,86.8,2e-05,-2e-05,<a refstr=HELLIER_ET_AL__2019 href=https://ui.adsabs.harvard.edu/abs/2019MNRAS.490.1479H/abstract target=ref>Hellier et al. 2019</a>,14.01125,0.89672,-0.89672,1.25,311.4734,19.0698,-19.0698,Mass,<a refstr=HELLIER_ET_AL__2019 href=https://ui.adsabs.harvard.edu/abs/2019MNRAS.490.1479H/abstract target=ref>Hellier et al. 2019</a>,0.98,0.66,0.24,0.04,-0.04,662.3252,1160.0,G0 V,5900.0,1.5,1.12,-0.02,0.064
TOI-150.01,TOI-150,1,1,Transit,2019,5.857487,0.07037,88.09,8.9e-05,-9.7e-05,<a refstr=KOSSAKOWSKI_ET_AL__2019 href=https://ui.adsabs.harvard.edu/abs/2019MNRAS.490.1094K/abstract target=ref>Kossakowski et al. 2019</a>,14.067295,0.235389,-0.212971,1.255,797.7533,38.1396,-38.1396,Mass,<a refstr=KOSSAKOWSKI_ET_AL__2019 href=https://ui.adsabs.harvard.edu/abs/2019MNRAS.490.1094K/abstract target=ref>Kossakowski et al. 2019</a>,2.51,1.68,0.262,0.045,-0.037,750.922,1404.5,F,6255.0,1.526,1.351,0.28,0.016733067729083666
Kepler-1983 b,Kepler-1983,1,1,Transit,2023,7.32851947,0.0689,85.76,2.311e-05,-2.311e-05,<a refstr=Q1_Q17_DR25_KOI_TABLE href=https://exoplanetarchive.ipac.caltech.edu/docs/Kepler_KOI_docs.html target=ref>Q1-Q17 DR25 KOI Table</a>,2.33,0.13,-0.18,0.20786903,6.04,,,M-R relationship,<a refstr=CALCULATED_VALUE href=/docs/pscp_calc.html target=_blank>Calculated Value</a>,0.019,2.62,0.0,,,100.13,807.0,,5135.0,0.874,0.812,0.12,0.07725321888412016
NGTS-8 b,NGTS-8,1,1,Transit,2019,2.4997,0.035,86.9,1e-05,-1e-05,<a refstr=COSTES_ET_AL__2020 href=https://ui.adsabs.harvard.edu/abs/2020MNRAS.491.2834C/abstract target=ref>Costes et al. 2020</a>,12.21781,0.33627,-0.33627,1.09,295.5819,12.7132,-9.5349,Mass,<a refstr=COSTES_ET_AL__2020 href=https://ui.adsabs.harvard.edu/abs/2020MNRAS.491.2834C/abstract target=ref>Costes et al. 2020</a>,0.93,0.89,0.01,0.014,-0.01,503.0,1345.0,K0 V,5241.0,0.98,0.89,0.24,0.027522935779816515
Kepler-1982 b,Kepler-1982,1,1,Transit,2023,3.82315697,0.0511,89.7,4.481e-05,-4.481e-05,<a refstr=Q1_Q17_DR25_KOI_TABLE href=https://exoplanetarchive.ipac.caltech.edu/docs/Kepler_KOI_docs.html target=ref>Q1-Q17 DR25 KOI Table</a>,0.77,0.14,-0.04,0.06869492,0.381,,,M-R relationship,<a refstr=CALCULATED_VALUE href=/docs/pscp_calc.html target=_blank>Calculated Value</a>,0.0012,4.59,0.0,,,638.38,1282.0,,6202.0,1.122,1.213,0.21,0.18181818181818182
HAT-P-69 b,HAT-P-69,1,1,Transit,2019,4.7869491,0.06555,87.19,1.8e-06,-2.1e-06,<a refstr=ZHOU_ET_AL__2019 href=https://ui.adsabs.harvard.edu/abs/2019AJ....158..141Z/abstract target=ref>Zhou et al. 2019</a>,18.786284,0.571659,-0.369897,1.676,1137.8314,184.3414,-184.3414,Mass,<a refstr=ZHOU_ET_AL__2019 href=https://ui.adsabs.harvard.edu/abs/2019AJ....158..141Z/abstract target=ref>Zhou et al. 2019</a>,3.58,1.02,0.0,,,2320.18,1930.0,,7394.0,1.926,1.648,-0.069,0.030429594272076376
TOI-905 b,TOI-905,1,1,Transit,2020,3.739494,0.04666,85.68,3.8e-05,-3.8e-05,<a refstr=DAVIS_ET_AL__2020 href=https://ui.adsabs.harvard.edu/abs/2020AJ....160..229D/abstract target=ref>Davis et al. 2020</a>,13.125739,0.594077,-0.571659,1.171,211.99261,13.34886,-13.03103,Mass,<a refstr=DAVIS_ET_AL__2020 href=https://ui.adsabs.harvard.edu/abs/2020AJ....160..229D/abstract target=ref>Davis et al. 2020</a>,0.667,0.515,0.024,0.025,-0.017,337.0,1192.0,,5570.0,0.918,0.968,0.14,0.04526046114432109
WASP-150 b,WASP-150,1,1,Transit,2020,5.644207,0.0694,84.01,3e-06,-4e-06,<a refstr=COOKE_ET_AL__2020 href=https://ui.adsabs.harvard.edu/abs/2020AJ....159..255C/abstract target=ref>Cooke et al. 2020</a>,11.99363,0.269016,-0.280225,1.07,2688.8418,88.9924,-63.566,Mass,<a refstr=COOKE_ET_AL__2020 href=https://ui.adsabs.harvard.edu/abs/2020AJ....159..255C/abstract target=ref>Cooke et al. 2020</a>,8.46,8.54,0.3775,0.0038,-0.0029,854.7074,1460.0,F8,6218.0,1.651,1.394,0.156,0.023364485981308414
NGTS-13 b,NGTS-13,1,1,Transit,2021,4.119027,0.0549,88.7,2.3e-05,-2.3e-05,<a refstr=GRIEVES_ET_AL__2021 href=https://ui.adsabs.harvard.edu/abs/2021A&A...647A.180G/abstract target=ref>Grieves et al. 2021</a>,12.800678,0.515614,-0.515614,1.142,1538.2972,139.8452,-139.8452,Mass,<a refstr=GRIEVES_ET_AL__2021 href=https://ui.adsabs.harvard.edu/abs/2021A&A...647A.180G/abstract target=ref>Grieves et al. 2021</a>,4.84,4.02,0.086,0.034,-0.034,1096.0,1605.0,,5819.0,1.788,1.3,0.25,0.040280210157618214
NGTS-14 A b,NGTS-14 A,2,1,Transit,2021,3.5357173,0.0403,86.7,6.9e-06,-6.9e-06,<a refstr=SMITH_ET_AL__2021 href=https://ui.adsabs.harvard.edu/abs/2021A&A...646A.183S/abstract target=ref>Smith et al. 2021</a>,4.976796,0.33627,-0.33627,0.444,29.24036,3.81396,-3.81396,Mass,<a refstr=SMITH_ET_AL__2021 href=https://ui.adsabs.harvard.edu/abs/2021A&A...646A.183S/abstract target=ref>Smith et al. 2021</a>,0.092,1.395,0.0,,,191.782,1143.0,K1 V,5187.0,0.842,0.898,0.1,0.06756756756756757
EPIC 201757695.02,EPIC 201757695,1,1,Transit,2020,2.0478,0.0296,89.2757,0.0001,-0.0001,<a refstr=DEL_SER__AMP__FORS_2020 href=https://ui.adsabs.harvard.edu/abs/2020MNRAS.498.2778D/abstract target=ref>del Ser &amp; Fors 2020</a>,0.90819,0.05861,-0.06401,0.08102328,0.688,,,M-R relationship,<a refstr=CALCULATED_VALUE href=/docs/pscp_calc.html target=_blank>Calculated Value</a>,0.00217,5.05,0.0,,,494.202,1025.29,,4520.0,0.655,0.727,-0.003,0.07048084651890023
HD 110082 b,HD 110082,2,1,Transit,2021,10.18271,0.113,88.2,4e-05,-4e-05,<a refstr=TOFFLEMIRE_ET_AL__2021 href=https://ui.adsabs.harvard.edu/abs/2021AJ....161..171T/abstract target=ref>Tofflemire et al. 2021</a>,3.2,0.1,-0.1,0.28548488,10.3,,,M-R relationship,<a refstr=CALCULATED_VALUE href=/docs/pscp_calc.html target=_blank>Calculated Value</a>,0.0325,1.73,0.2,0.2,-0.1,198.3948,957.2,F8 V,6200.0,1.19,1.21,0.08,0.03125
TOI-954 b,TOI-954,1,1,Transit,2020,3.6849729,0.04963,84.4,2.7e-06,-2.8e-06,<a refstr=SHA_ET_AL__2021 href=https://ui.adsabs.harvard.edu/abs/2021AJ....161...82S/abstract target=ref>Sha et al. 2021</a>,9.550068,0.594077,-0.694958,0.852,55.30242,5.72094,-5.40311,Mass,<a refstr=SHA_ET_AL__2021 href=https://ui.adsabs.harvard.edu/abs/2021AJ....161...82S/abstract target=ref>Sha et al. 2021</a>,0.174,0.35,0.14,0.18,-0.11,1393.0,1526.0,,5710.0,1.892,1.201,0.215,0.07276995305164319
K2-329 b,K2-329,1,1,Transit,2020,12.4551225,0.1016,89.22,3.1e-06,-3.1e-06,<a refstr=SHA_ET_AL__2021 href=https://ui.adsabs.harvard.edu/abs/2021AJ....161...82S/abstract target=ref>Sha et al. 2021</a>,8.675766,0.291434,-0.269016,0.774,82.6358,6.3566,-6.99226,Mass,<a refstr=SHA_ET_AL__2021 href=https://ui.adsabs.harvard.edu/abs/2021AJ....161...82S/abstract target=ref>Sha et al. 2021</a>,0.26,0.694,0.0697,0.041,-0.04,45.7,650.0,,5282.0,0.822,0.901,0.098,0.03359173126614987
HATS-49 b,HATS-49,1,1,Transit,2020,4.1480467,0.04515,88.27,3.7e-06,-3.7e-06,<a refstr=HARTMAN_ET_AL__2020 href=https://ui.adsabs.harvard.edu/abs/2020AJ....159..173H/abstract target=ref>Hartman et al. 2020</a>,8.574885,0.145717,-0.145717,0.765,112.19399,12.07754,-8.58141,Mass,<a refstr=HARTMAN_ET_AL__2020 href=https://ui.adsabs.harvard.edu/abs/2020AJ....159..173H/abstract target=ref>Hartman et al. 2020</a>,0.353,0.986,0.071,,,80.45,834.8,,4405.0,0.6977,0.7133,0.208,0.016993464052287584
Wendelstein-1 b,Wendelstein-1,1,1,Transit,2020,2.663416,0.0282,86.12,1e-06,-1e-06,<a refstr=OBERMEIER_ET_AL__2020 href=https://ui.adsabs.harvard.edu/abs/2020A&A...639A.130O/abstract target=ref>Obermeier et al. 2020</a>,11.5609626,0.0683749,-0.0683749,1.0314,188.15536,52.44195,-41.00007,Mass,<a refstr=OBERMEIER_ET_AL__2020 href=https://ui.adsabs.harvard.edu/abs/2020A&A...639A.130O/abstract target=ref>Obermeier et al. 2020</a>,0.592,0.72,0.012,,,113.6142,2198.0,K7 V,4251.0,0.61,0.65,,0.005914291254605391
TOI-481 b,TOI-481,1,1,Transit,2020,10.33111,0.097,89.2,2e-05,-2e-05,<a refstr=BRAHM_ET_AL__2020 href=https://ui.adsabs.harvard.edu/abs/2020AJ....160..235B/abstract target=ref>Brahm et al. 2020</a>,11.09691,0.11209,-0.11209,0.99,486.2799,9.5349,-9.5349,Mass,<a refstr=BRAHM_ET_AL__2020 href=https://ui.adsabs.harvard.edu/abs/2020AJ....160..235B/abstract target=ref>Brahm et al. 2020</a>,1.53,1.96,0.153,0.006,-0.007,253.126,1370.0,G,5735.0,1.66,1.14,0.26,0.010101010101010102
TIC 237913194 b,TIC 237913194,1,1,Transit,2020,15.168865,0.1207,87.0,1.8e-05,-1.8e-05,<a refstr=SCHLECKER_ET_AL__2020 href=https://ui.adsabs.harvard.edu/abs/2020AJ....160..275S/abstract target=ref>Schlecker et al. 2020</a>,12.520453,0.605286,-0.526823,1.117,617.22586,29.24036,-28.92253,Mass,<a refstr=SCHLECKER_ET_AL__2020 href=https://ui.adsabs.harvard.edu/abs/2020AJ....160..275S/abstract target=ref>Schlecker et al. 2020</a>,1.942,1.847,0.575,0.011,-0.011,83.3856,974.0,G3,5788.0,1.088,1.026,0.14,0.048343777976723366
TOI-157 b,TOI-157,1,1,Transit,2020,2.0845435,0.03138,82.01,2.3e-06,-2.3e-06,<a refstr=NIELSEN_ET_AL__2020 href=https://ui.adsabs.harvard.edu/abs/2020A&A...639A..76N/abstract target=ref>Nielsen et al. 2020</a>,14.414774,0.257807,-0.22418,1.286,375.0394,41.3179,-38.1396,Mass,<a refstr=NIELSEN_ET_AL__2020 href=https://ui.adsabs.harvard.edu/abs/2020A&A...639A..76N/abstract target=ref>Nielsen et al. 2020</a>,1.18,0.686,0.0,,,1062.0,1588.0,G9 IV,5404.0,1.167,0.948,0.24,0.017884914463452566
TOI-169 b,TOI-169,1,1,Transit,2020,2.2554477,0.03524,80.98,6.3e-06,-6.3e-06,<a refstr=NIELSEN_ET_AL__2020 href=https://ui.adsabs.harvard.edu/abs/2020A&A...639A..76N/abstract target=ref>Nielsen et al. 2020</a>,12.172974,0.907929,-0.538032,1.086,251.40353,20.34112,-19.0698,Mass,<a refstr=NIELSEN_ET_AL__2020 href=https://ui.adsabs.harvard.edu/abs/2020A&A...639A..76N/abstract target=ref>Nielsen et al. 2020</a>,0.791,0.76,0.0,,,1443.0,1715.0,G1 V,5880.0,1.288,1.147,0.24,0.07458563535911603
HATS-37 A b,HATS-37 A,2,1,Transit,2020,4.3315366,0.04913,89.33,4.1e-06,-4.1e-06,<a refstr=JORD_AACUTE_N_ET_AL__2020 href=https://ui.adsabs.harvard.edu/abs/2020AJ....160..222J/abstract target=ref>Jord&aacute;n et al. 2020</a>,6.792654,0.179344,-0.179344,0.606,31.46517,13.34886,-13.34886,Mass,<a refstr=JORD_AACUTE_N_ET_AL__2020 href=https://ui.adsabs.harvard.edu/abs/2020AJ....160..222J/abstract target=ref>Jord&aacute;n et al. 2020</a>,0.099,0.55,0.0,,,229.7,1085.0,,5326.0,0.877,0.843,0.051,0.026402640264026403
CoRoT-30 b,CoRoT-30,1,1,Transit,2020,9.06005,0.0844,90.0,0.00024,-0.00024,<a refstr=BORD_EACUTE__ET_AL__2020 href=https://ui.adsabs.harvard.edu/abs/2020A&A...635A.122B/abstract target=ref>Bord&eacute; et al. 2020</a>,11.309881,0.851884,-0.851884,1.009,921.707,69.9226,-69.9226,Mass,<a refstr=BORD_EACUTE__ET_AL__2020 href=https://ui.adsabs.harvard.edu/abs/2020A&A...635A.122B/abstract target=ref>Bord&eacute; et al. 2020</a>,2.9,3.45,0.007,0.031,-0.031,89.2872,894.6,G3 V,5650.0,0.91,0.98,0.02,0.0753221010901883
WASP-186 b,WASP-186,1,1,Transit,2020,5.026799,0.06,83.59,1.2e-05,-1.4e-05,<a refstr=SCHANCHE_ET_AL__2020 href=https://ui.adsabs.harvard.edu/abs/2020MNRAS.499..428S/abstract target=ref>Schanche et al. 2020</a>,12.44199,0.33627,-0.33627,1.11,1341.2426,57.2094,-57.2094,Mass,<a refstr=SCHANCHE_ET_AL__2020 href=https://ui.adsabs.harvard.edu/abs/2020MNRAS.499..428S/abstract target=ref>Schanche et al. 2020</a>,4.22,3.821,0.33,0.01,-0.01,853.1355,1378.4,F,6361.0,1.47,1.22,-0.08,0.02702702702702703
TOI-251 b,TOI-251,1,1,Transit,2021,4.93777,0.05741,87.52,2.8e-05,-2.9e-05,<a refstr=ZHOU_ET_AL__2021 href=https://ui.adsabs.harvard.edu/abs/2021AJ....161....2Z/abstract target=ref>Zhou et al. 2021</a>,2.74,0.18,-0.18,0.24444643,317.83,,,Mass,<a refstr=ZHOU_ET_AL__2021 href=https://ui.adsabs.harvard.edu/abs/2021AJ....161....2Z/abstract target=ref>Zhou et al. 2021</a>,1.0,,0.0,,,277.7462,1041.19,,5875.0,0.881,1.036,-0.106,0.0656934306569343
HAT-P-68 b,HAT-P-68,1,1,Transit,2020,2.29840551,0.02996,88.73,5.2e-07,-5.2e-07,<a refstr=LINDOR_ET_AL__2021 href=https://ui.adsabs.harvard.edu/abs/2021AJ....161...64L/abstract target=ref>Lindor et al. 2021</a>,12.016048,0.134508,-0.134508,1.072,230.10892,13.66669,-13.66669,Mass,<a refstr=LINDOR_ET_AL__2021 href=https://ui.adsabs.harvard.edu/abs/2021AJ....161...64L/abstract target=ref>Lindor et al. 2021</a>,0.724,0.727,0.041,,,184.8,1027.8,K,4508.0,0.6701,0.6785,-0.059,0.011194029850746268
K2-344 b,K2-344,1,1,Transit,2021,3.35585,,,9.1e-05,-9.3e-05,<a refstr=DE_LEON_ET_AL_2021 href=https://ui.adsabs.harvard.edu/abs/2021MNRAS.508..195D/abstract target=ref>de Leon et al. 2021</a>,1.59,0.1,-0.05,0.14185054,3.15,,,M-R relationship,<a refstr=CALCULATED_VALUE href=/docs/pscp_calc.html target=_blank>Calculated Value</a>,0.00993,4.31,,,,37.2966,722.0,,4374.0,0.49,0.51,-0.95,0.06289308176100629
K2-339 b,K2-339,1,1,Transit,2021,19.507428,,,0.000116,-0.000113,<a refstr=DE_LEON_ET_AL_2021 href=https://ui.adsabs.harvard.edu/abs/2021MNRAS.508..195D/abstract target=ref>de Leon et al. 2021</a>,1.92,0.19,-0.12,0.17129122,4.35,,,M-R relationship,<a refstr=CALCULATED_VALUE href=/docs/pscp_calc.html target=_blank>Calculated Value</a>,0.0137,3.38,,,,,508.0,,4857.0,0.72,0.74,-0.11,0.09895833333333334
K2-156 b,K2-156,1,1,Transit,2018,0.813143,0.0149,89.8,7.7e-05,-7.7e-05,<a refstr=ADAMS_ET_AL__2021 href=https://ui.adsabs.harvard.edu/abs/2021PSJ.....2..152A/abstract target=ref>Adams et al. 2021</a>,1.1,0.09,-0.06,0.0981356,1.37,,,M-R relationship,<a refstr=CALCULATED_VALUE href=/docs/pscp_calc.html target=_blank>Calculated Value</a>,0.0043,5.66,,,,654.0363,1347.0,,4460.0,0.62,0.66,-0.33,0.0818181818181818
TOI-257 b,TOI-257,1,1,Transit,2021,18.38818,0.1528,87.91,0.00085,-0.00084,<a refstr=ADDISON_ET_AL__2021 href=https://ui.adsabs.harvard.edu/abs/2021MNRAS.502.3704A/abstract target=ref>Addison et al. 2021</a>,7.16253867,0.14571675,-0.14571675,0.639,43.86032017,7.31005336,-7.31005336,Mass,<a refstr=ADDISON_ET_AL__2021 href=https://ui.adsabs.harvard.edu/abs/2021MNRAS.502.3704A/abstract target=ref>Addison et al. 2021</a>,0.138,0.65,0.0,,,186.0,1027.0,,6095.0,1.867,1.407,0.175,0.020344288067906516
HAT-P-58 b,HAT-P-58,1,1,Transit,2021,4.0138379,0.04994,85.64,2.4e-06,-2.4e-06,<a refstr=BAKOS_ET_AL__2021 href=https://ui.adsabs.harvard.edu/abs/2021AJ....162....7B/abstract target=ref>Bakos et al. 2021</a>,14.93036229,0.48198617,-0.48198617,1.332,118.2321674,9.53485221,-9.53485221,Mass,<a refstr=BAKOS_ET_AL__2021 href=https://ui.adsabs.harvard.edu/abs/2021AJ....162....7B/abstract target=ref>Bakos et al. 2021</a>,0.372,0.194,0.073,,,1146.0,1622.0,,6078.0,1.53,1.031,-0.224,0.032282282280773775
HAT-P-59 b,HAT-P-59,1,1,Transit,2021,4.1419771,0.05064,85.18,1.2e-06,-1.2e-06,<a refstr=BAKOS_ET_AL__2021 href=https://ui.adsabs.harvard.edu/abs/2021AJ....162....7B/abstract target=ref>Bakos et al. 2021</a>,12.58768533,0.14571675,-0.14571675,1.123,489.45574678,21.29450327,-21.29450327,Mass,<a refstr=BAKOS_ET_AL__2021 href=https://ui.adsabs.harvard.edu/abs/2021AJ....162....7B/abstract target=ref>Bakos et al. 2021</a>,1.54,1.347,0.03,,,441.4,1277.8,,5678.0,1.1038,1.008,0.217,0.011576135419648277
TOI-269 b,TOI-269,1,1,Transit,2021,3.6977104,0.0345,88.14,3.7e-06,-3.7e-06,<a refstr=COINTEPAS_ET_AL__2021 href=https://ui.adsabs.harvard.edu/abs/2021A&A...650A.145C/abstract target=ref>Cointepas et al. 2021</a>,2.77,0.12,-0.12,0.24712327,8.8,1.4,-1.4,Mass,<a refstr=COINTEPAS_ET_AL__2021 href=https://ui.adsabs.harvard.edu/abs/2021A&A...650A.145C/abstract target=ref>Cointepas et al. 2021</a>,0.0276879,2.28,0.425,0.082,-0.086,19.0,531.0,M2 V,3514.0,0.398,0.3917,-0.29,0.04332129963898917
HAT-P-64 b,HAT-P-64,1,1,Transit,2021,4.007232,0.05387,88.01,1.7e-06,-1.7e-06,<a refstr=BAKOS_ET_AL__2021 href=https://ui.adsabs.harvard.edu/abs/2021AJ....162....7B/abstract target=ref>Bakos et al. 2021</a>,19.08889413,0.78462865,-0.78462865,1.703,184.34047606,57.20911326,-41.31769291,Mass,<a refstr=BAKOS_ET_AL__2021 href=https://ui.adsabs.harvard.edu/abs/2021AJ....162....7B/abstract target=ref>Bakos et al. 2021</a>,0.58,0.144,0.101,,,1611.0,1766.0,,6457.0,1.735,1.298,-0.113,0.04110393429061362
K2-353 b,K2-353,1,1,Transit,2021,15.466805,,,0.000572,-0.000565,<a refstr=DE_LEON_ET_AL_2021 href=https://ui.adsabs.harvard.edu/abs/2021MNRAS.508..195D/abstract target=ref>de Leon et al. 2021</a>,5.55,0.22,-0.2,0.49513869,26.3,,,M-R relationship,<a refstr=CALCULATED_VALUE href=/docs/pscp_calc.html target=_blank>Calculated Value</a>,0.0829,0.845,,,,33.0649,735.0,,5698.0,0.99,0.87,-0.21,0.039639639639639644
K2-137 b,K2-137,1,1,Transit,2017,0.179719,0.0058,93.1,2.8e-05,-2.8e-05,<a refstr=ADAMS_ET_AL__2021 href=https://ui.adsabs.harvard.edu/abs/2021PSJ.....2..152A/abstract target=ref>Adams et al. 2021</a>,0.64,0.1,-0.1,0.05709707,158.915,,,Mass,<a refstr=SMITH_ET_AL__2018 href=https://ui.adsabs.harvard.edu/abs/2018MNRAS.474.5523S/abstract target=ref>Smith et al. 2018</a>,0.5,,0.0,,,975.5731,1471.0,M3 V,3697.0,0.29,0.463,-0.059,0.15625
NGTS-15 b,NGTS-15,1,1,Transit,2021,3.27623,0.0441,,1e-05,-1e-05,<a refstr=TILBROOK_ET_AL_2021 href=https://ui.adsabs.harvard.edu/abs/2021MNRAS.504.6018T/abstract target=ref>Tilbrook et al. 2021</a>,12.32987877,1.12089807,-1.12089807,1.1,238.68913366,32.41849751,-27.96889982,Mass,<a refstr=TILBROOK_ET_AL_2021 href=https://ui.adsabs.harvard.edu/abs/2021MNRAS.504.6018T/abstract target=ref>Tilbrook et al. 2021</a>,0.751,0.74,0.0,,,425.0,1146.0,G6 V,5600.0,0.954,0.995,0.15,0.0909090909090909
K2-354 b,K2-354,1,1,Transit,2021,3.793306,,,0.000324,-0.000343,<a refstr=DE_LEON_ET_AL_2021 href=https://ui.adsabs.harvard.edu/abs/2021MNRAS.508..195D/abstract target=ref>de Leon et al. 2021</a>,1.56,0.08,-0.08,0.13917412,3.05,,,M-R relationship,<a refstr=CALCULATED_VALUE href=/docs/pscp_calc.html target=_blank>Calculated Value</a>,0.00961,4.41,,,,,543.0,,3669.0,0.41,0.43,-0.04,0.05128205128205128
K2-330 b,K2-330,1,1,Transit,2021,13.774798,,88.6272,2.8e-05,-2.8e-05,<a refstr=DE_LEON_ET_AL_2021 href=https://ui.adsabs.harvard.edu/abs/2021MNRAS.508..195D/abstract target=ref>de Leon et al. 2021</a>,2.77,0.14,-0.09,0.24712327,8.1,,,M-R relationship,<a refstr=CALCULATED_VALUE href=/docs/pscp_calc.html target=_blank>Calculated Value</a>,0.0255,2.09,,,,114.929,969.0,,6232.0,1.5,1.23,-0.03,0.05054151624548737
TOI-1333 b,TOI-1333,2,1,Transit,2021,4.720219,0.0626,85.7,1.1e-05,-1.1e-05,<a refstr=RODRIGUEZ_ET_AL__2021 href=https://ui.adsabs.harvard.edu/abs/2021AJ....161..194R/abstract target=ref>Rodriguez et al. 2021</a>,15.647764,0.627704,-0.605286,1.396,753.2571,76.2792,-76.2792,Mass,<a refstr=RODRIGUEZ_ET_AL__2021 href=https://ui.adsabs.harvard.edu/abs/2021AJ....161..194R/abstract target=ref>Rodriguez et al. 2021</a>,2.37,1.08,0.073,0.092,-0.052,1112.85,1679.0,,6274.0,1.925,1.464,0.119,0.04011461318051576
NGTS-18 b,NGTS-18,1,1,Transit,2021,3.05125,0.0448,,1e-05,-1e-05,<a refstr=TILBROOK_ET_AL_2021 href=https://ui.adsabs.harvard.edu/abs/2021MNRAS.504.6018T/abstract target=ref>Tilbrook et al. 2021</a>,13.56286665,2.01761653,-2.01761653,1.21,129.99181846,25.74410097,-20.02318964,Mass,<a refstr=TILBROOK_ET_AL_2021 href=https://ui.adsabs.harvard.edu/abs/2021MNRAS.504.6018T/abstract target=ref>Tilbrook et al. 2021</a>,0.409,0.28,0.0,,,845.0,1381.0,G5 V,5610.0,1.392,1.003,0.15,0.1487603308405307
K2-336 b,K2-336,1,1,Transit,2021,21.194733,,89.03041,0.000108,-0.000107,<a refstr=DE_LEON_ET_AL_2021 href=https://ui.adsabs.harvard.edu/abs/2021MNRAS.508..195D/abstract target=ref>de Leon et al. 2021</a>,1.22,0.09,-0.05,0.1088413,1.98,,,M-R relationship,<a refstr=CALCULATED_VALUE href=/docs/pscp_calc.html target=_blank>Calculated Value</a>,0.00624,5.99,,,,,569.0,,5424.0,0.8,0.86,-0.17,0.07377049180327869
K2-337 b,K2-337,1,1,Transit,2021,16.273563,,88.13758,5.4e-05,-5.3e-05,<a refstr=DE_LEON_ET_AL_2021 href=https://ui.adsabs.harvard.edu/abs/2021MNRAS.508..195D/abstract target=ref>de Leon et al. 2021</a>,2.62,0.19,-0.14,0.23374115,7.37,,,M-R relationship,<a refstr=CALCULATED_VALUE href=/docs/pscp_calc.html target=_blank>Calculated Value</a>,0.0232,2.25,,,,,850.0,,5869.0,1.32,0.94,-0.27,0.07251908396946564
K2-340 b,K2-340,1,1,Transit,2021,29.740451,,,0.000169,-0.000161,<a refstr=DE_LEON_ET_AL_2021 href=https://ui.adsabs.harvard.edu/abs/2021MNRAS.508..195D/abstract target=ref>de Leon et al. 2021</a>,3.36,0.44,-0.32,0.29975964,11.2,,,M-R relationship,<a refstr=CALCULATED_VALUE href=/docs/pscp_calc.html target=_blank>Calculated Value</a>,0.0354,1.62,,,,,606.0,,5532.0,1.13,0.93,0.08,0.13095238095238096
K2-100 b,K2-100,1,1,Transit,2016,1.6739035,0.0301,81.27,4e-07,-4e-07,<a refstr=BARRAG_AACUTE_N_ET_AL__2019 href=https://ui.adsabs.harvard.edu/abs/2019MNRAS.490..698B/abstract target=ref>Barrag&aacute;n et al. 2019</a>,3.88,0.16,-0.16,0.34615101,21.8,6.2,-6.2,Mass,<a refstr=BARRAG_AACUTE_N_ET_AL__2019 href=https://ui.adsabs.harvard.edu/abs/2019MNRAS.490..698B/abstract target=ref>Barrag&aacute;n et al. 2019</a>,0.06859047,2.04,0.0,,,1915.0,1841.0,G0 V,5945.0,1.24,1.15,0.22,0.041237113402061855
K2-349 b,K2-349,1,1,Transit,2021,9.032178,,,0.000874,-0.000874,<a refstr=DE_LEON_ET_AL_2021 href=https://ui.adsabs.harvard.edu/abs/2021MNRAS.508..195D/abstract target=ref>de Leon et al. 2021</a>,1.38,0.1,-0.07,0.12311557,2.48,,,M-R relationship,<a refstr=CALCULATED_VALUE href=/docs/pscp_calc.html target=_blank>Calculated Value</a>,0.0078,5.19,,,,,518.0,,4385.0,0.49,0.54,-0.66,0.07246376811594205
K2-351 b,K2-351,1,1,Transit,2021,7.806164,,,0.000673,-0.000623,<a refstr=DE_LEON_ET_AL_2021 href=https://ui.adsabs.harvard.edu/abs/2021MNRAS.508..195D/abstract target=ref>de Leon et al. 2021</a>,2.54,0.25,-0.19,0.22660401,6.99,,,M-R relationship,<a refstr=CALCULATED_VALUE href=/docs/pscp_calc.html target=_blank>Calculated Value</a>,0.022,2.34,,,,,934.0,,5769.0,1.05,1.02,0.08,0.09842519685039369
TOI-1201 b,TOI-1201,2,1,Transit,2021,2.4919863,0.0287,88.11,3e-06,-3.1e-06,<a refstr=KOSSAKOWSKI_ET_AL__2021 href=https://ui.adsabs.harvard.edu/abs/2021A&A...656A.124K/abstract target=ref>Kossakowski et al. 2021</a>,2.415,0.091,-0.09,0.21545224,6.28,0.84,-0.88,Mass,<a refstr=KOSSAKOWSKI_ET_AL__2021 href=https://ui.adsabs.harvard.edu/abs/2021A&A...656A.124K/abstract target=ref>Kossakowski et al. 2021</a>,0.01975909,2.45,0.0,,,40.6,703.0,M2.0 V,3476.0,0.508,0.512,0.05,0.03768115942028985
TOI-559 b,TOI-559,1,1,Transit,2021,6.9839095,0.0723,89.08,5.1e-06,-5.1e-06,<a refstr=IKWUT_UKWA_ET_AL__2022 href=https://ui.adsabs.harvard.edu/abs/2022AJ....163....9I/abstract target=ref>Ikwut-Ukwa et al. 2022</a>,12.22899794,0.31385146,-0.28022452,1.091,1910.14872607,76.27881768,-73.10053361,Mass,<a refstr=IKWUT_UKWA_ET_AL__2022 href=https://ui.adsabs.harvard.edu/abs/2022AJ....163....9I/abstract target=ref>Ikwut-Ukwa et al. 2022</a>,6.01,5.74,0.151,0.012,-0.011,404.915,1180.0,G V,5925.0,1.233,1.026,-0.069,0.025664527996477858
TOI-530 b,TOI-530,1,1,Transit,2021,6.387597,0.052,89.1,1.9e-05,-1.8e-05,<a refstr=GAN_ET_AL__2022 href=https://ui.adsabs.harvard.edu/abs/2022MNRAS.511...83G/abstract target=ref>Gan et al. 2022</a>,9.30345398,0.67253884,-0.67253884,0.83,127.1313628,28.60455663,-31.7828407,Mass,<a refstr=GAN_ET_AL__2022 href=https://ui.adsabs.harvard.edu/abs/2022MNRAS.511...83G/abstract target=ref>Gan et al. 2022</a>,0.4,0.93,0.0,,,14.259,565.0,M0.5 V,3659.0,0.54,0.53,0.376,0.07228915641930224
HAT-P-43 b,HAT-P-43,1,1,Transit,2012,3.3326414,0.0444,88.7,1.51e-05,-1.53e-05,<a refstr=CASTRO_GONZ_AACUTE_LEZ_ET_AL__2022 href=https://ui.adsabs.harvard.edu/abs/2022MNRAS.509.1075C/abstract target=ref>Castro-Gonz&aacute;lez et al. 2022</a>,13.63,0.64,-0.63,1.21598925,210.395,19.069,-19.069,Mass,<a refstr=BOISSE_ET_AL__2013 href=https://ui.adsabs.harvard.edu/abs/2013A%26A...558A..86B/abstract target=ref> Boisse et al. 2013 </a>,0.662,0.39,0.0,,,521.877,1353.0,F9,5693.0,1.08,1.03,0.2,0.04695524578136463
K2-95 b,K2-95,1,1,Transit,2016,10.1346454,0.0525,90.0,1.21e-05,-1.23e-05,<a refstr=CASTRO_GONZ_AACUTE_LEZ_ET_AL__2022 href=https://ui.adsabs.harvard.edu/abs/2022MNRAS.509.1075C/abstract target=ref>Castro-Gonz&aacute;lez et al. 2022</a>,3.31,0.2,-0.14,0.29529893,11.0,,,M-R relationship,<a refstr=CALCULATED_VALUE href=/docs/pscp_calc.html target=_blank>Calculated Value</a>,0.0345,1.67,0.16,0.19,-0.11,8.4172,474.0,M3.0,3566.0,0.4,0.41,0.1,0.06042296072507553
K2-101 b,K2-101,1,1,Transit,2016,14.6762429,0.1124,89.26,2.01e-05,-2.03e-05,<a refstr=CASTRO_GONZ_AACUTE_LEZ_ET_AL__2022 href=https://ui.adsabs.harvard.edu/abs/2022MNRAS.509.1075C/abstract target=ref>Castro-Gonz&aacute;lez et al. 2022</a>,2.0,0.14,-0.07,0.17842836,4.66,,,M-R relationship,<a refstr=CALCULATED_VALUE href=/docs/pscp_calc.html target=_blank>Calculated Value</a>,0.0147,3.2,0.1,0.18,-0.08,20.1207,618.0,K3,4927.0,0.76,0.82,0.07,0.07
K2-355 b,K2-355,1,1,Transit,2021,5.7385647,0.0632,,0.0013939,-0.0011048,<a refstr=CASTRO_GONZ_AACUTE_LEZ_ET_AL__2022 href=https://ui.adsabs.harvard.edu/abs/2022MNRAS.509.1075C/abstract target=ref>Castro-Gonz&aacute;lez et al. 2022</a>,2.25,0.22,-0.16,0.2007319,5.69,,,M-R relationship,<a refstr=CALCULATED_VALUE href=/docs/pscp_calc.html target=_blank>Calculated Value</a>,0.0179,2.74,,,,192.2722,1066.0,,5790.0,0.92,0.96,-0.12,0.09777777777777778
K2-356 b,K2-356,1,1,Transit,2021,21.0267366,0.1599,,0.0036912,-0.0038993,<a refstr=CASTRO_GONZ_AACUTE_LEZ_ET_AL__2022 href=https://ui.adsabs.harvard.edu/abs/2022MNRAS.509.1075C/abstract target=ref>Castro-Gonz&aacute;lez et al. 2022</a>,2.29,0.15,-0.12,0.20430047,5.86,,,M-R relationship,<a refstr=CALCULATED_VALUE href=/docs/pscp_calc.html target=_blank>Calculated Value</a>,0.0184,2.68,,,,22.3128,624.0,,5568.0,0.86,0.9,-0.11,0.06550218340611354
K2-357 b,K2-357,1,1,Transit,2021,16.3488637,0.145,,0.0013811,-0.0014022,<a refstr=CASTRO_GONZ_AACUTE_LEZ_ET_AL__2022 href=https://ui.adsabs.harvard.edu/abs/2022MNRAS.509.1075C/abstract target=ref>Castro-Gonz&aacute;lez et al. 2022</a>,3.72,0.23,-0.21,0.33187674,13.4,,,M-R relationship,<a refstr=CALCULATED_VALUE href=/docs/pscp_calc.html target=_blank>Calculated Value</a>,0.042,1.43,,,,40.8918,735.0,,5794.0,1.0,0.98,-0.02,0.06182795698924731
K2-358 b,K2-358,1,1,Transit,2021,11.2510285,0.0863,,0.0018188,-0.0017892,<a refstr=CASTRO_GONZ_AACUTE_LEZ_ET_AL__2022 href=https://ui.adsabs.harvard.edu/abs/2022MNRAS.509.1075C/abstract target=ref>Castro-Gonz&aacute;lez et al. 2022</a>,2.68,0.17,-0.14,0.239094,7.65,,,M-R relationship,<a refstr=CALCULATED_VALUE href=/docs/pscp_calc.html target=_blank>Calculated Value</a>,0.0241,2.18,,,,92.6053,888.0,,5650.0,0.91,0.93,-0.07,0.06343283582089553
K2-184 b,K2-184,1,1,Transit,2018,16.9780102,0.1685,89.46643,2.37e-05,-2.42e-05,<a refstr=CASTRO_GONZ_AACUTE_LEZ_ET_AL__2022 href=https://ui.adsabs.harvard.edu/abs/2022MNRAS.509.1075C/abstract target=ref>Castro-Gonz&aacute;lez et al. 2022</a>,1.47,0.11,-0.05,0.13114484,2.76,,,M-R relationship,<a refstr=CALCULATED_VALUE href=/docs/pscp_calc.html target=_blank>Calculated Value</a>,0.00869,4.77,,,,14.0501,533.0,,5245.0,0.75,0.84,-0.1,0.07482993197278912
K2-273 b,K2-273,1,1,Transit,2018,11.7195663,0.0729,90.0,1.34e-05,-1.35e-05,<a refstr=CASTRO_GONZ_AACUTE_LEZ_ET_AL__2022 href=https://ui.adsabs.harvard.edu/abs/2022MNRAS.509.1075C/abstract target=ref>Castro-Gonz&aacute;lez et al. 2022</a>,3.05,0.23,-0.12,0.27210324,9.53,,,M-R relationship,<a refstr=CALCULATED_VALUE href=/docs/pscp_calc.html target=_blank>Calculated Value</a>,0.03,1.85,,,,83.5129,849.0,,5161.0,0.85,0.89,0.2,0.07540983606557378
K2-104 b,K2-104,1,1,Transit,2016,1.9741954,0.0242,88.75,2.4e-06,-2.4e-06,<a refstr=CASTRO_GONZ_AACUTE_LEZ_ET_AL__2022 href=https://ui.adsabs.harvard.edu/abs/2022MNRAS.509.1075C/abstract target=ref>Castro-Gonz&aacute;lez et al. 2022</a>,1.79,0.1,-0.06,0.15969338,3.86,,,M-R relationship,<a refstr=CALCULATED_VALUE href=/docs/pscp_calc.html target=_blank>Calculated Value</a>,0.0121,3.7,0.09,0.167783,-0.07267,62.1,798.0,M2.5e,3712.0,0.48,0.51,0.18,0.0558659217877095
EPIC 220492298 b,EPIC 220492298,1,1,Transit,2021,0.762406,,92.6,0.00015,-0.00015,<a refstr=ADAMS_ET_AL__2021 href=https://ui.adsabs.harvard.edu/abs/2021PSJ.....2..152A/abstract target=ref>Adams et al. 2021</a>,0.99,0.1,-0.1,0.08832204,0.937,,,M-R relationship,<a refstr=CALCULATED_VALUE href=/docs/pscp_calc.html target=_blank>Calculated Value</a>,0.00295,5.31,,,,,,,5620.0,0.89,0.95,0.28,0.10101010101010102
TIC 172900988 b,TIC 172900988 Aa,2,1,Transit,2021,200.452,0.90281,91.79,0.011,-0.011,<a refstr=KOSTOV_ET_AL__2021 href=https://ui.adsabs.harvard.edu/abs/2021AJ....162..234K/abstract target=ref>Kostov et al. 2021</a>,11.25,0.44,-0.44,1.0036595,942.0,5.6,-5.6,Mass,<a refstr=KOSTOV_ET_AL__2021 href=https://ui.adsabs.harvard.edu/abs/2021AJ....162..234K/abstract target=ref>Kostov et al. 2021</a>,2.96386345,3.64,0.0271,0.0011,-0.0011,5.7522,361.24,F9,6050.0,1.3842,1.2384,0.34,0.03911111111111111
TOI-2257 b,TOI-2257,1,1,Transit,2021,35.189346,0.145,89.786,9e-05,-9e-05,<a refstr=SCHANCHE_ET_AL__2022 href=https://ui.adsabs.harvard.edu/abs/2022A&A...657A..45S/abstract target=ref>Schanche et al. 2022</a>,2.194,0.113,-0.111,0.19573591,5.45,,,M-R relationship,<a refstr=CALCULATED_VALUE href=/docs/pscp_calc.html target=_blank>Calculated Value</a>,0.0171,2.84,0.496,0.216,-0.133,0.6703,256.0,M3,3430.0,0.313,0.328,-0.27,0.05150410209662717
TOI-3362 b,TOI-3362,1,1,Transit,2021,18.09547,0.153,89.14,3e-05,-3e-05,<a refstr=DONG_ET_AL__2021 href=https://ui.adsabs.harvard.edu/abs/2021ApJ...920L..16D/abstract target=ref>Dong et al. 2021</a>,12.80065596,0.48198617,-0.45956821,1.142,1598.3590588,212.30937588,-205.31715092,Mass,<a refstr=DONG_ET_AL__2021 href=https://ui.adsabs.harvard.edu/abs/2021ApJ...920L..16D/abstract target=ref>Dong et al. 2021</a>,5.029,4.19,0.815,0.023,-0.032,37.2117,688.0,,6532.0,1.83,1.445,0.017,0.03765323992037045
HATS-76 b,HATS-76,1,1,Transit,2021,1.9416423,0.02658,88.24,1.4e-06,-1.4e-06,<a refstr=JORD_AACUTE_N_ET_AL__2022 href=https://ui.adsabs.harvard.edu/abs/2022AJ....163..125J/abstract target=ref>Jord&aacute;n et al. 2022</a>,12.09449018,0.3474784,-0.3474784,1.079,835.570882,28.28672822,-28.28672822,Mass,<a refstr=JORD_AACUTE_N_ET_AL__2022 href=https://ui.adsabs.harvard.edu/abs/2022AJ....163..125J/abstract target=ref>Jord&aacute;n et al. 2022</a>,2.629,2.58,0.062,,,129.8,939.8,,4016.0,0.6259,0.662,0.322,0.028730305687014915
TOI-1268 b,TOI-1268,1,1,Transit,2022,8.1577094,0.0711,88.63,4.5e-06,-4.5e-06,<a refstr=SUBJAK_ET_AL_2022 href=https://ui.adsabs.harvard.edu/abs/2022A&A...662A.107S/abstract target=ref>&Scaron;ubjak et al. 2022</a>,9.1,0.6,-0.6,0.81184902,96.4,8.2,-8.3,Mass,<a refstr=SUBJAK_ET_AL_2022 href=https://ui.adsabs.harvard.edu/abs/2022A&A...662A.107S/abstract target=ref>&Scaron;ubjak et al. 2022</a>,0.30330832,0.71,0.105,0.04,-0.039,91.0972,918.9,K1-K2,5300.0,0.92,0.96,0.36,0.06593406593406594
K2-25 b,K2-25,1,1,Transit,2015,3.48456408,0.0287,87.16,6e-07,-5e-07,<a refstr=STEFANSSON_ET_AL__2020 href=https://ui.adsabs.harvard.edu/abs/2020AJ....160..192S/abstract target=ref>Stefansson et al. 2020</a>,3.44,0.12,-0.12,0.306,24.5,5.7,-5.2,Mass,<a refstr=STEFANSSON_ET_AL__2020 href=https://ui.adsabs.harvard.edu/abs/2020AJ....160..192S/abstract target=ref>Stefansson et al. 2020</a>,0.07708562,3.31,0.428,0.05,-0.049,9.91,494.0,M4.5 V,3207.0,0.2932,0.2634,0.15,0.03488372093023256
TOI-2136 b,TOI-2136,1,1,Transit,2022,7.851928,0.057,89.4,1.8e-05,-1.6e-05,<a refstr=GAN_ET_AL_2022 href=https://ui.adsabs.harvard.edu/abs/2022MNRAS.514.4120G/abstract target=ref>Gan et al. 2022</a>,2.19,0.17,-0.17,0.19537905,6.37,2.45,-2.29,Mass,<a refstr=GAN_ET_AL_2022 href=https://ui.adsabs.harvard.edu/abs/2022MNRAS.514.4120G/abstract target=ref>Gan et al. 2022</a>,0.02004226,3.34,0.0,,,4.0,395.0,M4.5 V,3342.0,0.34,0.34,0.03,0.07762557077625572
K2-382 b,K2-382,1,1,Transit,2022,21.700156,,88.29769,0.002021,-0.001915,<a refstr=CHRISTIANSEN_ET_AL_2022 href=https://ui.adsabs.harvard.edu/abs/2022AJ....163..244C/abstract target=ref>Christiansen et al. 2022</a>,2.072,0.152,-0.133,0.18485178,4.95,,,M-R relationship,<a refstr=CALCULATED_VALUE href=/docs/pscp_calc.html target=_blank>Calculated Value</a>,0.0156,3.06,,,,,,,5452.0,0.811,0.922,-0.027,0.07335907335907335
K2-376 b,K2-376,1,1,Transit,2022,5.776475,,,0.000261,-0.000237,<a refstr=CHRISTIANSEN_ET_AL_2022 href=https://ui.adsabs.harvard.edu/abs/2022AJ....163..244C/abstract target=ref>Christiansen et al. 2022</a>,1.736,0.125,-0.119,0.15487581,3.66,,,M-R relationship,<a refstr=CALCULATED_VALUE href=/docs/pscp_calc.html target=_blank>Calculated Value</a>,0.0115,3.84,,,,,,G1,5937.0,1.149,0.908,-0.176,0.07200460829493088
CoRoT-35 b,CoRoT-35,1,1,Transit,2022,3.22748,0.0429,84.1,8e-05,-8e-05,<a refstr=SEBASTIAN_ET_AL_2022 href=https://ui.adsabs.harvard.edu/abs/2022MNRAS.516..636S/abstract target=ref>Sebastian et al. 2022</a>,18.83108758,1.23298788,-1.23298788,1.68,349.6112477,117.59651059,-117.59651059,Mass,<a refstr=SEBASTIAN_ET_AL_2022 href=https://ui.adsabs.harvard.edu/abs/2022MNRAS.516..636S/abstract target=ref>Sebastian et al. 2022</a>,1.1,0.29,0.0,,,1251.8629,1747.0,F6 V,6390.0,1.65,1.01,-0.5,0.0654761906215934
CoRoT-36 b,CoRoT-36,1,1,Transit,2022,5.616531,0.066,85.83,2.3e-05,-2.3e-05,<a refstr=SEBASTIAN_ET_AL_2022 href=https://ui.adsabs.harvard.edu/abs/2022MNRAS.516..636S/abstract target=ref>Sebastian et al. 2022</a>,15.80466279,1.5692573,-1.5692573,1.41,216.12331676,149.37935129,-136.66621501,Mass,<a refstr=SEBASTIAN_ET_AL_2022 href=https://ui.adsabs.harvard.edu/abs/2022MNRAS.516..636S/abstract target=ref>Sebastian et al. 2022</a>,0.68,0.25,0.0,,,1491.0287,1567.0,F3 V,6730.0,1.52,1.32,-0.1,0.09929078024954179
K2-383 b,K2-383,1,1,Transit,2022,1.865962,,85.25534,8.5e-05,-6.8e-05,<a refstr=CHRISTIANSEN_ET_AL_2022 href=https://ui.adsabs.harvard.edu/abs/2022AJ....163..244C/abstract target=ref>Christiansen et al. 2022</a>,1.564,0.118,-0.106,0.13953097,3.07,,,M-R relationship,<a refstr=CALCULATED_VALUE href=/docs/pscp_calc.html target=_blank>Calculated Value</a>,0.00965,4.41,,,,,,,5129.0,0.804,1.061,0.187,0.07544757033248081
K2-366 b,K2-366,1,1,Transit,2022,15.937039,,,0.000796,-0.001144,<a refstr=CHRISTIANSEN_ET_AL_2022 href=https://ui.adsabs.harvard.edu/abs/2022AJ....163..244C/abstract target=ref>Christiansen et al. 2022</a>,2.359,0.187,-0.167,0.21045625,6.16,,,M-R relationship,<a refstr=CALCULATED_VALUE href=/docs/pscp_calc.html target=_blank>Calculated Value</a>,0.0194,2.58,,,,,,,5601.0,0.94,0.825,-0.216,0.07927087749046206
K2-373 b,K2-373,1,1,Transit,2022,11.02066,,,0.001431,-0.001368,<a refstr=CHRISTIANSEN_ET_AL_2022 href=https://ui.adsabs.harvard.edu/abs/2022AJ....163..244C/abstract target=ref>Christiansen et al. 2022</a>,2.061,0.147,-0.14,0.18387042,4.9,,,M-R relationship,<a refstr=CALCULATED_VALUE href=/docs/pscp_calc.html target=_blank>Calculated Value</a>,0.0154,3.08,,,,,,,6138.0,1.486,1.158,0.049,0.07132459970887918
K2-367 b,K2-367,1,1,Transit,2022,20.645099,,,0.000995,-0.001375,<a refstr=CHRISTIANSEN_ET_AL_2022 href=https://ui.adsabs.harvard.edu/abs/2022AJ....163..244C/abstract target=ref>Christiansen et al. 2022</a>,2.413,0.225,-0.196,0.21527381,6.41,,,M-R relationship,<a refstr=CALCULATED_VALUE href=/docs/pscp_calc.html target=_blank>Calculated Value</a>,0.0202,2.51,,,,,,,4348.0,0.625,0.756,-0.351,0.09324492333195193
K2-369 b,K2-369,1,1,Transit,2022,5.761612,,88.33669,0.000846,-0.000714,<a refstr=CHRISTIANSEN_ET_AL_2022 href=https://ui.adsabs.harvard.edu/abs/2022AJ....163..244C/abstract target=ref>Christiansen et al. 2022</a>,1.313,0.101,-0.095,0.11713822,2.28,,,M-R relationship,<a refstr=CALCULATED_VALUE href=/docs/pscp_calc.html target=_blank>Calculated Value</a>,0.00717,5.53,,,,,,,5682.0,0.881,0.735,-0.234,0.07692307692307693
TOI-620 b,TOI-620,1,1,Transit,2022,5.0988179,0.04825,87.47,4.5e-06,-4.6e-06,<a refstr=REEFE_ET_AL_2022 href=https://ui.adsabs.harvard.edu/abs/2022AJ....163..269R/abstract target=ref>Reefe et al. 2022</a>,3.76,0.15,-0.15,0.33544531,13.6,,,M-R relationship,<a refstr=CALCULATED_VALUE href=/docs/pscp_calc.html target=_blank>Calculated Value</a>,0.0428,1.41,0.22,0.28,-0.12,20.8,603.6,M2.5 V,3708.0,0.55,0.577,0.35,0.0398936170212766
K2-371 b,K2-371,1,1,Transit,2022,3.114905,,,9e-06,-9e-06,<a refstr=CHRISTIANSEN_ET_AL_2022 href=https://ui.adsabs.harvard.edu/abs/2022AJ....163..244C/abstract target=ref>Christiansen et al. 2022</a>,13.024,0.921,-0.868,1.16192546,,,,Msini,<a refstr=CHRISTIANSEN_ET_AL_2022 href=https://ui.adsabs.harvard.edu/abs/2022AJ....163..244C/abstract target=ref>Christiansen et al. 2022</a>,,,,,,198.0922,956.83,,4925.0,0.736,0.958,-0.107,0.07071560196560198
K2-372 b,K2-372,1,1,Transit,2022,9.844077,,,0.000565,-0.000575,<a refstr=CHRISTIANSEN_ET_AL_2022 href=https://ui.adsabs.harvard.edu/abs/2022AJ....163..244C/abstract target=ref>Christiansen et al. 2022</a>,2.945,0.077,-0.075,0.26273575,8.98,,,M-R relationship,<a refstr=CALCULATED_VALUE href=/docs/pscp_calc.html target=_blank>Calculated Value</a>,0.0283,1.93,,,,,,,5479.0,0.922,0.847,-0.064,0.026146010186757218
K2-393 b,K2-393,1,1,Transit,2022,10.413181,,,0.000932,-0.000697,<a refstr=CHRISTIANSEN_ET_AL_2022 href=https://ui.adsabs.harvard.edu/abs/2022AJ....163..244C/abstract target=ref>Christiansen et al. 2022</a>,2.352,0.175,-0.167,0.20983175,6.13,,,M-R relationship,<a refstr=CALCULATED_VALUE href=/docs/pscp_calc.html target=_blank>Calculated Value</a>,0.0193,2.59,,,,,,,5678.0,1.071,0.881,0.076,0.0744047619047619
K2-375 b,K2-375,1,1,Transit,2022,14.453895,,87.9722,0.004773,-0.004175,<a refstr=CHRISTIANSEN_ET_AL_2022 href=https://ui.adsabs.harvard.edu/abs/2022AJ....163..244C/abstract target=ref>Christiansen et al. 2022</a>,2.243,0.186,-0.174,0.2001074,5.66,,,M-R relationship,<a refstr=CALCULATED_VALUE href=/docs/pscp_calc.html target=_blank>Calculated Value</a>,0.0178,2.76,,,,,,,5822.0,1.543,1.119,-0.091,0.08292465448060633
HIP 94235 b,HIP 94235,2,1,Transit,2022,7.713057,0.0787,87.14,2.1e-05,-2.1e-05,<a refstr=ZHOU_ET_AL_2022 href=https://ui.adsabs.harvard.edu/abs/2022AJ....163..289Z/abstract target=ref>Zhou et al. 2022</a>,3.0,0.32,-0.28,0.26764253,379.0,,,Mass,<a refstr=ZHOU_ET_AL_2022 href=https://ui.adsabs.harvard.edu/abs/2022AJ....163..289Z/abstract target=ref>Zhou et al. 2022</a>,1.19246736,,0.32,0.2,-0.2,219.2841,1060.0,G V,5991.0,1.08,1.094,0.0,0.10666666666666667
K2-390 b,K2-390,1,1,Transit,2022,3.312792,,,0.0001,-0.000104,<a refstr=CHRISTIANSEN_ET_AL_2022 href=https://ui.adsabs.harvard.edu/abs/2022AJ....163..244C/abstract target=ref>Christiansen et al. 2022</a>,4.662,0.313,-0.343,0.4159165,19.6,,,M-R relationship,<a refstr=CALCULATED_VALUE href=/docs/pscp_calc.html target=_blank>Calculated Value</a>,0.0617,1.06,,,,260.965,1119.0,G4,5558.0,0.966,0.789,-0.116,0.07357357357357358
TOI-2669 b,TOI-2669,1,1,Transit,2022,6.2034,,,0.0001,-0.0001,<a refstr=GRUNBLATT_ET_AL__2022 href=https://ui.adsabs.harvard.edu/abs/2022AJ....163..120G/abstract target=ref>Grunblatt et al. 2022</a>,19.72780603,1.79343691,-1.79343691,1.76,193.87532827,60.38739733,-60.38739733,Mass,<a refstr=GRUNBLATT_ET_AL__2022 href=https://ui.adsabs.harvard.edu/abs/2022AJ....163..120G/abstract target=ref>Grunblatt et al. 2022</a>,0.61,0.139,0.09,0.05,-0.05,375.554,1226.0,,4800.0,4.1,1.19,0.1,0.09090909081692751
TOI-4329 b,TOI-4329,1,1,Transit,2022,2.9223,,,0.00015,-0.00015,<a refstr=GRUNBLATT_ET_AL__2022 href=https://ui.adsabs.harvard.edu/abs/2022AJ....163..120G/abstract target=ref>Grunblatt et al. 2022</a>,16.81347105,2.12970633,-2.12970633,1.5,143.02278315,28.60455663,-28.60455663,Mass,<a refstr=GRUNBLATT_ET_AL__2022 href=https://ui.adsabs.harvard.edu/abs/2022AJ....163..120G/abstract target=ref>Grunblatt et al. 2022</a>,0.45,0.165,0.068,0.079,-0.079,3990.5716,2027.12,,6000.0,2.31,1.538,0.29,0.1266666664882383
K2-397 b,K2-397,1,1,Transit,2022,3.572326,,,0.00018,-0.000155,<a refstr=CHRISTIANSEN_ET_AL_2022 href=https://ui.adsabs.harvard.edu/abs/2022AJ....163..244C/abstract target=ref>Christiansen et al. 2022</a>,2.417,0.187,-0.183,0.21563067,6.42,,,M-R relationship,<a refstr=CALCULATED_VALUE href=/docs/pscp_calc.html target=_blank>Calculated Value</a>,0.0202,2.5,,,,,,G7,5387.0,0.966,0.937,0.11,0.07736863880844022
TOI-2046 b,TOI-2046,1,1,Transit,2022,1.4971842,,83.6,3.1e-06,-3.3e-06,<a refstr=KABATH_ET_AL_2022 href=https://ui.adsabs.harvard.edu/abs/2022MNRAS.513.5955K/abstract target=ref>Kab&aacute;th et al. 2022</a>,16.14093221,1.23298788,-1.23298788,1.44,731.0053361,88.99195396,-88.99195396,Mass,<a refstr=KABATH_ET_AL_2022 href=https://ui.adsabs.harvard.edu/abs/2022MNRAS.513.5955K/abstract target=ref>Kab&aacute;th et al. 2022</a>,2.3,0.955,,,,2643.655,1828.82,F8 V,6250.0,1.21,1.13,-0.06,0.07638888906528653
TOI-206 b,TOI-206,1,1,Transit,2022,0.7363104,0.0112,,3e-07,-3e-07,<a refstr=GIACALONE_ET_AL__2022 href=https://ui.adsabs.harvard.edu/abs/2022AJ....163...99G/abstract target=ref>Giacalone et al. 2022</a>,1.3,0.05,-0.05,0.11597843,2.24,,,M-R relationship,<a refstr=CALCULATED_VALUE href=/docs/pscp_calc.html target=_blank>Calculated Value</a>,0.00705,5.6,,,,117.7582,910.0,,3383.0,0.35,0.35,,0.038461538461538464
K2-319 b,K2-319,1,1,Transit,2020,26.68,0.1516,89.45,0.002,-0.003,<a refstr=CASTRO_GONZ_AACUTE_LEZ_ET_AL__2020 href=https://ui.adsabs.harvard.edu/abs/2020MNRAS.499.5416C/abstract target=ref>Castro Gonz&aacute;lez et al. 2020</a>,2.79,0.11,-0.1,0.24890713,8.2,,,M-R relationship,<a refstr=CALCULATED_VALUE href=/docs/pscp_calc.html target=_blank>Calculated Value</a>,0.0258,2.07,,,,25.1842,641.0,,5440.0,0.898,0.954,,0.03942652329749104
TOI-1693 b,TOI-1693,1,1,Transit,2022,1.7666957,0.0226,,5.4e-06,-5.4e-06,<a refstr=GIACALONE_ET_AL__2022 href=https://ui.adsabs.harvard.edu/abs/2022AJ....163...99G/abstract target=ref>Giacalone et al. 2022</a>,1.41,0.1,-0.1,0.12579199,2.57,,,M-R relationship,<a refstr=CALCULATED_VALUE href=/docs/pscp_calc.html target=_blank>Calculated Value</a>,0.00809,5.04,,,,57.0208,764.0,,3499.0,0.46,0.49,,0.07092198581560284
K2-402 b,K2-402,1,1,Transit,2022,17.27474,,,0.002593,-0.003175,<a refstr=CHRISTIANSEN_ET_AL_2022 href=https://ui.adsabs.harvard.edu/abs/2022AJ....163..244C/abstract target=ref>Christiansen et al. 2022</a>,2.678,0.213,-0.195,0.23891557,7.65,,,M-R relationship,<a refstr=CALCULATED_VALUE href=/docs/pscp_calc.html target=_blank>Calculated Value</a>,0.0241,2.19,,,,,,G2,5716.0,1.28,0.944,-0.378,0.07953696788648244
K2-323 b,K2-323,1,1,Transit,2020,24.93,0.1275,89.88,0.006,-0.006,<a refstr=CASTRO_GONZ_AACUTE_LEZ_ET_AL__2020 href=https://ui.adsabs.harvard.edu/abs/2020MNRAS.499.5416C/abstract target=ref>Castro Gonz&aacute;lez et al. 2020</a>,2.1,0.09,-0.11,0.18734945,5.06,,,M-R relationship,<a refstr=CALCULATED_VALUE href=/docs/pscp_calc.html target=_blank>Calculated Value</a>,0.0159,3.0,,,,2.8163,318.0,,3710.0,0.549,0.478,,0.05238095238095238
TOI-2411 b,TOI-2411,1,1,Transit,2022,0.7826942,0.0144,,3.7e-06,-3.7e-06,<a refstr=GIACALONE_ET_AL__2022 href=https://ui.adsabs.harvard.edu/abs/2022AJ....163...99G/abstract target=ref>Giacalone et al. 2022</a>,1.68,0.11,-0.11,0.14987982,3.46,,,M-R relationship,<a refstr=CALCULATED_VALUE href=/docs/pscp_calc.html target=_blank>Calculated Value</a>,0.0109,4.01,,,,1051.1379,1355.0,,4099.0,0.68,0.65,,0.06547619047619048
K2-404 b,K2-404,1,1,Transit,2022,13.115365,,,0.000443,-0.000609,<a refstr=CHRISTIANSEN_ET_AL_2022 href=https://ui.adsabs.harvard.edu/abs/2022AJ....163..244C/abstract target=ref>Christiansen et al. 2022</a>,2.53,0.084,-0.083,0.22571187,6.94,,,M-R relationship,<a refstr=CALCULATED_VALUE href=/docs/pscp_calc.html target=_blank>Calculated Value</a>,0.0218,2.35,,,,,,M1,3748.0,0.552,0.552,0.005,0.03320158102766799
K2-325 b,K2-325,1,1,Transit,2020,6.93,0.0419,89.37,0.004,-0.003,<a refstr=CASTRO_GONZ_AACUTE_LEZ_ET_AL__2020 href=https://ui.adsabs.harvard.edu/abs/2020MNRAS.499.5416C/abstract target=ref>Castro Gonz&aacute;lez et al. 2020</a>,2.2,0.14,-0.15,0.19627085,5.48,,,M-R relationship,<a refstr=CALCULATED_VALUE href=/docs/pscp_calc.html target=_blank>Calculated Value</a>,0.0172,2.83,,,,5.0999,423.0,,3287.0,0.298,0.274,,0.06818181818181818
K2-406 b,K2-406,1,1,Transit,2022,22.549406,,,0.001377,-0.001433,<a refstr=CHRISTIANSEN_ET_AL_2022 href=https://ui.adsabs.harvard.edu/abs/2022AJ....163..244C/abstract target=ref>Christiansen et al. 2022</a>,4.602,0.311,-0.292,0.41056365,19.2,,,M-R relationship,<a refstr=CALCULATED_VALUE href=/docs/pscp_calc.html target=_blank>Calculated Value</a>,0.0603,1.08,,,,,,G4,5784.0,0.961,0.798,-0.038,0.0675793133420252
K2-326 b,K2-326,1,1,Transit,2020,1.256,0.0198,85.63,0.001,-0.002,<a refstr=CASTRO_GONZ_AACUTE_LEZ_ET_AL__2020 href=https://ui.adsabs.harvard.edu/abs/2020MNRAS.499.5416C/abstract target=ref>Castro Gonz&aacute;lez et al. 2020</a>,2.28,0.18,-0.18,0.20340798,5.82,,,M-R relationship,<a refstr=CALCULATED_VALUE href=/docs/pscp_calc.html target=_blank>Calculated Value</a>,0.0183,2.7,,,,268.1283,1114.0,,3924.0,0.688,0.507,,0.07894736842105264
TOI-5153 b,TOI-5153,1,1,Transit,2022,20.33003,0.158,88.27,7e-05,-7e-05,<a refstr=ULMER_MOLL_ET_AL_2022 href=https://ui.adsabs.harvard.edu/abs/2022A&A...666A..46U/abstract target=ref>Ulmer-Moll et al. 2022</a>,11.88151954,0.44835923,-0.44835923,1.06,1036.12060682,57.20911326,-54.03082919,Mass,<a refstr=ULMER_MOLL_ET_AL_2022 href=https://ui.adsabs.harvard.edu/abs/2022A&A...666A..46U/abstract target=ref>Ulmer-Moll et al. 2022</a>,3.26,3.39,0.091,0.024,-0.026,49.5559,906.0,F8 V,6300.0,1.4,1.24,0.12,0.03773584923128444
NGTS-20 b,NGTS-20,1,1,Transit,2022,54.18915,0.313,88.4,0.00015,-0.00015,<a refstr=ULMER_MOLL_ET_AL_2022 href=https://ui.adsabs.harvard.edu/abs/2022A&A...666A..46U/abstract target=ref>Ulmer-Moll et al. 2022</a>,11.99360935,0.44835923,-0.44835923,1.07,947.12865286,50.85254512,-47.67426105,Mass,<a refstr=ULMER_MOLL_ET_AL_2022 href=https://ui.adsabs.harvard.edu/abs/2022A&A...666A..46U/abstract target=ref>Ulmer-Moll et al. 2022</a>,2.98,3.02,0.432,0.023,-0.023,6.7645,688.0,G1 IV,5980.0,1.78,1.47,0.15,0.03738317773373201
K2-387 b,K2-387,1,1,Transit,2022,28.735327,,,0.000992,-0.000994,<a refstr=CHRISTIANSEN_ET_AL_2022 href=https://ui.adsabs.harvard.edu/abs/2022AJ....163..244C/abstract target=ref>Christiansen et al. 2022</a>,7.322,0.268,-0.264,0.65322621,42.2,,,M-R relationship,<a refstr=CALCULATED_VALUE href=/docs/pscp_calc.html target=_blank>Calculated Value</a>,0.133,0.591,,,,,,,3572.0,0.585,0.57,0.126,0.036602021305654195
TOI-2570 b,TOI-2570,1,1,Transit,2022,2.9887615,0.04145,87.73,2.2e-06,-2.2e-06,<a refstr=YEE_ET_AL__2022 href=https://ui.adsabs.harvard.edu/abs/2022AJ....164...70Y/abstract target=ref>Yee et al. 2022</a>,13.64132951,0.39231432,-0.38110534,1.217,260.61929374,20.02318964,-20.65884645,Mass,<a refstr=YEE_ET_AL__2022 href=https://ui.adsabs.harvard.edu/abs/2022AJ....164...70Y/abstract target=ref>Yee et al. 2022</a>,0.82,0.563,0.0,0.048,-0.052,699.0,1431.0,,5771.0,1.095,1.063,0.191,0.028759243716853813
TOI-3331 A b,TOI-3331 A,2,1,Transit,2022,2.0180231,0.03144,85.4,4.3e-06,-4.4e-06,<a refstr=YEE_ET_AL__2022 href=https://ui.adsabs.harvard.edu/abs/2022AJ....164...70Y/abstract target=ref>Yee et al. 2022</a>,12.97999965,0.48198617,-0.48198617,1.158,721.47048389,50.85254512,-50.85254512,Mass,<a refstr=YEE_ET_AL__2022 href=https://ui.adsabs.harvard.edu/abs/2022AJ....164...70Y/abstract target=ref>Yee et al. 2022</a>,2.27,1.82,0.0,0.048,-0.052,818.5,1488.0,,5609.0,0.952,1.016,0.148,0.037132987904202296
TOI-3693 b,TOI-3693,1,1,Transit,2022,9.088516,0.0813,89.57,2.6e-05,-2.7e-05,<a refstr=YEE_ET_AL__2022 href=https://ui.adsabs.harvard.edu/abs/2022AJ....164...70Y/abstract target=ref>Yee et al. 2022</a>,12.59889431,0.32506044,-0.25780656,1.124,324.18497514,76.27881768,-69.92224954,Mass,<a refstr=YEE_ET_AL__2022 href=https://ui.adsabs.harvard.edu/abs/2022AJ....164...70Y/abstract target=ref>Yee et al. 2022</a>,1.02,0.89,0.0,0.048,-0.052,68.6,801.0,,5321.0,0.791,0.867,0.071,0.025800711713407493
TOI-2196 b,TOI-2196,1,1,Transit,2022,1.1947268,0.02234,81.11,7.9e-06,-9.3e-06,<a refstr=PERSSON_ET_AL_2022 href=https://ui.adsabs.harvard.edu/abs/2022A&A...666A.184P/abstract target=ref>Persson et al. 2022</a>,3.51,0.15,-0.15,0.31314176,26.0,1.3,-1.3,Mass,<a refstr=PERSSON_ET_AL_2022 href=https://ui.adsabs.harvard.edu/abs/2022A&A...666A.184P/abstract target=ref>Persson et al. 2022</a>,0.08180515,3.31,0.0,,,2000.0,1860.0,G V,5634.0,1.043,1.032,0.14,0.042735042735042736
HD 56414 b,HD 56414,1,1,Transit,2022,29.04992,0.229,89.3,0.00021,-0.00021,<a refstr=GIACALONE_ET_AL__2022 href=https://ui.adsabs.harvard.edu/abs/2022ApJ...935L..10G/abstract target=ref>Giacalone et al. 2022</a>,3.71,0.2,-0.2,0.3309846,13.3,,,M-R relationship,<a refstr=CALCULATED_VALUE href=/docs/pscp_calc.html target=_blank>Calculated Value</a>,0.0418,1.43,0.68,,,1614.3559,1133.0,,8500.0,1.751,1.89,0.0,0.05390835579514825
TOI-2048 b,TOI-2048,1,1,Transit,2022,13.79019,,89.41,0.00065,-0.00084,<a refstr=NEWTON_ET_AL__2022 href=https://ui.adsabs.harvard.edu/abs/2022AJ....164..115N/abstract target=ref>Newton et al. 2022</a>,2.61,0.17,-0.16,0.232849,7.32,,,M-R relationship,<a refstr=CALCULATED_VALUE href=/docs/pscp_calc.html target=_blank>Calculated Value</a>,0.023,2.26,0.13,0.18,-0.09,29.035,646.0,G V,5185.0,0.79,0.83,0.02,0.06513409961685825
TOI-3629 b,TOI-3629,1,1,Transit,2022,3.936551,0.043,89.1,5e-06,-6e-06,<a refstr=CANAS_ET_AL_2022 href=https://ui.adsabs.harvard.edu/abs/2022AJ....164...50C/abstract target=ref>Ca&ntilde;as et al. 2022</a>,8.29464572,0.22417961,-0.22417961,0.74,82.63538582,6.35656814,-6.35656814,Mass,<a refstr=CANAS_ET_AL_2022 href=https://ui.adsabs.harvard.edu/abs/2022AJ....164...50C/abstract target=ref>Ca&ntilde;as et al. 2022</a>,0.26,0.8,0.05,0.05,-0.04,39.0,690.0,M1,3870.0,0.6,0.63,0.4,0.027027026538271486
TOI-2207 b,TOI-2207,1,1,Transit,2022,8.001968,0.0854,88.84,2.4e-05,-2.5e-05,<a refstr=YEE_ET_AL__2022 href=https://ui.adsabs.harvard.edu/abs/2022AJ....164...70Y/abstract target=ref>Yee et al. 2022</a>,11.1529358,0.31385146,-0.30264248,0.995,203.41018048,31.7828407,-38.13940884,Mass,<a refstr=YEE_ET_AL__2022 href=https://ui.adsabs.harvard.edu/abs/2022AJ....164...70Y/abstract target=ref>Yee et al. 2022</a>,0.64,0.8,0.174,0.048,-0.052,406.0,1259.0,,6101.0,1.564,1.296,0.181,0.028140703544621858
TOI-2421 b,TOI-2421,1,1,Transit,2022,4.3474032,0.0543,86.49,7.9e-06,-7.8e-06,<a refstr=YEE_ET_AL__2022 href=https://ui.adsabs.harvard.edu/abs/2022AJ....164...70Y/abstract target=ref>Yee et al. 2022</a>,10.36830715,0.39231432,-0.38110534,0.925,105.83685953,25.10844415,-25.10844415,Mass,<a refstr=YEE_ET_AL__2022 href=https://ui.adsabs.harvard.edu/abs/2022AJ....164...70Y/abstract target=ref>Yee et al. 2022</a>,0.333,0.52,0.0,0.048,-0.052,923.6,1534.0,,5607.0,1.75,1.131,0.19,0.03783783739469948
TOI-2583 A b,TOI-2583 A,2,1,Transit,2023,4.5207265,0.0571,88.16,4.9e-06,-4.9e-06,<a refstr=YEE_ET_AL__2023 href=https://ui.adsabs.harvard.edu/abs/2023ApJS..265....1Y/abstract target=ref>Yee et al. 2023</a>,14.4595851,0.44835923,-0.36989636,1.29,79.45710175,18.43404761,-17.79839079,Mass,<a refstr=YEE_ET_AL__2023 href=https://ui.adsabs.harvard.edu/abs/2023ApJS..265....1Y/abstract target=ref>Yee et al. 2023</a>,0.25,0.144,0.0,,,750.9,1456.0,,5936.0,1.477,1.215,0.158,0.031007752082734378
TOI-2842 b,TOI-2842,1,1,Transit,2023,3.5514058,0.0475,84.42,7.7e-06,-7.8e-06,<a refstr=YEE_ET_AL__2023 href=https://ui.adsabs.harvard.edu/abs/2023ApJS..265....1Y/abstract target=ref>Yee et al. 2023</a>,12.84549188,0.57165802,-0.53803107,1.146,117.59651059,16.52707716,-14.93793513,Mass,<a refstr=YEE_ET_AL__2023 href=https://ui.adsabs.harvard.edu/abs/2023ApJS..265....1Y/abstract target=ref>Yee et al. 2023</a>,0.37,0.304,0.0,,,781.8,1471.0,,5910.0,1.265,1.135,0.233,0.0445026181434167
TOI-4603 b,TOI-4603,1,1,Transit,2023,7.24599,0.0888,80.21,0.00022,-0.00021,<a refstr=KHANDELWAL_ET_AL_2023 href=https://ui.adsabs.harvard.edu/abs/2023A&A...672L...7K/abstract target=ref>Khandelwal et al. 2023</a>,11.67975789,0.42594127,-0.39231432,1.042,4096.80816623,184.34047606,-181.16219199,Mass,<a refstr=KHANDELWAL_ET_AL_2023 href=https://ui.adsabs.harvard.edu/abs/2023A&A...672L...7K/abstract target=ref>Khandelwal et al. 2023</a>,12.89,14.1,0.325,0.02,-0.02,1192.0,1677.0,F,6264.0,2.738,1.765,0.342,0.03646833042358552
MASCARA-1 b,MASCARA-1,1,1,Transit,2017,2.14877381,0.040352,88.45,8.8e-07,-8.7e-07,<a refstr=HOOTON_ET_AL__2022 href=https://ui.adsabs.harvard.edu/abs/2022A&A...658A..75H/abstract target=ref>Hooton et al. 2022</a>,17.90074218,0.20176165,-0.21297063,1.597,1175.971,286.047,-286.047,Mass,<a refstr=TALENS_ET_AL__2017 href=https://ui.adsabs.harvard.edu/abs/2017A&A...606A..73T/abstract target=ref>Talens et al. 2017</a>,3.7,1.5,0.00034,0.00034,-0.00023,38711.5,2594.3,A8,7490.0,2.082,1.9,0.15,0.011897307265725894
TOI-3364 b,TOI-3364,1,1,Transit,2023,5.8768918,0.0675,88.79,6.9e-06,-6.9e-06,<a refstr=YEE_ET_AL__2023 href=https://ui.adsabs.harvard.edu/abs/2023ApJS..265....1Y/abstract target=ref>Yee et al. 2023</a>,12.22899794,0.42594127,-0.35868738,1.091,530.77343969,38.13940884,-41.31769291,Mass,<a refstr=YEE_ET_AL__2023 href=https://ui.adsabs.harvard.edu/abs/2023ApJS..265....1Y/abstract target=ref>Yee et al. 2023</a>,1.67,1.6,0.0,,,425.0,1264.0,,5706.0,1.419,1.186,0.387,0.034830431085999515
TOI-4582 b,TOI-4582,1,1,Transit,2023,31.034,,,0.001,-0.001,<a refstr=GRUNBLATT_ET_AL__2023 href=https://ui.adsabs.harvard.edu/abs/2023AJ....165...44G/abstract target=ref>Grunblatt et al. 2023</a>,10.53644186,1.00880826,-1.34507768,0.94,168.44905571,15.89142035,-15.89142035,Mass,<a refstr=GRUNBLATT_ET_AL__2023 href=https://ui.adsabs.harvard.edu/abs/2023AJ....165...44G/abstract target=ref>Grunblatt et al. 2023</a>,0.53,0.791,0.51,0.05,-0.05,33.7343,614.66,,5190.0,2.5,1.34,0.17,0.1276595740642183
TOI-733 b,TOI-733,1,1,Transit,2023,4.884765,0.0618,88.85,1.9e-05,-2.4e-05,<a refstr=GEORGIEVA_ET_AL_2023 href=https://ui.adsabs.harvard.edu/abs/2023A&A...674A.117G/abstract target=ref>Georgieva et al. 2023</a>,1.992,0.085,-0.09,0.17771464,5.72,0.7,-0.68,Mass,<a refstr=GEORGIEVA_ET_AL_2023 href=https://ui.adsabs.harvard.edu/abs/2023A&A...674A.117G/abstract target=ref>Georgieva et al. 2023</a>,0.01799713,3.98,0.046,0.056,-0.033,207.1,1055.8,G,5585.0,0.949,0.956,-0.04,0.045180722891566265
TOI-3976 A b,TOI-3976 A,2,1,Transit,2023,6.607662,0.0743,87.28,1.6e-05,-1.5e-05,<a refstr=YEE_ET_AL__2023 href=https://ui.adsabs.harvard.edu/abs/2023ApJS..265....1Y/abstract target=ref>Yee et al. 2023</a>,12.27383387,0.40352331,-0.39231432,1.095,55.61997123,11.75965106,-11.44182265,Mass,<a refstr=YEE_ET_AL__2023 href=https://ui.adsabs.harvard.edu/abs/2023ApJS..265....1Y/abstract target=ref>Yee et al. 2023</a>,0.175,0.165,0.0,,,469.0,1295.0,,5975.0,1.501,1.254,0.182,0.03287671271046787
TOI-4087 b,TOI-4087,1,1,Transit,2023,3.1774835,0.04469,87.82,9.4e-07,-9.4e-07,<a refstr=YEE_ET_AL__2023 href=https://ui.adsabs.harvard.edu/abs/2023ApJS..265....1Y/abstract target=ref>Yee et al. 2023</a>,13.04725353,0.28022452,-0.26901554,1.164,232.01473711,44.49597698,-44.49597698,Mass,<a refstr=YEE_ET_AL__2023 href=https://ui.adsabs.harvard.edu/abs/2023ApJS..265....1Y/abstract target=ref>Yee et al. 2023</a>,0.73,0.57,0.0,,,753.9,1458.0,,6060.0,1.112,1.178,0.237,0.021477663429753248
TOI-4791 b,TOI-4791,1,1,Transit,2023,4.28088,0.0555,85.55,2.2e-05,-2.3e-05,<a refstr=YEE_ET_AL__2023 href=https://ui.adsabs.harvard.edu/abs/2023ApJS..265....1Y/abstract target=ref>Yee et al. 2023</a>,12.44196858,0.56044903,-0.56044903,1.11,734.18362017,101.70509024,-104.88337431,Mass,<a refstr=YEE_ET_AL__2023 href=https://ui.adsabs.harvard.edu/abs/2023ApJS..265....1Y/abstract target=ref>Yee et al. 2023</a>,2.31,2.09,0.0,,,783.2,1472.0,,6058.0,1.409,1.242,0.207,0.04504504463231815
EPIC 229004835 b,EPIC 229004835,1,1,Transit,2023,16.141132,0.1237,88.08,1.9e-05,-1.9e-05,<a refstr=BONOMO_ET_AL_2023 href=https://ui.adsabs.harvard.edu/abs/2023A&A...677A..33B/abstract target=ref>Bonomo et al. 2023</a>,2.332,0.08,-0.094,0.20804746,10.4,1.6,-1.5,Mass,<a refstr=BONOMO_ET_AL_2023 href=https://ui.adsabs.harvard.edu/abs/2023A&A...677A..33B/abstract target=ref>Bonomo et al. 2023</a>,0.03272206,4.49,0.23,,,69.7,804.0,,5868.0,0.999,0.97,-0.12,0.04030874785591767
TOI-1811 b,TOI-1811,1,1,Transit,2023,3.7130765,0.04389,86.48,1.7e-06,-1.7e-06,<a refstr=RODRIGUEZ_ET_AL_2023 href=https://ui.adsabs.harvard.edu/abs/2023MNRAS.521.2765R/abstract target=ref>Rodriguez et al. 2023</a>,11.14172682,0.28022452,-0.25780656,0.994,308.9292116,24.15495893,-24.79061575,Mass,<a refstr=RODRIGUEZ_ET_AL_2023 href=https://ui.adsabs.harvard.edu/abs/2023MNRAS.521.2765R/abstract target=ref>Rodriguez et al. 2023</a>,0.972,1.23,0.052,0.062,-0.037,55.9743,962.2,,4766.0,0.769,0.817,0.306,0.025150905647496388
HATS-54 b,HATS-54,1,1,Transit,2019,2.5441765,0.037,83.67,2.4e-06,-2.4e-06,<a refstr=JACKSON_ET_AL_2023 href=https://ui.adsabs.harvard.edu/abs/2023MNRAS.518.4845J/abstract target=ref>Jackson et al. 2023</a>,11.37711541,0.26901554,-0.26901554,1.015,239.32479047,18.1162192,-18.1162192,Mass,<a refstr=JACKSON_ET_AL_2023 href=https://ui.adsabs.harvard.edu/abs/2023MNRAS.518.4845J/abstract target=ref>Jackson et al. 2023</a>,0.753,0.77,0.0,,,476.965,1429.0,G6 V,5621.0,1.23,1.05,0.37,0.02364532047934987
NGTS-23 b,NGTS-23,1,1,Transit,2022,4.0764326,0.0504,89.12,4.1e-06,-4.1e-06,<a refstr=JACKSON_ET_AL_2023 href=https://ui.adsabs.harvard.edu/abs/2023MNRAS.518.4845J/abstract target=ref>Jackson et al. 2023</a>,14.20177855,0.33626942,-0.33626942,1.267,194.82881349,30.82935548,-30.82935548,Mass,<a refstr=JACKSON_ET_AL_2023 href=https://ui.adsabs.harvard.edu/abs/2023MNRAS.518.4845J/abstract target=ref>Jackson et al. 2023</a>,0.613,0.374,0.0,,,815.7013,1327.0,F9 V,6057.0,1.24,1.01,-0.26,0.023677979403502244
NGTS-24 b,NGTS-24,1,1,Transit,2022,3.4678796,0.0479,82.61,7e-06,-7e-06,<a refstr=JACKSON_ET_AL_2023 href=https://ui.adsabs.harvard.edu/abs/2023MNRAS.518.4845J/abstract target=ref>Jackson et al. 2023</a>,13.60770257,0.65012088,-0.6949568,1.214,165.27077164,38.13940884,-34.96112477,Mass,<a refstr=JACKSON_ET_AL_2023 href=https://ui.adsabs.harvard.edu/abs/2023MNRAS.518.4845J/abstract target=ref>Jackson et al. 2023</a>,0.52,0.36,0.0,,,391.83,1499.0,G2 IV,5820.0,1.64,1.26,0.27,0.05107083994708447
NGTS-25 b,NGTS-25,1,1,Transit,2022,2.823093,0.0388,89.34,3.3e-06,-3.3e-06,<a refstr=JACKSON_ET_AL_2023 href=https://ui.adsabs.harvard.edu/abs/2023MNRAS.518.4845J/abstract target=ref>Jackson et al. 2023</a>,11.46678726,0.39231432,-0.582867,1.023,203.09235207,18.43404761,-16.52707716,Mass,<a refstr=JACKSON_ET_AL_2023 href=https://ui.adsabs.harvard.edu/abs/2023MNRAS.518.4845J/abstract target=ref>Jackson et al. 2023</a>,0.639,0.74,0.0,,,339.4356,1101.0,K0 V,5321.0,0.86,0.91,0.12,0.050830889837228915
TOI-2497 b,TOI-2497,1,1,Transit,2023,10.655669,0.1166,88.16,3.8e-05,-3.8e-05,<a refstr=RODRIGUEZ_ET_AL_2023 href=https://ui.adsabs.harvard.edu/abs/2023MNRAS.521.2765R/abstract target=ref>Rodriguez et al. 2023</a>,11.14172682,0.61649394,-0.54924005,0.994,1531.93292174,130.30964687,-130.30964687,Mass,<a refstr=RODRIGUEZ_ET_AL_2023 href=https://ui.adsabs.harvard.edu/abs/2023MNRAS.521.2765R/abstract target=ref>Rodriguez et al. 2023</a>,4.82,6.1,0.195,0.043,-0.04,997.8085,1595.0,,7360.0,2.36,1.859,0.094,0.055331992065481284
TOI-5542 b,TOI-5542,1,1,Transit,2022,75.12375,0.332,89.643,0.00019,-0.00018,<a refstr=GRIEVES_ET_AL_2022 href=https://ui.adsabs.harvard.edu/abs/2022A&A...668A..29G/abstract target=ref>Grieves et al. 2022</a>,11.30986153,0.40352331,-0.39231432,1.009,419.53349724,31.7828407,-31.7828407,Mass,<a refstr=GRIEVES_ET_AL_2022 href=https://ui.adsabs.harvard.edu/abs/2022A&A...668A..29G/abstract target=ref>Grieves et al. 2022</a>,1.32,1.6,0.018,0.026,-0.013,9.6,441.0,G3 V,5700.0,1.058,0.89,-0.21,0.0356788904028253
TOI-2338 b,TOI-2338,1,1,Transit,2023,22.65398,0.158,89.52,2e-05,-2e-05,<a refstr=BRAHM_ET_AL_2023 href=https://ui.adsabs.harvard.edu/abs/2023AJ....165..227B/abstract target=ref>Brahm et al. 2023</a>,11.2089807,0.22417961,-0.22417961,1.0,1900.61387386,66.74396547,-63.5656814,Mass,<a refstr=BRAHM_ET_AL_2023 href=https://ui.adsabs.harvard.edu/abs/2023AJ....165..227B/abstract target=ref>Brahm et al. 2023</a>,5.98,7.42,0.676,0.002,-0.002,13.8485,799.0,,5581.0,1.05,0.99,0.22,0.01999999964314329
TOI-2364 b,TOI-2364,1,1,Transit,2023,4.0197517,0.04871,88.98,4.3e-06,-4.3e-06,<a refstr=YEE_ET_AL__2023 href=https://ui.adsabs.harvard.edu/abs/2023ApJS..265....1Y/abstract target=ref>Yee et al. 2023</a>,8.60849718,0.25780656,-0.20176165,0.768,71.51139158,13.6666215,-15.57359194,Mass,<a refstr=YEE_ET_AL__2023 href=https://ui.adsabs.harvard.edu/abs/2023ApJS..265....1Y/abstract target=ref>Yee et al. 2023</a>,0.225,0.61,0.0,,,237.0,1091.0,,5306.0,0.886,0.954,0.344,0.029947917111358108
Kepler-409 b,Kepler-409,1,1,Transit,2014,68.9583216,0.3192,86.3,3.9e-06,-3.9e-06,<a refstr=BONOMO_ET_AL_2023 href=https://ui.adsabs.harvard.edu/abs/2023A&A...677A..33B/abstract target=ref>Bonomo et al. 2023</a>,1.199,0.043,-0.043,0.1069678,6.0,,,Mass,<a refstr=BONOMO_ET_AL_2023 href=https://ui.adsabs.harvard.edu/abs/2023A&A...677A..33B/abstract target=ref>Bonomo et al. 2023</a>,0.01887811,19.0,0.69,,,6.15,438.0,,5421.0,0.897,0.913,0.05,0.035863219349457874
K2-416 b,K2-416,1,1,Transit,2023,13.102,0.088,89.25,0.0026,-0.0024,<a refstr=INCHA_ET_AL__2023 href=https://ui.adsabs.harvard.edu/abs/2023MNRAS.523..474I/abstract target=ref>Incha et al. 2023</a>,2.66,0.19,-0.14,0.23730971,1652.7077164,,,Mass,<a refstr=INCHA_ET_AL__2023 href=https://ui.adsabs.harvard.edu/abs/2023MNRAS.523..474I/abstract target=ref>Incha et al. 2023</a>,5.2,,,,,6.9344,447.0,M V,3746.0,0.554,0.548,,0.07142857142857142
TOI-622 b,TOI-622,1,1,Transit,2023,6.402513,0.0708,86.62,3.1e-05,-5.4e-05,<a refstr=PSARIDI_ET_AL__2023 href=https://ui.adsabs.harvard.edu/abs/2023A&A...675A..39P/abstract target=ref>Psaridi et al. 2023</a>,9.2362001,0.31385146,-0.32506044,0.824,96.30200732,21.93016008,-22.8836453,Mass,<a refstr=PSARIDI_ET_AL__2023 href=https://ui.adsabs.harvard.edu/abs/2023A&A...675A..39P/abstract target=ref>Psaridi et al. 2023</a>,0.303,0.507,0.42,,,602.0,1388.0,F6 V,6400.0,1.415,1.313,0.09,0.03519417471260719
TOI-4201 b,TOI-4201,1,1,Transit,2023,3.5819194,0.04,88.0,1.1e-06,-1.1e-06,<a refstr=GAN_ET_AL_2023 href=https://ui.adsabs.harvard.edu/abs/2023AJ....166..165G/abstract target=ref>Gan et al. 2023</a>,13.67495645,0.44835923,-0.44835923,1.22,788.21444936,28.60455663,-28.60455663,Mass,<a refstr=GAN_ET_AL_2023 href=https://ui.adsabs.harvard.edu/abs/2023AJ....166..165G/abstract target=ref>Gan et al. 2023</a>,2.48,1.82,0.041,0.015,-0.015,45.2,725.0,M1.0+/-0.5,3794.0,0.63,0.61,0.52,0.032786885401744736
GJ 1252 b,GJ 1252,1,1,Transit,2020,0.5182331,0.00915,85.0,8.4e-06,-8.4e-06,<a refstr=LUQUE__AMP__PALL_EACUTE__2022 href=https://ui.adsabs.harvard.edu/abs/2022Sci...377.1211L/abstract target=ref>Luque &amp; Pall&eacute; 2022</a>,1.193,0.074,-0.074,0.10643251,1.32,0.28,-0.28,Mass,<a refstr=LUQUE__AMP__PALL_EACUTE__2022 href=https://ui.adsabs.harvard.edu/abs/2022Sci...377.1211L/abstract target=ref>Luque &amp; Pall&eacute; 2022</a>,0.00415318,4.2,0.0,,,233.0,1090.0,M3,3458.0,0.391,0.381,0.1,0.06202849958088851
TOI-858 B b,TOI-858 B,2,1,Transit,2023,3.2797178,0.04435,86.8,1.4e-06,-1.4e-06,<a refstr=HAGELBERG_ET_AL__2023 href=https://ui.adsabs.harvard.edu/abs/2023A&A...679A..70H/abstract target=ref>Hagelberg et al. 2023</a>,14.06727078,0.43715025,-0.43715025,1.255,349.6112477,25.42627256,-22.24798849,Mass,<a refstr=HAGELBERG_ET_AL__2023 href=https://ui.adsabs.harvard.edu/abs/2023A&A...679A..70H/abstract target=ref>Hagelberg et al. 2023</a>,1.1,0.69,0.15,,,908.9,1529.0,G0,5842.0,1.308,1.081,0.153,0.03107569739977665
Kepler-538 b,Kepler-538,2,1,Transit,2016,81.73778,0.3554,89.73,0.00013,-0.00013,<a refstr=BONOMO_ET_AL_2023 href=https://ui.adsabs.harvard.edu/abs/2023A&A...677A..33B/abstract target=ref>Bonomo et al. 2023</a>,2.215,0.04,-0.034,0.1976094,12.9,2.9,-2.9,Mass,<a refstr=BONOMO_ET_AL_2023 href=https://ui.adsabs.harvard.edu/abs/2023A&A...677A..33B/abstract target=ref>Bonomo et al. 2023</a>,0.04058794,6.5,0.21,,,5.07,417.0,,5534.0,0.8717,0.892,-0.09,0.018058690744920995
TOI-1235 b,TOI-1235,1,1,Transit,2020,3.444714,0.03845,88.9,9e-05,-9e-05,<a refstr=LUQUE__AMP__PALL_EACUTE__2022 href=https://ui.adsabs.harvard.edu/abs/2022Sci...377.1211L/abstract target=ref>Luque &amp; Pall&eacute; 2022</a>,1.69,0.08,-0.08,0.15077196,6.69,0.67,-0.69,Mass,<a refstr=LUQUE__AMP__PALL_EACUTE__2022 href=https://ui.adsabs.harvard.edu/abs/2022Sci...377.1211L/abstract target=ref>Luque &amp; Pall&eacute; 2022</a>,0.02104909,7.25,0.049,0.072,-0.035,60.3,775.0,M0.5 V,3997.0,0.619,0.63,0.33,0.04733727810650888
K2-110 b,K2-110,1,1,Transit,2017,13.86375,0.10207,89.35,0.00026,-0.00026,<a refstr=BONOMO_ET_AL_2023 href=https://ui.adsabs.harvard.edu/abs/2023A&A...677A..33B/abstract target=ref>Bonomo et al. 2023</a>,2.592,0.098,-0.097,0.23124315,15.9,2.7,-2.7,Mass,<a refstr=BONOMO_ET_AL_2023 href=https://ui.adsabs.harvard.edu/abs/2023A&A...677A..33B/abstract target=ref>Bonomo et al. 2023</a>,0.05002699,5.02,0.13,,,27.7,638.0,K3 V,5010.0,0.713,0.738,-0.34,0.03780864197530864
TOI-2018 b,TOI-2018,1,1,Transit,2023,7.435583,,88.52,2.2e-05,-2.2e-05,<a refstr=DAI_ET_AL_2023 href=https://ui.adsabs.harvard.edu/abs/2023AJ....166...49D/abstract target=ref>Dai et al. 2023</a>,2.268,0.069,-0.069,0.20233776,9.2,2.1,-2.1,Mass,<a refstr=DAI_ET_AL_2023 href=https://ui.adsabs.harvard.edu/abs/2023AJ....166...49D/abstract target=ref>Dai et al. 2023</a>,0.02894644,4.33,0.0,,,26.0758,576.34,K V,4174.0,0.62,0.57,-0.58,0.03042328042328043
TOI-519 b,TOI-519,1,1,Transit,2021,1.2652328,0.0159,88.9,5e-07,-5e-07,<a refstr=KAGETANI_ET_AL_2023 href=https://ui.adsabs.harvard.edu/abs/2023PASJ...75..713K/abstract target=ref>Kagetani et al. 2023</a>,11.54525012,0.33626942,-0.33626942,1.03,147.15455244,26.06192937,-27.96889982,Mass,<a refstr=KAGETANI_ET_AL_2023 href=https://ui.adsabs.harvard.edu/abs/2023PASJ...75..713K/abstract target=ref>Kagetani et al. 2023</a>,0.463,0.56,0.33,,,54.0,687.0,M V,3322.0,0.35,0.335,0.27,0.029126213508140087
TOI-244 b,TOI-244,1,1,Transit,2023,7.397225,0.0559,88.32,2.6e-05,-2.3e-05,<a refstr=CASTRO_GONZALEZ_ET_AL_2023 href=https://ui.adsabs.harvard.edu/abs/2023A&A...675A..52C/abstract target=ref>Castro-Gonz&aacute;lez et al. 2023</a>,1.52,0.12,-0.12,0.13560555,2.68,0.3,-0.3,Mass,<a refstr=CASTRO_GONZALEZ_ET_AL_2023 href=https://ui.adsabs.harvard.edu/abs/2023A&A...675A..52C/abstract target=ref>Castro-Gonz&aacute;lez et al. 2023</a>,0.00843222,4.2,,,,7.3,458.0,M2.5 V,3433.0,0.426,0.428,-0.39,0.07894736842105263
TOI-4184 b,TOI-4184,1,1,Transit,2023,4.9019804,0.0336,89.43,5.2e-06,-5.2e-06,<a refstr=BARKAOUI_ET_AL_2023 href=https://ui.adsabs.harvard.edu/abs/2023A&A...677A..38B/abstract target=ref>Barkaoui et al. 2023</a>,2.43,0.21,-0.21,0.21679045,6.48,,,M-R relationship,<a refstr=CALCULATED_VALUE href=/docs/pscp_calc.html target=_blank>Calculated Value</a>,0.0204,2.48,,,,4.8,412.0,M5.5+/-0.5,3238.0,0.2347,0.2109,-0.27,0.08641975308641975
TOI-470 b,TOI-470,1,1,Transit,2023,12.19148,0.119,89.527,3e-05,-3e-05,<a refstr=ODDO_ET_AL__2023 href=https://ui.adsabs.harvard.edu/abs/2023AJ....165..134O/abstract target=ref>Oddo et al. 2023</a>,4.34,0.29,-0.29,0.38718953,17.4,,,M-R relationship,<a refstr=CALCULATED_VALUE href=/docs/pscp_calc.html target=_blank>Calculated Value</a>,0.0546,1.17,,,,44.7551,660.0,G,5190.0,0.831,0.87,0.1,0.06682027649769585
Kepler-21 b,Kepler-21,2,1,Transit,2012,2.7858212,0.0434,83.2,3.2e-06,-3.2e-06,<a refstr=BONOMO_ET_AL_2023 href=https://ui.adsabs.harvard.edu/abs/2023A&A...677A..33B/abstract target=ref>Bonomo et al. 2023</a>,1.639,0.019,-0.015,0.14622204,7.5,1.3,-1.3,Mass,<a refstr=BONOMO_ET_AL_2023 href=https://ui.adsabs.harvard.edu/abs/2023A&A...677A..33B/abstract target=ref>Bonomo et al. 2023</a>,0.02359764,9.3,0.0,,,2749.0,2015.0,F6 IV,6305.0,1.902,1.408,-0.03,0.011592434411226357
Kepler-78 b,Kepler-78,2,1,Transit,2013,0.35500745,0.00901,75.2,8e-08,-8e-08,<a refstr=BONOMO_ET_AL_2023 href=https://ui.adsabs.harvard.edu/abs/2023A&A...677A..33B/abstract target=ref>Bonomo et al. 2023</a>,1.201,0.028,-0.028,0.10714623,1.68,0.27,-0.27,Mass,<a refstr=BONOMO_ET_AL_2023 href=https://ui.adsabs.harvard.edu/abs/2023A&A...677A..33B/abstract target=ref>Bonomo et al. 2023</a>,0.00528587,5.33,0.0,,,4070.0,2223.0,G,5058.0,0.7475,0.779,-0.18,0.02331390507910075
K2-12 b,K2-12,1,1,Transit,2015,8.28246,0.0792,87.6,0.00052,-0.00052,<a refstr=BONOMO_ET_AL_2023 href=https://ui.adsabs.harvard.edu/abs/2023A&A...677A..33B/abstract target=ref>Bonomo et al. 2023</a>,2.44,0.3,-0.14,0.21768259,5.2,,,Mass,<a refstr=BONOMO_ET_AL_2023 href=https://ui.adsabs.harvard.edu/abs/2023A&A...677A..33B/abstract target=ref>Bonomo et al. 2023</a>,0.01636103,1.6,0.5,,,185.0,1026.0,F9,5672.0,1.117,0.965,0.0,0.12295081967213115
TOI-139 b,TOI-139,1,1,Transit,2023,11.07085,,89.32,2.4e-05,-3e-05,<a refstr=MISTRY_ET_AL_2023 href=https://ui.adsabs.harvard.edu/abs/2023AJ....166....9M/abstract target=ref>Mistry et al. 2023</a>,2.4566,0.2122,-0.1245,0.21916355,6.6,,,M-R relationship,<a refstr=CALCULATED_VALUE href=/docs/pscp_calc.html target=_blank>Calculated Value</a>,0.0208,2.45,,,,22.4219,561.17,,4570.0,0.7007,0.69,-0.238,0.0863795489701213
WASP-79 b,WASP-79,1,1,Transit,2012,3.662392,0.0519,86.1,4e-06,-4e-06,<a refstr=GRESSIER_ET_AL__2023 href=https://ui.adsabs.harvard.edu/abs/2023A&A...672A..34G/abstract target=ref>Gressier et al. 2023</a>,17.14974047,0.44835923,-0.44835923,1.53,270.15414595,25.42627256,-25.42627256,Mass,<a refstr=GRESSIER_ET_AL__2023 href=https://ui.adsabs.harvard.edu/abs/2023A&A...672A..34G/abstract target=ref>Gressier et al. 2023</a>,0.85,0.13,0.0,,,1645.9887,1716.2,F5,6600.0,1.51,1.39,0.03,0.026143790967817482
TOI-5803 b,TOI-5803,1,1,Transit,2023,5.38305,,89.3,0.000207,-0.0002,<a refstr=MISTRY_ET_AL_2023 href=https://ui.adsabs.harvard.edu/abs/2023AJ....166....9M/abstract target=ref>Mistry et al. 2023</a>,3.2732,0.1251,-0.1194,0.29201585,10.7,,,M-R relationship,<a refstr=CALCULATED_VALUE href=/docs/pscp_calc.html target=_blank>Calculated Value</a>,0.0338,1.68,,,,73.722,678.87,,5134.0,0.7625,0.87,,0.03821947940852988
TOI-1680 b,TOI-1680,1,1,Transit,2023,4.8026345,0.03144,89.58,4e-06,-3.9e-06,<a refstr=GHACHOUI_ET_AL_2023 href=https://ui.adsabs.harvard.edu/abs/2023A&A...677A..31G/abstract target=ref>Ghachoui et al. 2023</a>,1.466,0.063,-0.049,0.13078799,2.75,,,M-R relationship,<a refstr=CALCULATED_VALUE href=/docs/pscp_calc.html target=_blank>Calculated Value</a>,0.00865,4.8,,,,4.41,404.0,M4.5+/-0.5,3225.0,0.2106,0.1798,0.04,0.042974079126875855
TOI-782 b,TOI-782,1,1,Transit,2024,8.0240015,0.0578,88.98,7.7e-06,-7.2e-06,<a refstr=HORI_ET_AL_2024 href=https://ui.adsabs.harvard.edu/abs/2024AJ....167..289H/abstract target=ref>Hori et al. 2024</a>,2.734,0.085,-0.085,0.24391156,19.1,,,Mass,<a refstr=HORI_ET_AL_2024 href=https://ui.adsabs.harvard.edu/abs/2024AJ....167..289H/abstract target=ref>Hori et al. 2024</a>,0.06009532,,0.19,0.09,-0.11,5.91,435.0,,3370.0,0.413,0.397,0.34,0.03108997805413314
TOI-2010 b,TOI-2010,1,1,Transit,2023,141.834025,0.5516,89.903,6.5e-05,-6.6e-05,<a refstr=MANN_ET_AL_2023 href=https://ui.adsabs.harvard.edu/abs/2023AJ....166..239M/abstract target=ref>Mann et al. 2023</a>,11.81426566,0.30264248,-0.30264248,1.054,408.7273314,17.48056238,-18.1162192,Mass,<a refstr=MANN_ET_AL_2023 href=https://ui.adsabs.harvard.edu/abs/2023AJ....166..239M/abstract target=ref>Mann et al. 2023</a>,1.286,1.36,0.212,0.022,-0.021,4.09,400.2,F0,5929.0,1.079,1.112,0.168,0.025616698380557662
TOI-2416 b,TOI-2416,1,1,Transit,2023,8.275479,0.0831,90.0,9e-06,-9e-06,<a refstr=EBERHARDT_ET_AL__2023 href=https://ui.adsabs.harvard.edu/abs/2023AJ....166..271E/abstract target=ref>Eberhardt et al. 2023</a>,9.86390302,0.22417961,-0.22417961,0.88,953.485221,31.7828407,-28.60455663,Mass,<a refstr=EBERHARDT_ET_AL__2023 href=https://ui.adsabs.harvard.edu/abs/2023AJ....166..271E/abstract target=ref>Eberhardt et al. 2023</a>,3.0,5.4,0.32,0.02,-0.02,130.93,1080.0,,5808.0,1.236,1.118,0.32,0.022727272312537395
TOI-2373 b,TOI-2373,1,1,Transit,2023,13.33668,0.112,89.2,1e-05,-1e-05,<a refstr=EBERHARDT_ET_AL__2023 href=https://ui.adsabs.harvard.edu/abs/2023AJ....166..271E/abstract target=ref>Eberhardt et al. 2023</a>,10.42435205,0.22417961,-0.22417961,0.93,2955.8041851,63.5656814,-63.5656814,Mass,<a refstr=EBERHARDT_ET_AL__2023 href=https://ui.adsabs.harvard.edu/abs/2023AJ....166..271E/abstract target=ref>Eberhardt et al. 2023</a>,9.3,14.4,0.112,0.007,-0.009,69.8726,860.0,,5651.0,1.102,1.041,0.3,0.02150537596243212
TOI-4860 b,TOI-4860,1,1,Transit,2023,1.5227591,0.01808,88.5,3e-07,-3e-07,<a refstr=ALMENARA_ET_AL_2024 href=https://ui.adsabs.harvard.edu/abs/2024A&A...683A.166A/abstract target=ref>Almenara et al. 2024</a>,8.7,0.4,-0.4,0.77,86.7,1.9,-1.9,Mass,<a refstr=ALMENARA_ET_AL_2024 href=https://ui.adsabs.harvard.edu/abs/2024A&A...683A.166A/abstract target=ref>Almenara et al. 2024</a>,0.273,0.75,0.008,0.013,-0.006,42.5,694.0,M3.5 V,3260.0,0.358,0.34,0.27,0.04597701149425288
TOI-4633 c,TOI-4633,2,1,Transit,2024,271.9445,0.847,89.888,0.0039,-0.004,<a refstr=EISNER_ET_AL__2024 href=https://ui.adsabs.harvard.edu/abs/2024AJ....167..241E/abstract target=ref>Eisner et al. 2024</a>,3.2,0.2,-0.19,0.28548537,123.0,,,Mass,<a refstr=EISNER_ET_AL__2024 href=https://ui.adsabs.harvard.edu/abs/2024AJ....167..241E/abstract target=ref>Eisner et al. 2024</a>,0.38700128,,0.117,0.186,-0.085,1.56,268.57,G V,5800.0,1.05,1.1,0.2379,0.0625
NGTS-27 b,NGTS-27,1,1,Transit,2024,3.3704181,0.0446,86.2,5.9e-06,-5.7e-06,<a refstr=BOUCHY_ET_AL__2024 href=https://ui.adsabs.harvard.edu/abs/2024A&A...684A.201B/abstract target=ref>Bouchy et al. 2024</a>,15.64773706,0.42594127,-0.39231432,1.396,188.47224535,30.19369866,-22.8836453,Mass,<a refstr=BOUCHY_ET_AL__2024 href=https://ui.adsabs.harvard.edu/abs/2024A&A...684A.201B/abstract target=ref>Bouchy et al. 2024</a>,0.593,0.266,0.0,,,1680.0,1783.0,,5700.0,1.77,1.07,0.0,0.0272206305849058
HATS-2 b,HATS-2,1,1,Transit,2013,1.35413379,0.02317,87.83,8e-08,-8e-08,<a refstr=BIAGIOTTI_ET_AL_2024 href=https://ui.adsabs.harvard.edu/abs/2024A&A...685A.131B/abstract target=ref>Biagiotti et al. 2024</a>,12.57647635,0.26901554,-0.26901554,1.122,435.42491759,50.85254512,-50.85254512,Mass,<a refstr=BIAGIOTTI_ET_AL_2024 href=https://ui.adsabs.harvard.edu/abs/2024A&A...685A.131B/abstract target=ref>Biagiotti et al. 2024</a>,1.37,1.20684,0.0,,,950.0563,1550.0,K,5227.0,0.876,0.904,0.15,0.0213903745781703
HAT-P-19 b,HAT-P-19,1,1,Transit,2010,4.00878322,0.04599,89.52,1.9e-07,-1.9e-07,<a refstr=KANG_ET_AL_2024 href=https://ui.adsabs.harvard.edu/abs/2024MNRAS.528.1930K/abstract target=ref>Kang et al. 2024</a>,11.29865255,0.15692573,-0.14571675,1.008,88.03846874,5.40308292,-5.08525451,Mass,<a refstr=KANG_ET_AL_2024 href=https://ui.adsabs.harvard.edu/abs/2024MNRAS.528.1930K/abstract target=ref>Kang et al. 2024</a>,0.277,0.335,0.07,0.04,-0.04,154.0,981.2,K1,4962.0,0.773,0.807,0.166,0.013888888901181408
Kepler-849 b,Kepler-849,1,1,Transit,2016,394.62508,1.137,89.923,0.00081,-0.00079,<a refstr=DALBA_ET_AL__2024 href=https://ui.adsabs.harvard.edu/abs/2024ApJS..271...16D/abstract target=ref>Dalba et al. 2024</a>,8.08167508,0.30264248,-0.32506044,0.721,298.75870258,63.5656814,-63.5656814,Mass,<a refstr=DALBA_ET_AL__2024 href=https://ui.adsabs.harvard.edu/abs/2024ApJS..271...16D/abstract target=ref>Dalba et al. 2024</a>,0.94,3.09,0.078,0.069,-0.053,2.86,362.7,,5950.0,1.822,1.259,0.145,0.040221913994592316
TOI-1853 b,TOI-1853,1,1,Transit,2023,1.2436258,0.0213,84.7,1.5e-06,-1.5e-06,<a refstr=NAPONIELLO_ET_AL_2023 href=https://ui.adsabs.harvard.edu/abs/2023Natur.622..255N/abstract target=ref>Naponiello et al. 2023</a>,3.46,0.08,-0.08,0.30868106,73.2,2.7,-2.7,Mass,<a refstr=NAPONIELLO_ET_AL_2023 href=https://ui.adsabs.harvard.edu/abs/2023Natur.622..255N/abstract target=ref>Naponiello et al. 2023</a>,0.23031296,9.74,0.03,,,435.33,1479.0,K2.5 V,4985.0,0.808,0.837,0.11,0.023121387283236997
HAT-P-51 b,HAT-P-51,1,1,Transit,2015,4.21802091,0.05042,89.28,6.6e-07,-6.6e-07,<a refstr=KANG_ET_AL_2024 href=https://ui.adsabs.harvard.edu/abs/2024MNRAS.528.1930K/abstract target=ref>Kang et al. 2024</a>,13.50682174,0.19055267,-0.17934369,1.205,97.57332095,6.67439655,-6.35656814,Mass,<a refstr=KANG_ET_AL_2024 href=https://ui.adsabs.harvard.edu/abs/2024MNRAS.528.1930K/abstract target=ref>Kang et al. 2024</a>,0.307,0.218,0.07,,,310.0,1168.2,G7,5453.0,0.995,0.961,0.302,0.01410788368041348
TOI-4641 b,TOI-4641,1,1,Transit,2023,22.09341,0.173,87.9,5.1e-05,-4.7e-05,<a refstr=BIERYLA_ET_AL_2024 href=https://ui.adsabs.harvard.edu/abs/2024MNRAS.52710955B/abstract target=ref>Bieryla et al. 2024</a>,8.18255591,0.2914335,-0.31385146,0.73,1229.99593509,,,Mass,<a refstr=BIERYLA_ET_AL_2024 href=https://ui.adsabs.harvard.edu/abs/2024MNRAS.52710955B/abstract target=ref>Bieryla et al. 2024</a>,3.87,,0.074,,,192.5802,950.11,,6560.0,1.72,1.41,-0.09,0.03835616443713368
TOI-1994 b,TOI-1994,1,1,Transit,2024,4.0337142,0.0613,85.5,5.1e-06,-5.1e-06,<a refstr=PAGE_ET_AL__2024 href=https://ui.adsabs.harvard.edu/abs/2024AJ....167..109P/abstract target=ref>Page et al. 2024</a>,13.67495645,0.91913642,-0.79583763,1.22,7024.0077947,826.3538582,-794.5710175,Mass,<a refstr=PAGE_ET_AL__2024 href=https://ui.adsabs.harvard.edu/abs/2024AJ....167..109P/abstract target=ref>Page et al. 2024</a>,22.1,15.0,0.341,0.054,-0.059,1910.26,2290.0,,7700.0,2.3,1.86,-0.01,0.06721311496388714
TOI-4515 b,TOI-4515,1,1,Transit,2024,15.266446,0.118,87.954,1.3e-05,-1.3e-05,<a refstr=CARLEO_ET_AL__2024 href=https://ui.adsabs.harvard.edu/abs/2024A&A...682A.135C/abstract target=ref>Carleo et al. 2024</a>,12.17,0.43,-0.43,1.086,637.0,17.0,-17.0,Mass,<a refstr=CARLEO_ET_AL__2024 href=https://ui.adsabs.harvard.edu/abs/2024A&A...682A.135C/abstract target=ref>Carleo et al. 2024</a>,2.005,1.941,0.461,0.007,-0.007,42.2987,705.0,G8/G9,5433.0,0.86,0.949,0.05,0.03533278553820871
TOI-4559 b,TOI-4559,1,1,Transit,2024,3.965991,0.0359,88.64,0.000314,-0.000332,<a refstr=MISTRY_ET_AL_2024 href=https://ui.adsabs.harvard.edu/abs/2024PASA...41...30M/abstract target=ref>Mistry et al. 2024</a>,1.415,0.126,-0.112,0.12623806,2.59,,,M-R relationship,<a refstr=CALCULATED_VALUE href=/docs/pscp_calc.html target=_blank>Calculated Value</a>,0.00814,5.02,,,,15.77,554.16,,3558.0,0.374,0.392,-0.09,0.08904593639575971
TOI-4377 b,TOI-4377,1,1,Transit,2023,4.378081,0.0579,80.3,1.9e-05,-1.9e-05,<a refstr=PEREIRA_ET_AL_2024 href=https://ui.adsabs.harvard.edu/abs/2024MNRAS.527.6332P/abstract target=ref>Pereira et al. 2024</a>,15.10970598,0.90792744,-0.90792744,1.348,304.1617855,28.28672822,-27.65107141,Mass,<a refstr=PEREIRA_ET_AL_2024 href=https://ui.adsabs.harvard.edu/abs/2024MNRAS.527.6332P/abstract target=ref>Pereira et al. 2024</a>,0.957,0.881,0.045,0.053,-0.032,430.9826,1162.08,,4974.0,3.52,1.36,0.205,0.060089021004232676
TOI-3919 b,TOI-3919,1,1,Transit,2024,7.433234,0.0795,86.98,1.4e-05,-1.4e-05,<a refstr=SCHULTE_ET_AL__2024 href=https://ui.adsabs.harvard.edu/abs/2024AJ....168...32S/abstract target=ref>Schulte et al. 2024</a>,12.31866979,0.582867,-0.56044903,1.099,1233.17421916,73.10053361,-73.10053361,Mass,<a refstr=SCHULTE_ET_AL__2024 href=https://ui.adsabs.harvard.edu/abs/2024AJ....168...32S/abstract target=ref>Schulte et al. 2024</a>,3.88,3.63,0.259,0.033,-0.036,184.322,1198.0,,6100.0,1.319,1.208,0.175,0.047315741872808174
GJ 238 b,GJ 238,1,1,Transit,2024,1.7446999,0.02123,89.99,1.9e-06,-1.8e-06,<a refstr=TEY_ET_AL__2024 href=https://ui.adsabs.harvard.edu/abs/2024AJ....167..283T/abstract target=ref>Tey et al. 2024</a>,0.566,0.014,-0.014,0.05049522,0.126,,,M-R relationship,<a refstr=CALCULATED_VALUE href=/docs/pscp_calc.html target=_blank>Calculated Value</a>,0.000398,3.82,,,,229.4579,758.0,M2.5 V,3485.0,0.4314,0.4193,0.15,0.02473498233215548
TOI-5232 b,TOI-5232,1,1,Transit,2024,4.0966692,0.05593,88.3,6.7e-06,-6.7e-06,<a refstr=SCHULTE_ET_AL__2024 href=https://ui.adsabs.harvard.edu/abs/2024AJ....168...32S/abstract target=ref>Schulte et al. 2024</a>,12.778238,0.57165802,-0.50440413,1.14,743.71847238,50.85254512,-50.85254512,Mass,<a refstr=SCHULTE_ET_AL__2024 href=https://ui.adsabs.harvard.edu/abs/2024AJ....168...32S/abstract target=ref>Schulte et al. 2024</a>,2.34,1.96,0.035,0.034,-0.024,1193.86,1772.0,,6500.0,1.785,1.389,-0.104,0.04473684243477074
TOI-6029 b,TOI-6029,1,1,Transit,2024,5.7987,,,0.0004,-0.0004,<a refstr=SAUNDERS_ET_AL__2024 href=https://ui.adsabs.harvard.edu/abs/2024AJ....168...81S/abstract target=ref>Saunders et al. 2024</a>,14.39233122,1.09848011,-1.09848011,1.284,519.64944544,10.17050902,-10.17050902,Mass,<a refstr=SAUNDERS_ET_AL__2024 href=https://ui.adsabs.harvard.edu/abs/2024AJ....168...81S/abstract target=ref>Saunders et al. 2024</a>,1.635,0.958,0.091,0.017,-0.015,806.794,1484.0,,6223.0,2.338,1.548,0.37,0.0763239876298511
TOI-1451 b,TOI-1451,1,1,Transit,2024,16.537944,0.127,,4.5e-05,-4.5e-05,<a refstr=POLANSKI_ET_AL__2024 href=https://ui.adsabs.harvard.edu/abs/2024ApJS..272...32P/abstract target=ref>Polanski et al. 2024</a>,2.61143902,0.13407193,-0.10283772,0.23297739,15.2,2.8,-2.8,Mass,<a refstr=POLANSKI_ET_AL__2024 href=https://ui.adsabs.harvard.edu/abs/2024ApJS..272...32P/abstract target=ref>Polanski et al. 2024</a>,0.04782455,4.67,0.0,,,53.0216,723.33,,5801.0,1.0162,1.0022,0.019,0.051340249178018334
TIC 4672985 b,TIC 4672985,1,1,Transit,2024,69.048,0.33,,0.0004,-0.0005,<a refstr=JONES_ET_AL__2024 href=https://ui.adsabs.harvard.edu/abs/2024A&A...683A.192J/abstract target=ref>Jones et al. 2024</a>,11.5004142,0.75100171,-0.72858375,1.026,4049.13390518,321.00669107,-321.00669107,Mass,<a refstr=JONES_ET_AL__2024 href=https://ui.adsabs.harvard.edu/abs/2024A&A...683A.192J/abstract target=ref>Jones et al. 2024</a>,12.74,14.6,0.018,0.004,-0.004,11.9376,517.2,,5757.0,1.15,1.01,0.14,0.06530214450884735
TOI-5218 b,TOI-5218,1,1,Transit,2024,4.291452,0.0469,88.41,4e-06,-4e-06,<a refstr=KANODIA_ET_AL_2024 href=https://ui.adsabs.harvard.edu/abs/2024AJ....168..235K/abstract target=ref>Kanodia et al. 2024</a>,9.86,0.39,-0.39,0.879,657.0,,,Mass,<a refstr=KANODIA_ET_AL_2024 href=https://ui.adsabs.harvard.edu/abs/2024AJ....168..235K/abstract target=ref>Kanodia et al. 2024</a>,2.06715317,,0.0,,,62.0,783.0,,4230.0,0.708,0.739,0.41,0.039553752535496964
TOI-1601 b,TOI-1601,1,1,Transit,2021,5.33175,0.069,88.84,0.00014,-0.00014,<a refstr=POLANSKI_ET_AL__2024 href=https://ui.adsabs.harvard.edu/abs/2024ApJS..272...32P/abstract target=ref>Polanski et al. 2024</a>,14.19902343,0.64857111,-0.5112186,1.2667542,387.0,16.0,-17.0,Mass,<a refstr=POLANSKI_ET_AL__2024 href=https://ui.adsabs.harvard.edu/abs/2024ApJS..272...32P/abstract target=ref>Polanski et al. 2024</a>,1.21763817,0.74,0.0,,,1071.42,1493.97,,5982.0,2.195,1.5055,0.343,0.04567716316529805
TOI-1444 b,TOI-1444,1,1,Transit,2021,0.4702743,0.0116,82.0,1.1e-06,-1.1e-06,<a refstr=POLANSKI_ET_AL__2024 href=https://ui.adsabs.harvard.edu/abs/2024ApJS..272...32P/abstract target=ref>Polanski et al. 2024</a>,1.41792246,0.0467336,-0.04107268,0.12649879,3.58,0.76,-0.75,Mass,<a refstr=POLANSKI_ET_AL__2024 href=https://ui.adsabs.harvard.edu/abs/2024ApJS..272...32P/abstract target=ref>Polanski et al. 2024</a>,0.01126394,6.84,0.0,,,5028.6263,2130.02,G,5460.0,0.9105,0.9513,0.146,0.03295920709232577
TOI-5634 A b,TOI-5634 A,2,1,Transit,2024,2.2035373,0.0272,88.19,8.4e-06,-8.4e-06,<a refstr=KANODIA_ET_AL_2024 href=https://ui.adsabs.harvard.edu/abs/2024AJ....168..235K/abstract target=ref>Kanodia et al. 2024</a>,10.42,0.62,-0.55,0.923,588.0,,,Mass,<a refstr=KANODIA_ET_AL_2024 href=https://ui.adsabs.harvard.edu/abs/2024AJ....168..235K/abstract target=ref>Kanodia et al. 2024</a>,1.85005489,,0.0,,,77.0,837.0,,3896.0,0.54,0.556,-0.27,0.05950095969289827
TOI-1683.01,TOI-1683,1,1,Transit,2024,3.0575356,0.036507593,,,,<a refstr=HORD_ET_AL__2024 href=https://ui.adsabs.harvard.edu/abs/2024AJ....167..233H/abstract target=ref>Hord et al. 2024</a>,2.6382,0.276387,-0.276387,0.23510942,7.45,,,M-R relationship,<a refstr=CALCULATED_VALUE href=/docs/pscp_calc.html target=_blank>Calculated Value</a>,0.0235,2.23,,,,163.056,929.25,,4402.0,0.7,0.694661,,0.10476347509665682
TOI-1298 b,TOI-1298,1,1,Transit,2021,4.537143,0.057,88.96,3e-06,-3e-06,<a refstr=POLANSKI_ET_AL__2024 href=https://ui.adsabs.harvard.edu/abs/2024ApJS..272...32P/abstract target=ref>Polanski et al. 2024</a>,9.65807033,0.19896656,-0.17319735,0.86163681,99.0,6.0,-6.0,Mass,<a refstr=POLANSKI_ET_AL__2024 href=https://ui.adsabs.harvard.edu/abs/2024ApJS..272...32P/abstract target=ref>Polanski et al. 2024</a>,0.31148883,0.6,0.0,,,732.0077,1278.0,,5752.0,1.4536,1.2187,0.397,0.020601067625482906
TOI-1751 b,TOI-1751,1,1,Transit,2024,37.46852,0.215,,0.00013,-0.00013,<a refstr=POLANSKI_ET_AL__2024 href=https://ui.adsabs.harvard.edu/abs/2024ApJS..272...32P/abstract target=ref>Polanski et al. 2024</a>,2.9507845,0.11061818,-0.08190008,0.26325181,19.5,3.5,-3.4,Mass,<a refstr=POLANSKI_ET_AL__2024 href=https://ui.adsabs.harvard.edu/abs/2024ApJS..272...32P/abstract target=ref>Polanski et al. 2024</a>,0.06135386,4.13,0.327,0.083,-0.083,192.521,651.64,,5970.0,1.3137,0.9382,-0.373,0.03748771894389441
K2-419 A b,K2-419 A,2,1,Transit,2024,20.35847252,0.1208,89.54,6.14e-06,-5.75e-06,<a refstr=KANODIA_ET_AL_2024 href=https://ui.adsabs.harvard.edu/abs/2024AJ....168..235K/abstract target=ref>Kanodia et al. 2024</a>,10.55,0.39,-0.39,0.941,196.0,15.0,-15.0,Mass,<a refstr=KANODIA_ET_AL_2024 href=https://ui.adsabs.harvard.edu/abs/2024AJ....168..235K/abstract target=ref>Kanodia et al. 2024</a>,0.617,0.916,0.042,0.045,-0.029,3.3,377.0,,3711.0,0.541,0.562,-0.11,0.03696682464454976
TOI-1776 b,TOI-1776,1,1,Transit,2024,2.799868,0.0378,,2.3e-05,-2.3e-05,<a refstr=POLANSKI_ET_AL__2024 href=https://ui.adsabs.harvard.edu/abs/2024ApJS..272...32P/abstract target=ref>Polanski et al. 2024</a>,1.21612741,0.0898466,-0.07715788,0.10849581,1.4,1.1,-1.0,Mass,<a refstr=POLANSKI_ET_AL__2024 href=https://ui.adsabs.harvard.edu/abs/2024ApJS..272...32P/abstract target=ref>Polanski et al. 2024</a>,0.00440489,4.13,0.0,,,560.3349,1269.21,,5785.0,0.9356,0.9196,-0.193,0.07387926566016632
BD-14 3065 b,BD-14 3065 A,3,1,Transit,2024,4.2889731,0.0656,80.78,5.2e-06,-5.2e-06,<a refstr=SUBJAK_ET_AL_2024 href=https://ui.adsabs.harvard.edu/abs/2024A&A...688A.120S/abstract target=ref>&Scaron;ubjak et al. 2024</a>,21.59,1.05,-1.05,1.926,3932.0,290.0,-280.0,Mass,<a refstr=SUBJAK_ET_AL_2024 href=https://ui.adsabs.harvard.edu/abs/2024A&A...688A.120S/abstract target=ref>&Scaron;ubjak et al. 2024</a>,12.37,2.15,0.066,0.0098,-0.011,646.761,2001.0,,6935.0,2.35,1.41,-0.34,0.04863362667901806
TOI-1794 b,TOI-1794,1,1,Transit,2024,8.765528,0.082,88.60828,3.5e-05,-3.5e-05,<a refstr=POLANSKI_ET_AL__2024 href=https://ui.adsabs.harvard.edu/abs/2024ApJS..272...32P/abstract target=ref>Polanski et al. 2024</a>,3.29701268,0.16656615,-0.13651409,0.29414028,8.7,4.1,-4.0,Mass,<a refstr=POLANSKI_ET_AL__2024 href=https://ui.adsabs.harvard.edu/abs/2024ApJS..272...32P/abstract target=ref>Polanski et al. 2024</a>,0.02737326,1.31,0.0,,,228.913,992.91,,5631.0,1.3162,0.9698,0.035,0.050520324356168385
TOI-1842 b,TOI-1842,1,1,Transit,2021,9.5739181,0.1,88.4,9.9e-06,-9.9e-06,<a refstr=POLANSKI_ET_AL__2024 href=https://ui.adsabs.harvard.edu/abs/2024ApJS..272...32P/abstract target=ref>Polanski et al. 2024</a>,12.3485023,0.27917829,-0.2943366,1.10166148,89.4,7.8,-7.8,Mass,<a refstr=POLANSKI_ET_AL__2024 href=https://ui.adsabs.harvard.edu/abs/2024ApJS..272...32P/abstract target=ref>Polanski et al. 2024</a>,0.28128386,0.26,0.276,0.064,-0.064,354.639,1199.55,,6039.0,2.032,1.4643,0.332,0.023835813675962957
TOI-1824 b,TOI-1824,1,1,Transit,2024,22.808533,0.151,,5.5e-05,-5.5e-05,<a refstr=POLANSKI_ET_AL__2024 href=https://ui.adsabs.harvard.edu/abs/2024ApJS..272...32P/abstract target=ref>Polanski et al. 2024</a>,2.7438269,0.08672208,-0.07211466,0.24478826,16.0,2.6,-2.6,Mass,<a refstr=POLANSKI_ET_AL__2024 href=https://ui.adsabs.harvard.edu/abs/2024ApJS..272...32P/abstract target=ref>Polanski et al. 2024</a>,0.05034163,4.24,0.0,,,14.6287,528.67,,5165.0,0.8123,0.8801,0.124,0.03160625037971601
SPECULOOS-3 b,SPECULOOS-3,1,1,Transit,2024,0.71912603,0.00733,89.44,5.7e-07,-5.7e-07,<a refstr=GILLON_ET_AL_2024 href=https://ui.adsabs.harvard.edu/abs/2024NatAs...8..865G/abstract target=ref>Gillon et al. 2024</a>,0.977,0.022,-0.022,0.08716225,0.894,,,M-R relationship,<a refstr=CALCULATED_VALUE href=/docs/pscp_calc.html target=_blank>Calculated Value</a>,0.00281,5.27,,,,15.54,553.0,M6.5+/-0.5,2800.0,0.123,0.1009,0.07,0.022517911975435005
TOI-3071 b,TOI-3071,1,1,Transit,2024,1.266938,0.0249,82.1,2e-06,-2e-06,<a refstr=HACKER_ET_AL_2024 href=https://ui.adsabs.harvard.edu/abs/2024MNRAS.532.1612H/abstract target=ref>Hacker et al. 2024</a>,7.16,0.57,-0.51,0.63877351,68.2,3.5,-3.5,Mass,<a refstr=HACKER_ET_AL_2024 href=https://ui.adsabs.harvard.edu/abs/2024MNRAS.532.1612H/abstract target=ref>Hacker et al. 2024</a>,0.2145812,1.02,0.09,,,2579.61,2155.0,,6177.0,1.31,1.29,0.35,0.07960893854748602
TOI-2019 b,TOI-2019,1,1,Transit,2024,15.3444,0.128,,0.0057,-0.0057,<a refstr=POLANSKI_ET_AL__2024 href=https://ui.adsabs.harvard.edu/abs/2024ApJS..272...32P/abstract target=ref>Polanski et al. 2024</a>,5.33275337,0.26371361,-0.20823795,0.47575721,34.4,4.4,-4.4,Mass,<a refstr=POLANSKI_ET_AL__2024 href=https://ui.adsabs.harvard.edu/abs/2024ApJS..272...32P/abstract target=ref>Polanski et al. 2024</a>,0.1082345,1.25,0.0,,,126.052,917.46,,5626.0,1.7457,1.1832,0.409,0.04945167940515501
TOI-329 b,TOI-329,1,1,Transit,2024,5.70439,0.0638,,0.00013,-0.00013,<a refstr=POLANSKI_ET_AL__2024 href=https://ui.adsabs.harvard.edu/abs/2024ApJS..272...32P/abstract target=ref>Polanski et al. 2024</a>,4.94057819,0.29202617,-0.25614214,0.44076962,40.4,3.8,-3.7,Mass,<a refstr=POLANSKI_ET_AL__2024 href=https://ui.adsabs.harvard.edu/abs/2024ApJS..272...32P/abstract target=ref>Polanski et al. 2024</a>,0.12711262,1.84,0.39,0.033,-0.033,576.8749,1213.02,,5614.0,1.5326,1.0678,0.205,0.05910769119919545
TOI-480 b,TOI-480,1,1,Transit,2024,6.866196,0.077,,1.4e-05,-1.4e-05,<a refstr=POLANSKI_ET_AL__2024 href=https://ui.adsabs.harvard.edu/abs/2024ApJS..272...32P/abstract target=ref>Polanski et al. 2024</a>,2.85372018,0.13233983,-0.10240654,0.2545923,20.8,4.4,-4.2,Mass,<a refstr=POLANSKI_ET_AL__2024 href=https://ui.adsabs.harvard.edu/abs/2024ApJS..272...32P/abstract target=ref>Polanski et al. 2024</a>,0.06544412,4.91,0.0,,,531.521,1198.94,,6174.0,1.4877,1.2793,0.164,0.0463744942224854
TOI-757 b,TOI-757,1,1,Transit,2024,17.46819,0.122,89.5,2e-05,-2e-05,<a refstr=ALQASIM_ET_AL_2024 href=https://ui.adsabs.harvard.edu/abs/2024MNRAS.533....1A/abstract target=ref>Alqasim et al. 2024</a>,2.5,0.1,-0.1,0.22303545,10.5,2.2,-2.1,Mass,<a refstr=ALQASIM_ET_AL_2024 href=https://ui.adsabs.harvard.edu/abs/2024MNRAS.533....1A/abstract target=ref>Alqasim et al. 2024</a>,0.03303669,3.6,0.39,0.08,-0.07,24.3644,641.0,K0 V,5278.0,0.78,0.8,-0.27,0.04
TOI-3261 b,TOI-3261,1,1,Transit,2024,0.8831331,0.01714,87.8,1e-06,-1e-06,<a refstr=NABBIE_ET_AL_2024 href=https://ui.adsabs.harvard.edu/abs/2024AJ....168..132N/abstract target=ref>Nabbie et al. 2024</a>,3.82,0.42,-0.35,0.34079816,30.3,2.2,-2.4,Mass,<a refstr=NABBIE_ET_AL_2024 href=https://ui.adsabs.harvard.edu/abs/2024AJ....168..132N/abstract target=ref>Nabbie et al. 2024</a>,0.09533446,3.0,0.0,,,1466.0,1722.0,K1.5+/-1,5068.0,0.849,0.861,0.138,0.1099476439790576
TOI-669 b,TOI-669,1,1,Transit,2023,3.945152,0.048,85.78281,1.8e-05,-1.8e-05,<a refstr=POLANSKI_ET_AL__2024 href=https://ui.adsabs.harvard.edu/abs/2024ApJS..272...32P/abstract target=ref>Polanski et al. 2024</a>,2.58606487,0.13042739,-0.11014467,0.23071365,10.0,1.4,-1.4,Mass,<a refstr=POLANSKI_ET_AL__2024 href=https://ui.adsabs.harvard.edu/abs/2024ApJS..272...32P/abstract target=ref>Polanski et al. 2024</a>,0.03146352,3.17,0.0,,,388.2,1124.85,,5597.0,0.9882,0.9245,0.001,0.0504346938520533
TOI-2368 b,TOI-2368,1,1,Transit,2024,5.1750073,0.05649,86.61,1.6e-06,-1.6e-06,<a refstr=SCHULTE_ET_AL__2024 href=https://ui.adsabs.harvard.edu/abs/2024AJ....168...32S/abstract target=ref>Schulte et al. 2024</a>,10.83908434,0.40352331,-0.3474784,0.967,206.58846455,57.20911326,-57.20911326,Mass,<a refstr=SCHULTE_ET_AL__2024 href=https://ui.adsabs.harvard.edu/abs/2024AJ....168...32S/abstract target=ref>Schulte et al. 2024</a>,0.65,0.88,0.061,0.066,-0.042,162.7267,1000.0,,5360.0,0.846,0.897,0.1,0.03722854231430402
TOI-2107 b,TOI-2107,1,1,Transit,2024,2.4545467,0.03515,89.44,1.3e-06,-1.3e-06,<a refstr=SCHULTE_ET_AL__2024 href=https://ui.adsabs.harvard.edu/abs/2024AJ....168...32S/abstract target=ref>Schulte et al. 2024</a>,13.57407563,0.39231432,-0.35868738,1.211,263.79757781,34.96112477,-34.96112477,Mass,<a refstr=SCHULTE_ET_AL__2024 href=https://ui.adsabs.harvard.edu/abs/2024AJ....168...32S/abstract target=ref>Schulte et al. 2024</a>,0.83,0.577,0.033,0.038,-0.023,508.468,1397.0,,5627.0,0.932,0.961,0.07,0.02890173376763483
TOI-1248 b,TOI-1248,1,1,Transit,2024,4.3601561,0.051,,1.1e-06,-1.1e-06,<a refstr=POLANSKI_ET_AL__2024 href=https://ui.adsabs.harvard.edu/abs/2024ApJS..272...32P/abstract target=ref>Polanski et al. 2024</a>,6.8084859,0.116716,-0.12027714,0.60741347,27.4,3.6,-3.5,Mass,<a refstr=POLANSKI_ET_AL__2024 href=https://ui.adsabs.harvard.edu/abs/2024ApJS..272...32P/abstract target=ref>Polanski et al. 2024</a>,0.08621004,0.47,0.0,,,202.0739,952.09,,5205.0,0.8686,0.9042,0.223,0.017665769124968006
TOI-837 b,TOI-837,1,1,Transit,2020,8.3249113,0.0888,87.097,3.6e-06,-3.6e-06,<a refstr=BARRAG_AACUTE_N_ET_AL__2024 href=https://ui.adsabs.harvard.edu/abs/2024MNRAS.531.4275B/abstract target=ref>Barrag&aacute;n et al. 2024</a>,9.16894621,0.38110534,-0.26901554,0.818,120.45696625,18.43404761,-19.38753283,Mass,<a refstr=BARRAG_AACUTE_N_ET_AL__2024 href=https://ui.adsabs.harvard.edu/abs/2024MNRAS.531.4275B/abstract target=ref>Barrag&aacute;n et al. 2024</a>,0.379,0.89,0.0,,,164.0,995.3,F9/G0,5995.0,1.052,1.142,0.01,0.041564791773383084
SWEEPS-11 b,SWEEPS-11,1,1,Transit,2006,1.796,0.03,,,,<a refstr=SAHU_ET_AL__2006 href=https://ui.adsabs.harvard.edu/abs/2006Natur.443..534S/abstract target=ref>Sahu et al. 2006</a>,12.666,2.354,-2.354,1.13,3082.82,1779.77,-1430.17,Mass,<a refstr=SAHU_ET_AL__2006 href=https://ui.adsabs.harvard.edu/abs/2006Natur.443..534S/abstract target=ref>Sahu et al. 2006</a>,9.7,8.34,,,,,,,,1.45,1.1,,0.18585188694141797
TOI-3321 b,TOI-3321,1,1,Transit,2024,3.6525145,0.047,86.33,2.7e-06,-2.8e-06,<a refstr=SCHULTE_ET_AL__2024 href=https://ui.adsabs.harvard.edu/abs/2024AJ....168...32S/abstract target=ref>Schulte et al. 2024</a>,15.55806521,0.78462865,-0.71737476,1.388,176.07693748,24.15495893,-23.83713052,Mass,<a refstr=SCHULTE_ET_AL__2024 href=https://ui.adsabs.harvard.edu/abs/2024AJ....168...32S/abstract target=ref>Schulte et al. 2024</a>,0.554,0.255,0.054,0.057,-0.038,967.919,1616.0,,5850.0,1.549,1.041,-0.103,0.05043227672652235
TOI-1744.01,TOI-1744,1,1,Transit,2024,22.341702927,0.164086,,4.4164e-05,-4.2156e-05,<a refstr=CROSSFIELD_ET_AL_2025 href=https://ui.adsabs.harvard.edu/abs/2025AJ....169...89C/abstract target=ref>Crossfield et al. 2025</a>,2.68,0.263,-0.172,0.239094,7.65,,,M-R relationship,<a refstr=CALCULATED_VALUE href=/docs/pscp_calc.html target=_blank>Calculated Value</a>,0.0241,2.18,,,,63.31,598.0,,6179.0,1.14,1.18,,0.09813432835820896
K2-260 b,K2-260,1,1,Transit,2018,2.62669762,0.04392,89.18,6.6e-07,-6.6e-07,<a refstr=THYGESEN_ET_AL__2023 href=https://ui.adsabs.harvard.edu/abs/2023AJ....165..155T/abstract target=ref>Thygesen et al. 2023</a>,18.41635529,0.65012088,-0.81825559,1.643,546.66486004,108.06165838,-111.23994245,Mass,<a refstr=THYGESEN_ET_AL__2023 href=https://ui.adsabs.harvard.edu/abs/2023AJ....165..155T/abstract target=ref>Thygesen et al. 2023</a>,1.72,0.48,0.053,0.051,-0.036,2520.03,2090.0,F6 V,6860.0,1.755,1.637,0.334,0.04443091899102909
K2-237 b,K2-237,1,1,Transit,2018,2.18053332,0.03552,88.37,5.4e-07,-5.4e-07,<a refstr=THYGESEN_ET_AL__2023 href=https://ui.adsabs.harvard.edu/abs/2023AJ....165..155T/abstract target=ref>Thygesen et al. 2023</a>,16.06246934,0.62770292,-0.54924005,1.433,434.15360396,34.96112477,-29.24021344,Mass,<a refstr=THYGESEN_ET_AL__2023 href=https://ui.adsabs.harvard.edu/abs/2023AJ....165..155T/abstract target=ref>Thygesen et al. 2023</a>,1.366,0.577,0.03,0.033,-0.021,1860.0,1759.0,F9 V,6180.0,1.236,1.256,0.337,0.03907885560514944
TOI-1772.01,TOI-1772,1,1,Transit,2024,8.054246874,0.078375,,3.9595e-05,-3.7868e-05,<a refstr=CROSSFIELD_ET_AL_2025 href=https://ui.adsabs.harvard.edu/abs/2025AJ....169...89C/abstract target=ref>Crossfield et al. 2025</a>,2.905,0.328,-0.214,0.25916719,8.78,,,M-R relationship,<a refstr=CALCULATED_VALUE href=/docs/pscp_calc.html target=_blank>Calculated Value</a>,0.0276,1.97,,,,140.93,877.67,,5583.0,0.995,0.99,0.1282,0.11290877796901895
K2-261 b,K2-261,1,1,Transit,2018,11.6334681,0.1086,88.58,4.4e-06,-4.4e-06,<a refstr=THYGESEN_ET_AL__2023 href=https://ui.adsabs.harvard.edu/abs/2023AJ....165..155T/abstract target=ref>Thygesen et al. 2023</a>,9.26982704,0.36989636,-0.33626942,0.827,68.96876432,7.94571018,-9.2170238,Mass,<a refstr=THYGESEN_ET_AL__2023 href=https://ui.adsabs.harvard.edu/abs/2023AJ....165..155T/abstract target=ref>Thygesen et al. 2023</a>,0.217,0.473,0.274,0.065,-0.061,180.0,1036.0,G7 IV/V,5490.0,1.663,1.107,0.372,0.03990326447342215
K2-321 b,K2-321,1,1,Transit,2020,2.2979749,0.02839,86.1,1.7e-06,-1.9e-06,<a refstr=THYGESEN_ET_AL__2023 href=https://ui.adsabs.harvard.edu/abs/2023AJ....165..155T/abstract target=ref>Thygesen et al. 2023</a>,2.05124347,0.16813471,-0.13450777,0.183,4.86,,,M-R relationship,<a refstr=CALCULATED_VALUE href=/docs/pscp_calc.html target=_blank>Calculated Value</a>,0.0153,3.09,0.44,0.26,-0.23,68.5516,830.0,,3750.0,0.595,0.578,0.148,0.08196721279507595
TOI-1777.01,TOI-1777,1,1,Transit,2024,14.650111974,0.119466,,8.2399e-05,-7.9511e-05,<a refstr=CROSSFIELD_ET_AL_2025 href=https://ui.adsabs.harvard.edu/abs/2025AJ....169...89C/abstract target=ref>Crossfield et al. 2025</a>,2.246,0.279,-0.177,0.20037504,5.67,,,M-R relationship,<a refstr=CALCULATED_VALUE href=/docs/pscp_calc.html target=_blank>Calculated Value</a>,0.0178,2.75,,,,71.34,580.0,,5859.0,0.98,1.06,,0.12422083704363314
K2-167 b,K2-167,1,1,Transit,2018,9.978541,0.0932,86.8,2.3e-05,-1.9e-05,<a refstr=THYGESEN_ET_AL__2023 href=https://ui.adsabs.harvard.edu/abs/2023AJ....165..155T/abstract target=ref>Thygesen et al. 2023</a>,2.36509493,0.21297063,-0.14571675,0.211,6.5,1.6,-1.5,Mass,<a refstr=BONOMO_ET_AL_2023 href=https://ui.adsabs.harvard.edu/abs/2023A&A...677A..33B/abstract target=ref>Bonomo et al. 2023</a>,0.02045129,2.87,0.48,0.26,-0.26,317.0,1220.0,F7 V,6310.0,1.499,1.084,-0.456,0.09004739188206706
K2-265 b,K2-265,2,1,Transit,2018,2.36902,0.03359,87.01,5.8e-05,-5.9e-05,<a refstr=THYGESEN_ET_AL__2023 href=https://ui.adsabs.harvard.edu/abs/2023AJ....165..155T/abstract target=ref>Thygesen et al. 2023</a>,1.70824866,0.11208981,-0.08070466,0.1524,7.3418362,1.43022783,-1.39844499,Mass,<a refstr=THYGESEN_ET_AL__2023 href=https://ui.adsabs.harvard.edu/abs/2023AJ....165..155T/abstract target=ref>Thygesen et al. 2023</a>,0.0231,7.9,0.16,0.16,-0.11,592.0,1366.0,G8 V,5420.0,0.92,0.901,0.033,0.06561679960574358
KELT-24 b,KELT-24,2,1,Transit,2019,5.55149296,0.0665,89.67,5e-07,-5.3e-07,<a refstr=GIOVINAZZI_ET_AL__2024 href=https://ui.adsabs.harvard.edu/abs/2024AJ....168..118G/abstract target=ref>Giovinazzi et al. 2024</a>,12.71098411,0.30264248,-0.2914335,1.134,1458.83238813,57.20911326,-57.20911326,Mass,<a refstr=GIOVINAZZI_ET_AL__2024 href=https://ui.adsabs.harvard.edu/abs/2024AJ....168..118G/abstract target=ref>Giovinazzi et al. 2024</a>,4.59,3.9,0.0319,0.0079,-0.0074,624.0,1391.0,F7,6426.0,1.338,1.268,0.138,0.023809523903181088
TOI-3568 b,TOI-3568,1,1,Transit,2024,4.417965,0.0485,89.2,5e-06,-5e-06,<a refstr=MARTIOLI_ET_AL_2024 href=https://ui.adsabs.harvard.edu/abs/2024A&A...690A.312M/abstract target=ref>Martioli et al. 2024</a>,5.3,0.27,-0.27,0.483,26.4,1.0,-1.0,Mass,<a refstr=MARTIOLI_ET_AL_2024 href=https://ui.adsabs.harvard.edu/abs/2024A&A...690A.312M/abstract target=ref>Martioli et al. 2024</a>,0.083,0.98,0.035,0.021,-0.021,130.1481,899.0,,4969.0,0.719,0.78,-0.01,0.0509433962264151
K2-57 b,K2-57,1,1,Transit,2016,9.0073,0.0752,88.95,0.0012,-0.0011,<a refstr=THYGESEN_ET_AL__2023 href=https://ui.adsabs.harvard.edu/abs/2023AJ....165..155T/abstract target=ref>Thygesen et al. 2023</a>,2.30905002,0.16813471,-0.13450777,0.206,5.94,,,M-R relationship,<a refstr=CALCULATED_VALUE href=/docs/pscp_calc.html target=_blank>Calculated Value</a>,0.0187,2.65,0.25,0.38,-0.17,24.1,635.8,,4413.0,0.671,0.699,0.08,0.0728155338964896
K2-54 b,K2-54,1,1,Transit,2016,9.7833,0.0761,89.08,0.0013,-0.0012,<a refstr=THYGESEN_ET_AL__2023 href=https://ui.adsabs.harvard.edu/abs/2023AJ....165..155T/abstract target=ref>Thygesen et al. 2023</a>,2.6116925,0.21297063,-0.19055267,0.233,7.33,,,M-R relationship,<a refstr=CALCULATED_VALUE href=/docs/pscp_calc.html target=_blank>Calculated Value</a>,0.0231,2.26,0.24,0.4,-0.18,6.1,560.0,,3990.0,0.643,0.615,-0.02,0.08154506321092547
TOI-4638.01,TOI-4638,1,1,Transit,2024,10.283918787,0.093013,,9.2782e-05,-9.8731e-05,<a refstr=CROSSFIELD_ET_AL_2025 href=https://ui.adsabs.harvard.edu/abs/2025AJ....169...89C/abstract target=ref>Crossfield et al. 2025</a>,2.933,0.376,-0.245,0.26166518,8.92,,,M-R relationship,<a refstr=CALCULATED_VALUE href=/docs/pscp_calc.html target=_blank>Calculated Value</a>,0.0281,1.94,,,,87.81,779.83,,5700.0,0.895,1.02,,0.12819638595294922
TOI-5076 b,TOI-5076,2,1,Transit,2024,23.443162,0.1481,89.84,6.2e-05,-6.3e-05,<a refstr=HEIDARI_ET_AL_2025 href=https://ui.adsabs.harvard.edu/abs/2025A&A...694A..36H/abstract target=ref>Heidari et al. 2025</a>,3.48935569,0.09975993,-0.09415544,0.3113,16.14568308,2.47906157,-2.47906157,Mass,<a refstr=HEIDARI_ET_AL_2025 href=https://ui.adsabs.harvard.edu/abs/2025A&A...694A..36H/abstract target=ref>Heidari et al. 2025</a>,0.0508,2.08,0.0,,,12.8373,550.0,K2 V,4780.0,0.844,0.789,0.082,0.028589785296436774
K2-77 b,K2-77,1,1,Transit,2016,8.2000844,0.0753,88.33,8.6e-06,-7.3e-06,<a refstr=THYGESEN_ET_AL__2023 href=https://ui.adsabs.harvard.edu/abs/2023AJ....165..155T/abstract target=ref>Thygesen et al. 2023</a>,2.4996027,0.16813471,-0.12329879,0.223,603.877,,,Mass,<a refstr=GAIDOS_ET_AL__2017 href=https://ui.adsabs.harvard.edu/abs/2017MNRAS.464..850G/abstract target=ref>Gaidos et al. 2017</a>,1.9,,0.29,0.37,-0.19,58.0,806.0,,5160.0,0.792,0.847,0.13,0.06726457368605018
K2-180 b,K2-180,1,1,Transit,2018,8.865663,0.0756,89.15,1.1e-05,-1e-05,<a refstr=THYGESEN_ET_AL__2023 href=https://ui.adsabs.harvard.edu/abs/2023AJ....165..155T/abstract target=ref>Thygesen et al. 2023</a>,2.46597575,0.10984801,-0.09639723,0.22,11.41003981,2.38371305,-2.16123317,Mass,<a refstr=THYGESEN_ET_AL__2023 href=https://ui.adsabs.harvard.edu/abs/2023AJ....165..155T/abstract target=ref>Thygesen et al. 2023</a>,0.0359,4.16,0.075,0.08,-0.051,48.3,797.5,K2 V,5365.0,0.719,0.735,-0.578,0.04454545426896432
K2-97 b,K2-97,1,1,Transit,2016,8.407115,0.0854,75.5,2.3e-05,-2.3e-05,<a refstr=THYGESEN_ET_AL__2023 href=https://ui.adsabs.harvard.edu/abs/2023AJ....165..155T/abstract target=ref>Thygesen et al. 2023</a>,13.45077684,1.23298788,-1.23298788,1.2,174.48779544,18.75187601,-14.62010672,Mass,<a refstr=THYGESEN_ET_AL__2023 href=https://ui.adsabs.harvard.edu/abs/2023AJ....165..155T/abstract target=ref>Thygesen et al. 2023</a>,0.549,0.392,0.207,0.039,-0.038,114.149,1566.0,,4673.0,4.14,1.17,0.328,0.09166666688970211
K2-182 b,K2-182,1,1,Transit,2018,4.7369696,0.05174,88.91,1.7e-06,-1.7e-06,<a refstr=THYGESEN_ET_AL__2023 href=https://ui.adsabs.harvard.edu/abs/2023AJ....165..155T/abstract target=ref>Thygesen et al. 2023</a>,2.71257333,0.11096891,-0.09079274,0.242,20.97667486,5.40308292,-5.08525451,Mass,<a refstr=THYGESEN_ET_AL__2023 href=https://ui.adsabs.harvard.edu/abs/2023AJ....165..155T/abstract target=ref>Thygesen et al. 2023</a>,0.066,5.7,0.071,0.11,-0.051,146.9,965.8,,5128.0,0.789,0.823,0.022,0.04090909129450152
K2-98 b,K2-98,1,1,Transit,2016,10.1367349,0.0986,88.39,9.4e-06,-9.2e-06,<a refstr=THYGESEN_ET_AL__2023 href=https://ui.adsabs.harvard.edu/abs/2023AJ....165..155T/abstract target=ref>Thygesen et al. 2023</a>,5.06645928,0.31385146,-0.28022452,0.452,34.00763955,13.98444991,-14.62010672,Mass,<a refstr=THYGESEN_ET_AL__2023 href=https://ui.adsabs.harvard.edu/abs/2023AJ....165..155T/abstract target=ref>Thygesen et al. 2023</a>,0.107,1.4,0.119,0.15,-0.083,339.0,1185.0,F8 V,6260.0,1.518,1.246,-0.044,0.06194690268980115
K2-114 b,K2-114,1,1,Transit,2017,11.390931,0.0944,89.16,3.1e-06,-3.2e-06,<a refstr=THYGESEN_ET_AL__2023 href=https://ui.adsabs.harvard.edu/abs/2023AJ....165..155T/abstract target=ref>Thygesen et al. 2023</a>,10.59248676,0.32506044,-0.31385146,0.945,638.83509807,38.13940884,-38.13940884,Mass,<a refstr=THYGESEN_ET_AL__2023 href=https://ui.adsabs.harvard.edu/abs/2023AJ....165..155T/abstract target=ref>Thygesen et al. 2023</a>,2.01,2.96,0.079,0.03,-0.03,40.0,701.4,,4899.0,0.832,0.863,0.42,0.030687830663854426
TOI-4994 b,TOI-4994,1,1,Transit,2024,21.491984,0.1515,89.56,2.3e-05,-2.3e-05,<a refstr=RODRIGUEZ_MARTINEZ_ET_AL_2025 href=https://ui.adsabs.harvard.edu/abs/2025AJ....169...72R/abstract target=ref>Rodr&iacute;guez Mart&iacute;nez et al. 2025</a>,8.54124329,0.33626942,-0.30264248,0.762,88.99195396,11.75965106,-10.80616584,Mass,<a refstr=RODRIGUEZ_MARTINEZ_ET_AL_2025 href=https://ui.adsabs.harvard.edu/abs/2025AJ....169...72R/abstract target=ref>Rodr&iacute;guez Mart&iacute;nez et al. 2025</a>,0.28,0.78,0.319,0.048,-0.047,40.0,717.6,,5640.0,1.055,1.005,0.165,0.03937007863875049
TOI-5110 b,TOI-5110,1,1,Transit,2024,30.158577,0.2157,85.2,9.2e-05,-9.5e-05,<a refstr=HEIDARI_ET_AL_2025 href=https://ui.adsabs.harvard.edu/abs/2025A&A...694A..36H/abstract target=ref>Heidari et al. 2025</a>,11.98240037,0.60528496,-0.582867,1.069,921.7023803,41.31769291,-41.31769291,Mass,<a refstr=HEIDARI_ET_AL_2025 href=https://ui.adsabs.harvard.edu/abs/2025A&A...694A..36H/abstract target=ref>Heidari et al. 2025</a>,2.9,2.95,0.745,0.03,-0.027,15.1027,976.0,,6160.0,2.333,1.469,0.065,0.050514499708709026
K2-115 b,K2-115,1,1,Transit,2017,20.2729914,0.1415,88.912,5e-06,-5e-06,<a refstr=THYGESEN_ET_AL__2023 href=https://ui.adsabs.harvard.edu/abs/2023AJ....165..155T/abstract target=ref>Thygesen et al. 2023</a>,11.80305668,0.33626942,-0.31385146,1.053,321.00669107,69.92224954,-73.10053361,Mass,<a refstr=THYGESEN_ET_AL__2023 href=https://ui.adsabs.harvard.edu/abs/2023AJ....165..155T/abstract target=ref>Thygesen et al. 2023</a>,1.01,1.07,0.063,0.061,-0.042,20.4393,696.0,G4,5870.0,0.855,0.918,-0.198,0.028490028398304702
K2-277 b,K2-277,1,1,Transit,2018,6.326768,0.0664,86.83,1.5e-05,-1.2e-05,<a refstr=THYGESEN_ET_AL__2023 href=https://ui.adsabs.harvard.edu/abs/2023AJ....165..155T/abstract target=ref>Thygesen et al. 2023</a>,2.18575124,0.20176165,-0.12329879,0.195,7.4,3.3,-3.3,Mass,<a refstr=HOWARD_ET_AL__2025 href=https://ui.adsabs.harvard.edu/abs/2025ApJS..278...52H/abstract target=ref>Howard et al. 2025</a>,0.023283,4.0,0.52,0.24,-0.26,195.0,1049.0,,5680.0,0.973,0.974,0.078,0.09230769097035946
TOI-5005 b,TOI-5005,1,1,Transit,2024,6.3085044,0.06614,89.53,9.2e-06,-8.8e-06,<a refstr=CASTRO_GONZALEZ_ET_AL_2024 href=https://ui.adsabs.harvard.edu/abs/2024A&A...691A.233C/abstract target=ref>Castro-Gonz&aacute;lez et al. 2024</a>,6.25,0.24,-0.24,0.558,32.7,5.9,-5.9,Mass,<a refstr=CASTRO_GONZALEZ_ET_AL_2024 href=https://ui.adsabs.harvard.edu/abs/2024A&A...691A.233C/abstract target=ref>Castro-Gonz&aacute;lez et al. 2024</a>,0.103,0.74,,,,226.0,1040.0,G2 V,5749.0,0.93,0.97,0.15,0.0384
TOI-5688 A b,TOI-5688 A,2,1,Transit,2024,2.94815527,0.03379,87.05,4.52e-06,-4.48e-06,<a refstr=REJI_ET_AL_2025 href=https://ui.adsabs.harvard.edu/abs/2025AJ....169..187R/abstract target=ref>Reji et al. 2025</a>,10.3,0.6,-0.7,0.92,124.0,23.4,-24.4,Mass,<a refstr=REJI_ET_AL_2025 href=https://ui.adsabs.harvard.edu/abs/2025AJ....169..187R/abstract target=ref>Reji et al. 2025</a>,0.39,0.61,0.128,0.078,-0.077,50.3,742.0,,3713.0,0.57,0.6,0.47,0.06796116504854369
HD 21520 b,HD 21520,1,1,Transit,2024,25.1292,0.1726,89.23,8.9e-05,-7.3e-05,<a refstr=NIES_ET_AL_2024 href=https://ui.adsabs.harvard.edu/abs/2024MNRAS.534.3744N/abstract target=ref>Nies et al. 2024</a>,2.697,0.09,-0.09,0.24061064,17.7,,,Mass,<a refstr=NIES_ET_AL_2024 href=https://ui.adsabs.harvard.edu/abs/2024MNRAS.534.3744N/abstract target=ref>Nies et al. 2024</a>,0.05569043,1.35,0.0,,,25.7431,637.0,,5871.0,1.044,1.09,0.049,0.03337041156840934
TOI-2768 b,TOI-2768,1,1,Transit,2024,1.50801,0.027,87.78,6e-06,-6e-06,<a refstr=PEL_AMP_AACUTE_EZ_TORRES_ET_AL__2024 href=https://ui.adsabs.harvard.edu/abs/2024A&A...690A..62P/abstract target=ref>Pel&aacute;ez-Torres et al. 2024</a>,2.63,0.45,-0.44,0.23463329,7.41,,,M-R relationship,<a refstr=CALCULATED_VALUE href=/docs/pscp_calc.html target=_blank>Calculated Value</a>,0.0233,2.24,,,,89.0458,855.0,M,4008.0,0.657,0.63,,0.1711026615969582
TOI-1174 b,TOI-1174,1,1,Transit,2024,8.953487683,0.07994,,9.039e-06,-1.0314e-05,<a refstr=CROSSFIELD_ET_AL_2025 href=https://ui.adsabs.harvard.edu/abs/2025AJ....169...89C/abstract target=ref>Crossfield et al. 2025</a>,2.562,0.252,-0.2,0.22856672,32.0,,,Mass,<a refstr=POLANSKI_ET_AL__2024 href=https://ui.adsabs.harvard.edu/abs/2024ApJS..272...32P/abstract target=ref>Polanski et al. 2024</a>,0.10068326,11.0,0.0,,,52.02,713.83,,5030.0,0.76,0.85,-0.002,0.09836065573770493
TOI-2981 b,TOI-2981,1,1,Transit,2024,3.601501,0.048,87.98,2e-06,-2e-06,<a refstr=MANTOVAN_ET_AL_2024 href=https://ui.adsabs.harvard.edu/abs/2024A&A...691A..67M/abstract target=ref>Mantovan et al. 2024</a>,13.4,0.42,-0.42,1.19546999,638.0,33.0,-33.0,Mass,<a refstr=MANTOVAN_ET_AL_2024 href=https://ui.adsabs.harvard.edu/abs/2024A&A...691A..67M/abstract target=ref>Mantovan et al. 2024</a>,2.00737249,1.46,0.035,,,556.616,1358.0,,5940.0,1.08,1.03,-0.11,0.03134328358208955
TOI-1180 b,TOI-1180,1,1,Transit,2024,9.686760378,0.080799,89.20777,6.441e-06,-6.706e-06,<a refstr=CROSSFIELD_ET_AL_2025 href=https://ui.adsabs.harvard.edu/abs/2025AJ....169...89C/abstract target=ref>Crossfield et al. 2025</a>,3.072,0.27,-0.243,0.27406595,10.0,5.3,-5.4,Mass,<a refstr=POLANSKI_ET_AL__2024 href=https://ui.adsabs.harvard.edu/abs/2024ApJS..272...32P/abstract target=ref>Polanski et al. 2024</a>,0.03146352,1.93,0.0,,,36.97,638.18,,4738.0,0.73,0.75,0.067,0.087890625
TOI-5713 b,TOI-5713,1,1,Transit,2024,10.441989,0.06008,89.37,1.5e-05,-1.4e-05,<a refstr=GHACHOUI_ET_AL__2024 href=https://ui.adsabs.harvard.edu/abs/2024A&A...690A.263G/abstract target=ref>Ghachoui et al. 2024</a>,1.77,0.17,-0.14,0.1579091,3.78,,,M-R relationship,<a refstr=CALCULATED_VALUE href=/docs/pscp_calc.html target=_blank>Calculated Value</a>,0.0119,3.75,0.24,0.4,-0.17,2.2554,347.2,M3.5+/-0.5,3225.0,0.2992,0.2653,-0.03,0.096045197740113
TOI-6002 b,TOI-6002,1,1,Transit,2024,10.904821,0.05722,89.68,2.1e-05,-1.8e-05,<a refstr=GHACHOUI_ET_AL__2024 href=https://ui.adsabs.harvard.edu/abs/2024A&A...690A.263G/abstract target=ref>Ghachoui et al. 2024</a>,1.65,0.22,-0.19,0.14720339,3.36,,,M-R relationship,<a refstr=CALCULATED_VALUE href=/docs/pscp_calc.html target=_blank>Calculated Value</a>,0.0106,4.11,0.15,0.42,-0.11,1.6823,321.4,M3.5+/-0.5,3229.0,0.2432,0.2101,-0.18,0.13333333333333333
HD 135694 b,HD 135694,1,1,Transit,2023,15.923475568,0.124695,,1.9743e-05,-2.0416e-05,<a refstr=CROSSFIELD_ET_AL_2025 href=https://ui.adsabs.harvard.edu/abs/2025AJ....169...89C/abstract target=ref>Crossfield et al. 2025</a>,2.857,0.227,-0.206,0.25488491,6.1,1.8,-1.8,Mass,<a refstr=POLANSKI_ET_AL__2024 href=https://ui.adsabs.harvard.edu/abs/2024ApJS..272...32P/abstract target=ref>Polanski et al. 2024</a>,0.01919275,2.05,0.0,,,71.8,750.83,,5712.0,1.08,1.02,-0.121,0.07945397269863493
TOI-1295 b,TOI-1295,1,1,Transit,2024,3.1968838,0.047,,5e-07,-5e-07,<a refstr=EHRHARDT_ET_AL__2024 href=https://ui.adsabs.harvard.edu/abs/2024A&A...692A.220E/abstract target=ref>Ehrhardt et al. 2024</a>,15.69257298,0.89671846,-0.89671846,1.4,451.31633794,25.42627256,-25.42627256,Mass,<a refstr=EHRHARDT_ET_AL__2024 href=https://ui.adsabs.harvard.edu/abs/2024A&A...692A.220E/abstract target=ref>Ehrhardt et al. 2024</a>,1.42,0.65,0.024,0.02,-0.02,1800.0,2360.0,F,6280.0,1.7,1.38,0.26,0.05714285739775479
TOI-6130 b,TOI-6130,1,1,Transit,2024,2.392679,0.036,,2e-06,-2e-06,<a refstr=EHRHARDT_ET_AL__2024 href=https://ui.adsabs.harvard.edu/abs/2024A&A...692A.220E/abstract target=ref>Ehrhardt et al. 2024</a>,14.3474953,0.33626942,-0.33626942,1.28,333.71982735,19.06970442,-19.06970442,Mass,<a refstr=EHRHARDT_ET_AL__2024 href=https://ui.adsabs.harvard.edu/abs/2024A&A...692A.220E/abstract target=ref>Ehrhardt et al. 2024</a>,1.05,0.64,0.036,0.018,-0.018,1150.0,1750.0,F,6110.0,1.51,1.31,0.28,0.02343749992376718
TOI-1437 b,TOI-1437,1,1,Transit,2024,18.840942,0.14,89.53,6e-05,-6.8e-05,<a refstr=PIDHORODETSKA_ET_AL_2024 href=https://ui.adsabs.harvard.edu/abs/2024AJ....168..135P/abstract target=ref>Pidhorodetska et al. 2024</a>,2.24,0.23,-0.22,0.19983976,9.6,3.9,-3.3,Mass,<a refstr=PIDHORODETSKA_ET_AL_2024 href=https://ui.adsabs.harvard.edu/abs/2024AJ....168..135P/abstract target=ref>Pidhorodetska et al. 2024</a>,0.03020498,3.91,0.17,0.11,-0.09,82.0,794.23,,6008.0,1.17,1.1,-0.4924,0.10267857142857142
HD 183579 b,HD 183579,1,1,Transit,2021,17.471291,0.1322,89.11,2.7e-05,-2.8e-05,<a refstr=BONFANTI_ET_AL__2023 href=https://ui.adsabs.harvard.edu/abs/2023A&A...671L...8B/abstract target=ref>Bonfanti et al. 2023</a>,3.49,0.07,-0.064,0.31135748,20.4,2.6,-2.5,Mass,<a refstr=BONFANTI_ET_AL__2023 href=https://ui.adsabs.harvard.edu/abs/2023A&A...671L...8B/abstract target=ref>Bonfanti et al. 2023</a>,0.06418558,2.65,0.061,0.061,-0.042,58.1,752.0,G2 V,5784.0,0.96,0.996,-0.038,0.02005730659025788
K2-203 b,K2-203,1,1,Transit,2018,9.6952,0.0824,89.12,0.0014,-0.0014,<a refstr=THYGESEN_ET_AL__2023 href=https://ui.adsabs.harvard.edu/abs/2023AJ....165..155T/abstract target=ref>Thygesen et al. 2023</a>,1.26549392,0.10200172,-0.07958376,0.1129,2.14,,,M-R relationship,<a refstr=CALCULATED_VALUE href=/docs/pscp_calc.html target=_blank>Calculated Value</a>,0.00674,5.8,0.23,0.42,-0.18,49.6336,738.4,,5026.0,0.765,0.793,-0.021,0.08060229953534664
TOI-6651 b,TOI-6651,1,1,Transit,2024,5.056973,0.0633,84.93,1.6e-05,-1.8e-05,<a refstr=BALIWAL_ET_AL__2024 href=https://ui.adsabs.harvard.edu/abs/2024A&A...691A..12B/abstract target=ref>Baliwal et al. 2024</a>,5.09,0.27,-0.26,0.45410017,61.0,7.6,-7.9,Mass,<a refstr=BALIWAL_ET_AL__2024 href=https://ui.adsabs.harvard.edu/abs/2024A&A...691A..12B/abstract target=ref>Baliwal et al. 2024</a>,0.19192746,2.52,0.091,0.096,-0.062,817.0,1493.0,,5940.0,1.721,1.323,0.225,0.05304518664047152
TOI-1630.01,TOI-1630,1,1,Transit,2024,12.055734733,0.101151,,1.4683e-05,-1.4884e-05,<a refstr=CROSSFIELD_ET_AL_2025 href=https://ui.adsabs.harvard.edu/abs/2025AJ....169...89C/abstract target=ref>Crossfield et al. 2025</a>,2.417,0.228,-0.162,0.21563067,6.42,,,M-R relationship,<a refstr=CALCULATED_VALUE href=/docs/pscp_calc.html target=_blank>Calculated Value</a>,0.0202,2.5,,,,55.58,584.0,,5504.0,0.83,0.95,,0.09433181630119984
TOI-1467 b,TOI-1467,1,1,Transit,2024,5.97114713,0.050748,88.98,8.746e-06,-8.47e-06,<a refstr=CROSSFIELD_ET_AL_2025 href=https://ui.adsabs.harvard.edu/abs/2025AJ....169...89C/abstract target=ref>Crossfield et al. 2025</a>,1.92,0.171,-0.113,0.17129122,9.0,,,Mass,<a refstr=POLANSKI_ET_AL__2024 href=https://ui.adsabs.harvard.edu/abs/2024ApJS..272...32P/abstract target=ref>Polanski et al. 2024</a>,0.02831717,11.0,0.0,,,18.13,506.07,,3834.0,0.491,0.489,-0.062,0.08906250000000002
TOI-1659.01,TOI-1659,1,1,Transit,2024,5.877556328,0.065757,,1.4732e-05,-1.8139e-05,<a refstr=CROSSFIELD_ET_AL_2025 href=https://ui.adsabs.harvard.edu/abs/2025AJ....169...89C/abstract target=ref>Crossfield et al. 2025</a>,2.255,0.254,-0.157,0.20117797,5.71,,,M-R relationship,<a refstr=CALCULATED_VALUE href=/docs/pscp_calc.html target=_blank>Calculated Value</a>,0.018,2.74,,,,268.44,1031.14,,5977.0,1.006,1.1,,0.11263858093126386
K2-208 b,K2-208,1,1,Transit,2018,4.19097,0.04878,86.94,0.00023,-0.00023,<a refstr=THYGESEN_ET_AL__2023 href=https://ui.adsabs.harvard.edu/abs/2023AJ....165..155T/abstract target=ref>Thygesen et al. 2023</a>,1.67462172,0.12329879,-0.09191364,0.1494,3.45,,,M-R relationship,<a refstr=CALCULATED_VALUE href=/docs/pscp_calc.html target=_blank>Calculated Value</a>,0.0108,4.04,0.37,0.31,-0.21,264.3425,1122.0,,5500.0,0.872,0.881,-0.064,0.07362784593525994
TOI-1716.01,TOI-1716,1,1,Transit,2024,8.082376554,0.080496,,2.7701e-05,-2.704e-05,<a refstr=CROSSFIELD_ET_AL_2025 href=https://ui.adsabs.harvard.edu/abs/2025AJ....169...89C/abstract target=ref>Crossfield et al. 2025</a>,3.143,0.409,-0.298,0.28040016,10.0,,,M-R relationship,<a refstr=CALCULATED_VALUE href=/docs/pscp_calc.html target=_blank>Calculated Value</a>,0.0316,1.77,,,,254.83,959.0,,5879.0,1.24,1.07,0.096,0.130130448615972
TOI-6038 A b,TOI-6038 A,2,1,Transit,2025,5.8267311,0.069,88.96,7.4e-06,-6.8e-06,<a refstr=BALIWAL_ET_AL_2025 href=https://ui.adsabs.harvard.edu/abs/2025AJ....169..147B/abstract target=ref>Baliwal et al. 2025</a>,6.41,0.2,-0.16,0.57186288,78.5,9.5,-9.9,Mass,<a refstr=BALIWAL_ET_AL_2025 href=https://ui.adsabs.harvard.edu/abs/2025AJ....169..147B/abstract target=ref>Baliwal et al. 2025</a>,0.24698862,1.62,,,,716.0,1439.0,,6110.0,1.648,1.291,0.124,0.031201248049921998
HIP 116454 b,HIP 116454,2,1,Transit,2014,9.1004157,0.0792,88.91,4.1e-06,-4.5e-06,<a refstr=THYGESEN_ET_AL__2024 href=https://ui.adsabs.harvard.edu/abs/2024AJ....168..161T/abstract target=ref>Thygesen et al. 2024</a>,2.469,0.1,-0.091,0.22026981,9.7,1.2,-1.2,Mass,<a refstr=THYGESEN_ET_AL__2024 href=https://ui.adsabs.harvard.edu/abs/2024AJ....168..161T/abstract target=ref>Thygesen et al. 2024</a>,0.03051961,3.53,0.215,0.056,-0.094,51.2858,753.2,K1,5048.0,0.758,0.8,0.0,0.040502227622519246
TOI-2420 b,TOI-2420,1,1,Transit,2024,5.842641,0.0684,82.07,1.5e-05,-1.3e-05,<a refstr=CARLEO_ET_AL__2024 href=https://ui.adsabs.harvard.edu/abs/2024A&A...690A..18C/abstract target=ref>Carleo et al. 2024</a>,15.02003414,0.82946457,-0.80704661,1.34,294.62693329,27.01541459,-25.10844415,Mass,<a refstr=CARLEO_ET_AL__2024 href=https://ui.adsabs.harvard.edu/abs/2024A&A...690A..18C/abstract target=ref>Carleo et al. 2024</a>,0.927,0.477,0.055,0.036,-0.031,1017.0,1571.6,,5707.0,2.369,1.158,,0.05522388046982162
K2-225 b,K2-225,1,1,Transit,2018,15.8723,0.1409,88.64,0.0021,-0.0019,<a refstr=THYGESEN_ET_AL__2023 href=https://ui.adsabs.harvard.edu/abs/2023AJ....165..155T/abstract target=ref>Thygesen et al. 2023</a>,3.60929179,0.28022452,-0.22417961,0.322,12.7,,,M-R relationship,<a refstr=CALCULATED_VALUE href=/docs/pscp_calc.html target=_blank>Calculated Value</a>,0.0399,1.48,0.23,0.39,-0.16,121.3934,923.0,,5520.0,1.7,1.482,0.486,0.07763975214650073
TOI-1739 b,TOI-1739,1,1,Transit,2024,8.303341406,0.073872,89.27,9.161e-06,-1.0106e-05,<a refstr=CROSSFIELD_ET_AL_2025 href=https://ui.adsabs.harvard.edu/abs/2025AJ....169...89C/abstract target=ref>Crossfield et al. 2025</a>,1.946,0.226,-0.169,0.17361079,4.45,,,M-R relationship,<a refstr=CALCULATED_VALUE href=/docs/pscp_calc.html target=_blank>Calculated Value</a>,0.014,3.32,,,,53.91,755.55,,4814.0,0.781,0.78,0.07,0.11613566289825283
TOI-2485 b,TOI-2485,1,1,Transit,2024,11.23479,0.1093,89.49,5.4e-05,-5.2e-05,<a refstr=CARLEO_ET_AL__2024 href=https://ui.adsabs.harvard.edu/abs/2024A&A...690A..18C/abstract target=ref>Carleo et al. 2024</a>,12.1393261,0.50440413,-0.50440413,1.083,766.60211768,27.96889982,-27.65107141,Mass,<a refstr=CARLEO_ET_AL__2024 href=https://ui.adsabs.harvard.edu/abs/2024A&A...690A..18C/abstract target=ref>Carleo et al. 2024</a>,2.412,2.36,0.0341,0.0109,-0.0087,275.6,1134.0,,6016.4,1.72,1.163,0.097,0.04155124640732734
K2-7 b,K2-7,1,1,Transit,2015,28.6781,0.1867,89.08,0.0046,-0.0051,<a refstr=THYGESEN_ET_AL__2023 href=https://ui.adsabs.harvard.edu/abs/2023AJ....165..155T/abstract target=ref>Thygesen et al. 2023</a>,4.03523305,0.30264248,-0.25780656,0.36,15.3,,,M-R relationship,<a refstr=CALCULATED_VALUE href=/docs/pscp_calc.html target=_blank>Calculated Value</a>,0.0482,1.28,0.24,0.4,-0.17,125.0,786.0,,5700.0,1.533,1.056,0.049,0.07500000030977144
TOI-4734 b,TOI-4734,1,1,Transit,2025,6.235633,0.074,89.2,1e-05,-1.1e-05,<a refstr=YEE_ET_AL_2025 href=https://ui.adsabs.harvard.edu/abs/2025ApJS..280...30Y/abstract target=ref>Yee et al. 2025</a>,10.9175472,0.28022452,-0.25780656,0.974,61.65871096,10.48833743,-10.17050902,Mass,<a refstr=YEE_ET_AL_2025 href=https://ui.adsabs.harvard.edu/abs/2025ApJS..280...30Y/abstract target=ref>Yee et al. 2025</a>,0.194,0.26,0.12,,,775.0,1468.0,,6070.0,1.857,1.391,0.288,0.025667351362584443
TOI-3493 b,TOI-3493,1,1,Transit,2025,8.1594667,,89.25,1.6e-06,-1.7e-06,<a refstr=CHATURVEDI_ET_AL_2025 href=https://ui.adsabs.harvard.edu/abs/2025A&A...697A.169C/abstract target=ref>Chaturvedi et al. 2025</a>,3.22,0.08,-0.08,0.28726965,8.97,1.17,-1.2,Mass,<a refstr=CHATURVEDI_ET_AL_2025 href=https://ui.adsabs.harvard.edu/abs/2025A&A...697A.169C/abstract target=ref>Chaturvedi et al. 2025</a>,0.02822278,1.47,,,,245.0,1102.0,G1/2 V,5844.0,1.228,1.023,0.03,0.024844720496894408
TOI-2969 b,TOI-2969,1,1,Transit,2025,1.8237146,0.0261,84.9,2e-07,-2e-07,<a refstr=FRENSCH_ET_AL_2025 href=https://ui.adsabs.harvard.edu/abs/2025A&A...700A.118F/abstract target=ref>Frensch et al. 2025</a>,12.32987877,0.89671846,-0.89671846,1.1,368.68095212,12.71313628,-12.71313628,Mass,<a refstr=FRENSCH_ET_AL_2025 href=https://ui.adsabs.harvard.edu/abs/2025A&A...700A.118F/abstract target=ref>Frensch et al. 2025</a>,1.16,1.1,0.0,,,382.0,1186.0,K3 V,4738.0,0.7,0.71,0.08,0.07272727305168791
TOI-5300 b,TOI-5300,1,1,Transit,2025,2.262196,0.0295,89.2,3e-06,-3e-06,<a refstr=FRENSCH_ET_AL_2025 href=https://ui.adsabs.harvard.edu/abs/2025A&A...700A.118F/abstract target=ref>Frensch et al. 2025</a>,9.86390302,0.89671846,-0.89671846,0.88,190.6970442,31.7828407,-31.7828407,Mass,<a refstr=FRENSCH_ET_AL_2025 href=https://ui.adsabs.harvard.edu/abs/2025A&A...700A.118F/abstract target=ref>Frensch et al. 2025</a>,0.6,1.1,0.0,,,198.0,1043.0,K4 V,4610.0,0.65,0.67,-0.17,0.09090909127774453
TOI-4794 b,TOI-4794,1,1,Transit,2025,3.5658116,0.0492,88.6,6.3e-06,-6.3e-06,<a refstr=YEE_ET_AL_2025 href=https://ui.adsabs.harvard.edu/abs/2025ApJS..280...30Y/abstract target=ref>Yee et al. 2025</a>,14.35870428,0.49319515,-0.43715025,1.281,308.29355479,76.27881768,-73.10053361,Mass,<a refstr=YEE_ET_AL_2025 href=https://ui.adsabs.harvard.edu/abs/2025ApJS..280...30Y/abstract target=ref>Yee et al. 2025</a>,0.97,0.57,0.1,,,1310.0,1673.0,,6390.0,1.451,1.25,-0.102,0.03434816543209705
TOI-2443 b,TOI-2443,1,1,Transit,2023,15.66858,0.105,89.72,0.0001,-0.0001,<a refstr=NAPONIELLO_ET_AL__2025 href=https://ui.adsabs.harvard.edu/abs/2025A&A...693A...7N/abstract target=ref>Naponiello et al. 2025</a>,2.363,0.066,-0.066,0.2108131,4.8,1.1,-1.1,Mass,<a refstr=NAPONIELLO_ET_AL__2025 href=https://ui.adsabs.harvard.edu/abs/2025A&A...693A...7N/abstract target=ref>Naponiello et al. 2025</a>,0.01510249,2.0,0.301,0.046,-0.034,13.2931,519.0,K5 V,4375.0,0.631,0.642,-0.29,0.027930596699111302
TOI-5340 b,TOI-5340,1,1,Transit,2025,4.9394392,0.0628,86.17,7.1e-06,-7.2e-06,<a refstr=YEE_ET_AL_2025 href=https://ui.adsabs.harvard.edu/abs/2025ApJS..280...30Y/abstract target=ref>Yee et al. 2025</a>,15.07607904,0.57165802,-0.54924005,1.345,270.15414595,79.45710175,-79.45710175,Mass,<a refstr=YEE_ET_AL_2025 href=https://ui.adsabs.harvard.edu/abs/2025ApJS..280...30Y/abstract target=ref>Yee et al. 2025</a>,0.85,0.43,0.13,,,1004.0,1566.0,,5990.0,1.842,1.35,0.208,0.03791821590237564
TOI-2407 b,TOI-2407,1,1,Transit,2025,2.702969,0.033,88.83,1e-06,-1e-06,<a refstr=JANO_MUNOZ_ET_AL_2025 href=https://ui.adsabs.harvard.edu/abs/2025MNRAS.541..630J/abstract target=ref>Jan&oacute; Mu&ntilde;oz et al. 2025</a>,4.26,0.26,-0.26,0.3800524,16.8,,,M-R relationship,<a refstr=CALCULATED_VALUE href=/docs/pscp_calc.html target=_blank>Calculated Value</a>,0.0529,1.19,0.08,0.07,-0.04,41.0,705.0,,3530.0,0.567,0.548,0.21,0.061032863849765265
TOI-5386 A b,TOI-5386 A,2,1,Transit,2025,3.62156552,0.04856,83.951,8.3e-07,-8.3e-07,<a refstr=YEE_ET_AL_2025 href=https://ui.adsabs.harvard.edu/abs/2025ApJS..280...30Y/abstract target=ref>Yee et al. 2025</a>,14.70618268,0.32506044,-0.31385146,1.312,155.10026262,15.25576354,-14.62010672,Mass,<a refstr=YEE_ET_AL_2025 href=https://ui.adsabs.harvard.edu/abs/2025ApJS..280...30Y/abstract target=ref>Yee et al. 2025</a>,0.488,0.268,0.072,,,817.0,1488.0,,6094.0,1.245,1.165,0.182,0.022103658513780954
TOI-640 b,TOI-640,1,1,Transit,2021,5.003777,0.06608,81.79,2e-06,-3e-06,<a refstr=KNUDSTRUP_ET_AL__2023 href=https://ui.adsabs.harvard.edu/abs/2023A&A...671A.164K/abstract target=ref>Knudstrup et al. 2023</a>,19.2794468,0.56044903,-0.56044903,1.72,181.16219199,6.35656814,-6.35656814,Mass,<a refstr=KNUDSTRUP_ET_AL__2023 href=https://ui.adsabs.harvard.edu/abs/2023A&A...671A.164K/abstract target=ref>Knudstrup et al. 2023</a>,0.57,0.138,0.013,,,1150.12,1816.0,,6460.0,2.082,1.536,0.072,0.029069767188548173
TIC 88785435 b,TIC 88785435,1,1,Transit,2025,10.508843,0.08432,88.97,3.7e-05,-3.4e-05,<a refstr=VACH_ET_AL_2025 href=https://ui.adsabs.harvard.edu/abs/2025AJ....170..131V/abstract target=ref>Vach et al. 2025</a>,5.03,0.21,-0.2,0.44874732,22.3,,,M-R relationship,<a refstr=CALCULATED_VALUE href=/docs/pscp_calc.html target=_blank>Calculated Value</a>,0.0701,0.963,0.131,0.06,-0.064,28.3253,635.0,K7 V,3998.0,0.911,0.724,-0.08,0.041749502982107355
TOI-5143 c,TOI-5143,1,1,Transit,2025,5.2097118,0.05602,86.02,3.2e-06,-3.9e-06,<a refstr=RADZOM_ET_AL__2025 href=https://ui.adsabs.harvard.edu/abs/2025AJ....169..189R/abstract target=ref>Radzom et al. 2025</a>,16.25302201,2.01761653,-1.34507768,1.45,,,,Msini,<a refstr=RADZOM_ET_AL__2025 href=https://ui.adsabs.harvard.edu/abs/2025AJ....169..189R/abstract target=ref>Radzom et al. 2025</a>,,,,,,158.1646,904.48,K V,5183.0,0.852,0.864,0.107,0.12413793131878004
TOI-5882 b,TOI-5882,1,1,Transit,2025,7.148972,0.0804,88.56,1.4e-05,-1.4e-05,<a refstr=VOWELL_ET_AL_2025 href=https://ui.adsabs.harvard.edu/abs/2025AJ....170...68V/abstract target=ref>Vowell et al. 2025</a>,11.46678726,0.50440413,-0.42594127,1.023,6995.40323807,193.87532827,-228.83645304,Mass,<a refstr=VOWELL_ET_AL_2025 href=https://ui.adsabs.harvard.edu/abs/2025AJ....170...68V/abstract target=ref>Vowell et al. 2025</a>,22.01,25.4,0.0339,0.0041,-0.0041,4792.5,1515.0,,5920.0,2.26,1.334,0.18,0.04398826964894786
TOI-4465 b,TOI-4465,1,1,Transit,2025,101.94054,0.416,89.95,0.0004,-0.00036,<a refstr=ESSACK_ET_AL__2025 href=https://ui.adsabs.harvard.edu/abs/2025AJ....170...41E/abstract target=ref>Essack et al. 2025</a>,14.01122587,0.89671846,-0.78462865,1.25,1872.00931723,82.63538582,-82.63538582,Mass,<a refstr=ESSACK_ET_AL__2025 href=https://ui.adsabs.harvard.edu/abs/2025AJ....170...41E/abstract target=ref>Essack et al. 2025</a>,5.89,3.73,0.24,0.01,-0.01,130.528,427.0,G V,5545.0,1.014,0.93,-0.06,0.0640000003083242
TOI-1478 b,TOI-1478,1,1,Transit,2021,10.1802117,0.0818,87.63,7.1e-06,-7.1e-06,<a refstr=RICE_ET_AL__2022 href=https://ui.adsabs.harvard.edu/abs/2022AJ....164..104R/abstract target=ref>Rice et al. 2022</a>,11.99360935,1.79343691,-1.12089807,1.07,279.68899816,34.96112477,-38.13940884,Mass,<a refstr=RICE_ET_AL__2022 href=https://ui.adsabs.harvard.edu/abs/2022AJ....164..104R/abstract target=ref>Rice et al. 2022</a>,0.88,0.88,0.055,0.032,-0.032,261.013,918.0,,5597.0,1.048,0.947,0.078,0.14953271010115066
TOI-2346 b,TOI-2346,1,1,Transit,2025,3.3312029,0.0473,89.01,2.4e-06,-2.4e-06,<a refstr=YEE_ET_AL_2025 href=https://ui.adsabs.harvard.edu/abs/2025ApJS..280...30Y/abstract target=ref>Yee et al. 2025</a>,16.11851425,0.48198617,-0.45956821,1.438,394.10722468,69.92224954,-69.92224954,Mass,<a refstr=YEE_ET_AL_2025 href=https://ui.adsabs.harvard.edu/abs/2025ApJS..280...30Y/abstract target=ref>Yee et al. 2025</a>,1.24,0.52,0.086,,,1360.0,1689.0,,6480.0,1.38,1.271,-0.03,0.02990264254659824
TOI-2886 b,TOI-2886,1,1,Transit,2025,1.60200105,0.02871,87.8,4.4e-07,-4.3e-07,<a refstr=YEE_ET_AL_2025 href=https://ui.adsabs.harvard.edu/abs/2025ApJS..280...30Y/abstract target=ref>Yee et al. 2025</a>,18.6405349,0.45956821,-0.39231432,1.663,444.9597698,73.10053361,-73.10053361,Mass,<a refstr=YEE_ET_AL_2025 href=https://ui.adsabs.harvard.edu/abs/2025ApJS..280...30Y/abstract target=ref>Yee et al. 2025</a>,1.4,0.377,0.11,,,2560.0,1978.0,,6240.0,1.241,1.229,0.284,0.024654239401681547
TOI-2876 b,TOI-2876,1,1,Transit,2025,6.2996431,0.0654,87.13,7e-06,-7e-06,<a refstr=YEE_ET_AL_2025 href=https://ui.adsabs.harvard.edu/abs/2025ApJS..280...30Y/abstract target=ref>Yee et al. 2025</a>,9.6397234,0.33626942,-0.31385146,0.86,54.03082919,16.52707716,-16.52707716,Mass,<a refstr=YEE_ET_AL_2025 href=https://ui.adsabs.harvard.edu/abs/2025ApJS..280...30Y/abstract target=ref>Yee et al. 2025</a>,0.17,0.33,0.13,,,124.2,929.0,,5271.0,0.873,0.939,0.353,0.03488372083373264
TOI-2986 b,TOI-2986,1,1,Transit,2025,3.2783662,0.04489,88.8,4.4e-06,-4.3e-06,<a refstr=YEE_ET_AL_2025 href=https://ui.adsabs.harvard.edu/abs/2025ApJS..280...30Y/abstract target=ref>Yee et al. 2025</a>,9.292245,0.25780656,-0.23538859,0.829,96.61983573,21.29450327,-27.333243,Mass,<a refstr=YEE_ET_AL_2025 href=https://ui.adsabs.harvard.edu/abs/2025ApJS..280...30Y/abstract target=ref>Yee et al. 2025</a>,0.304,0.66,0.14,,,1156.0,1622.0,,5906.0,1.458,1.122,0.095,0.02774427062566689
WASP-116 b,WASP-116,1,1,Transit,2025,6.6132,0.065,89.57,2e-06,-2e-06,<a refstr=SCHANCHE_ET_AL_2025 href=https://ui.adsabs.harvard.edu/abs/2025AJ....169..334S/abstract target=ref>Schanche et al. 2025</a>,13.67495645,0.67253884,-0.67253884,1.22,203.41018048,44.49597698,-44.49597698,Mass,<a refstr=SCHANCHE_ET_AL_2025 href=https://ui.adsabs.harvard.edu/abs/2025AJ....169..334S/abstract target=ref>Schanche et al. 2025</a>,0.64,0.43,0.0,,,663.0,1414.0,,6250.0,1.426,1.25,0.0,0.049180327736985226
TOI-3135 b,TOI-3135,1,1,Transit,2025,3.7065585,0.04756,85.69,1.3e-06,-1.3e-06,<a refstr=YEE_ET_AL_2025 href=https://ui.adsabs.harvard.edu/abs/2025ApJS..280...30Y/abstract target=ref>Yee et al. 2025</a>,13.65253849,0.33626942,-0.33626942,1.218,327.36325921,95.3485221,-85.81366989,Mass,<a refstr=YEE_ET_AL_2025 href=https://ui.adsabs.harvard.edu/abs/2025ApJS..280...30Y/abstract target=ref>Yee et al. 2025</a>,1.03,0.7,0.24,,,464.0,1292.0,,5890.0,0.985,1.044,0.071,0.02463054180336539
WASP-188 b,WASP-188,1,1,Transit,2025,5.748916,0.072,85.88,3e-06,-3e-06,<a refstr=SCHANCHE_ET_AL_2025 href=https://ui.adsabs.harvard.edu/abs/2025AJ....169..334S/abstract target=ref>Schanche et al. 2025</a>,14.81827249,0.57165802,-0.57165802,1.322,458.6263913,94.07720847,-94.71286529,Mass,<a refstr=SCHANCHE_ET_AL_2025 href=https://ui.adsabs.harvard.edu/abs/2025AJ....169..334S/abstract target=ref>Schanche et al. 2025</a>,1.443,0.78,0.0,,,1278.0,1666.0,,6850.0,1.83,1.5,0.0,0.03857791253236699
WASP-154 b,WASP-154,1,1,Transit,2025,3.811678,0.044,88.46,1e-06,-1e-06,<a refstr=SCHANCHE_ET_AL_2025 href=https://ui.adsabs.harvard.edu/abs/2025AJ....169..334S/abstract target=ref>Schanche et al. 2025</a>,10.76062147,0.67253884,-0.67253884,0.96,198.96058278,40.9998645,-40.9998645,Mass,<a refstr=SCHANCHE_ET_AL_2025 href=https://ui.adsabs.harvard.edu/abs/2025AJ....169..334S/abstract target=ref>Schanche et al. 2025</a>,0.626,0.88,0.0,,,162.0,994.0,,4774.0,0.823,0.8,0.2,0.062499999825753556
TOI-3464 b,TOI-3464,1,1,Transit,2025,3.6515568,0.0515,82.89,6e-06,-6.1e-06,<a refstr=YEE_ET_AL_2025 href=https://ui.adsabs.harvard.edu/abs/2025ApJS..280...30Y/abstract target=ref>Yee et al. 2025</a>,13.7646283,0.6389119,-0.59407598,1.228,397.28550875,85.81366989,-82.63538582,Mass,<a refstr=YEE_ET_AL_2025 href=https://ui.adsabs.harvard.edu/abs/2025ApJS..280...30Y/abstract target=ref>Yee et al. 2025</a>,1.25,0.83,0.25,,,1370.0,1693.0,,6370.0,1.56,1.363,0.045,0.04641693811666531
WASP-197 b,WASP-197,1,1,Transit,2025,5.167228,0.065,86.29,3e-06,-3e-06,<a refstr=SCHANCHE_ET_AL_2025 href=https://ui.adsabs.harvard.edu/abs/2025AJ....169..334S/abstract target=ref>Schanche et al. 2025</a>,14.44837612,0.54924005,-0.54924005,1.289,403.32424848,80.72841538,-80.72841538,Mass,<a refstr=SCHANCHE_ET_AL_2025 href=https://ui.adsabs.harvard.edu/abs/2025AJ....169..334S/abstract target=ref>Schanche et al. 2025</a>,1.269,0.74,0.0,,,1276.0,1665.0,,6050.0,2.112,1.36,0.0,0.0380139640218613
WASP-102 b,WASP-102,1,1,Transit,2025,2.709813,0.041,89.06,3e-07,-3e-07,<a refstr=SCHANCHE_ET_AL_2025 href=https://ui.adsabs.harvard.edu/abs/2025AJ....169..334S/abstract target=ref>Schanche et al. 2025</a>,14.90794433,0.56044903,-0.56044903,1.33,197.68926915,42.27117813,-42.27117813,Mass,<a refstr=SCHANCHE_ET_AL_2025 href=https://ui.adsabs.harvard.edu/abs/2025AJ....169..334S/abstract target=ref>Schanche et al. 2025</a>,0.622,0.32,0.0,,,1293.0,1671.0,,5990.0,1.375,1.08,-0.2,0.037593984629536115
TOI-3486 b,TOI-3486,1,1,Transit,2025,2.21778105,0.03138,85.2,8.8e-07,-8.8e-07,<a refstr=YEE_ET_AL_2025 href=https://ui.adsabs.harvard.edu/abs/2025ApJS..280...30Y/abstract target=ref>Yee et al. 2025</a>,10.5700688,0.33626942,-0.32506044,0.943,99.16246298,18.1162192,-17.79839079,Mass,<a refstr=YEE_ET_AL_2025 href=https://ui.adsabs.harvard.edu/abs/2025ApJS..280...30Y/abstract target=ref>Yee et al. 2025</a>,0.312,0.46,0.078,,,334.0,1190.0,,4930.0,0.788,0.837,0.283,0.0318133615175712
TOI-2328 b,TOI-2328,1,1,Transit,2025,17.10197,0.127,88.66,1e-05,-1e-05,<a refstr=TALA_PINTO_ET_AL__2025 href=https://ui.adsabs.harvard.edu/abs/2025A&A...694A.268T/abstract target=ref>Tala Pinto et al. 2025</a>,9.97599282,0.33626942,-0.44835923,0.89,50.85254512,6.35656814,-6.35656814,Mass,<a refstr=TALA_PINTO_ET_AL__2025 href=https://ui.adsabs.harvard.edu/abs/2025A&A...694A.268T/abstract target=ref>Tala Pinto et al. 2025</a>,0.16,0.29,0.057,0.046,-0.029,20.0982,842.0,,5525.0,0.9,0.95,0.09,0.04494382043871599
TOI-3837 b,TOI-3837,1,1,Transit,2025,11.88865,0.099,88.0,3e-05,-3e-05,<a refstr=TALA_PINTO_ET_AL__2025 href=https://ui.adsabs.harvard.edu/abs/2025A&A...694A.268T/abstract target=ref>Tala Pinto et al. 2025</a>,10.87271128,0.56044903,-0.67253884,0.97,187.51876013,15.89142035,-15.89142035,Mass,<a refstr=TALA_PINTO_ET_AL__2025 href=https://ui.adsabs.harvard.edu/abs/2025A&A...694A.268T/abstract target=ref>Tala Pinto et al. 2025</a>,0.59,0.82,0.221,0.042,-0.046,138.065,1178.0,,5905.0,1.2,0.89,-0.26,0.061855669913456944
HD 219666 b,HD 219666,1,1,Transit,2018,6.034468,0.06356,86.42,4e-06,-4e-06,<a refstr=MURPHY_ET_AL__2025 href=https://ui.adsabs.harvard.edu/abs/2025AJ....169..286M/abstract target=ref>Murphy et al. 2025</a>,4.898,0.06,-0.06,0.437,17.6,1.2,-1.2,Mass,<a refstr=MURPHY_ET_AL__2025 href=https://ui.adsabs.harvard.edu/abs/2025AJ....169..286M/abstract target=ref>Murphy et al. 2025</a>,0.055,0.87,0.05,0.04,-0.04,598.4408,1076.0,G5 V,5540.0,1.059,1.02,0.04,0.012249897917517355
TOI-3682 b,TOI-3682,1,1,Transit,2025,3.3462406,0.048,85.51,2.3e-06,-2.3e-06,<a refstr=YEE_ET_AL_2025 href=https://ui.adsabs.harvard.edu/abs/2025ApJS..280...30Y/abstract target=ref>Yee et al. 2025</a>,12.80065596,0.40352331,-0.39231432,1.142,69.28659273,23.83713052,-25.42627256,Mass,<a refstr=YEE_ET_AL_2025 href=https://ui.adsabs.harvard.edu/abs/2025ApJS..280...30Y/abstract target=ref>Yee et al. 2025</a>,0.218,0.181,0.22,,,1258.0,1657.0,,5703.0,1.735,1.32,0.416,0.031523643105552224
TOI-6628 b,TOI-6628,1,1,Transit,2025,18.18424,0.134,88.19,1e-05,-1e-05,<a refstr=TALA_PINTO_ET_AL__2025 href=https://ui.adsabs.harvard.edu/abs/2025A&A...694A.268T/abstract target=ref>Tala Pinto et al. 2025</a>,10.98480109,0.67253884,-0.67253884,0.98,235.19302118,19.06970442,-19.06970442,Mass,<a refstr=TALA_PINTO_ET_AL__2025 href=https://ui.adsabs.harvard.edu/abs/2025A&A...694A.268T/abstract target=ref>Tala Pinto et al. 2025</a>,0.74,0.98,0.67,0.015,-0.016,20.0861,833.0,,5463.0,1.01,0.97,0.36,0.06122448959155436
TOI-4214 b,TOI-4214,1,1,Transit,2025,3.4913885,0.05018,85.77,3.3e-06,-3.2e-06,<a refstr=YEE_ET_AL_2025 href=https://ui.adsabs.harvard.edu/abs/2025ApJS..280...30Y/abstract target=ref>Yee et al. 2025</a>,10.68215861,0.35868738,-0.33626942,0.953,165.27077164,16.84490557,-17.16273398,Mass,<a refstr=YEE_ET_AL_2025 href=https://ui.adsabs.harvard.edu/abs/2025ApJS..280...30Y/abstract target=ref>Yee et al. 2025</a>,0.52,0.74,0.17,,,1210.0,1642.0,,6370.0,1.434,1.382,0.294,0.03357817395298908
NGTS-32 b,NGTS-32,1,1,Transit,2025,3.31211,0.044,86.9,2e-05,-2e-05,<a refstr=VINES_ET_AL__2025 href=https://ui.adsabs.harvard.edu/abs/2025MNRAS.536.2011V/abstract target=ref>Vines et al. 2025</a>,15.91675259,0.33626942,-0.33626942,1.42,181.16219199,15.89142035,-15.89142035,Mass,<a refstr=VINES_ET_AL__2025 href=https://ui.adsabs.harvard.edu/abs/2025MNRAS.536.2011V/abstract target=ref>Vines et al. 2025</a>,0.57,0.24,0.0,,,1554.0,1750.0,,5680.0,1.85,1.07,-0.03,0.02112676050586271
HD 143811 AB b,HD 143811 A,2,1,Imaging,2025,117000.0,63.0,37.0,90600.0,-31000.0,<a refstr=SQUICCIARINI_ET_AL_2025 href=https://ui.adsabs.harvard.edu/abs/2025A&A...702L..10S/abstract target=ref>Squicciarini et al. 2025</a>,15.69257298,1.12089807,-1.12089807,1.4,1938.7532827,222.4798849,-286.0455663,Mass,<a refstr=SQUICCIARINI_ET_AL_2025 href=https://ui.adsabs.harvard.edu/abs/2025A&A...702L..10S/abstract target=ref>Squicciarini et al. 2025</a>,6.1,2.76,0.19,0.12,-0.12,0.0011,1042.0,,6791.0,1.68398,1.32,,0.07142857142857142
WASP-110 b,WASP-110,1,1,Transit,2021,3.7784022,,88.37,1.6e-06,-1.6e-06,<a refstr=MCGRUDER_ET_AL__2023 href=https://ui.adsabs.harvard.edu/abs/2023ApJ...944L..56M/abstract target=ref>McGruder et al. 2023</a>,13.19297028,0.31385146,-0.26901554,1.177,154.78243421,16.52707716,-17.16273398,Mass,<a refstr=MCGRUDER_ET_AL__2023 href=https://ui.adsabs.harvard.edu/abs/2023ApJ...944L..56M/abstract target=ref>McGruder et al. 2023</a>,0.487,0.396533,0.0,,,279.0,1158.0,G9,5392.0,0.853,0.814,-0.15,0.023789294854683778
WASP-4 b,WASP-4,1,1,Transit,2007,1.338230994,0.02261,88.05,8.4e-08,-8.4e-08,<a refstr=BA_AMP__351_T_AMP_UUML_RK_ET_AL__2025 href=https://ui.adsabs.harvard.edu/abs/2025MNRAS.541..714B/abstract target=ref>Ba&#351;t&uuml;rk et al. 2025</a>,15.12091496,0.12329879,-0.13450777,1.349,381.3940884,10.17050902,-9.53485221,Mass,<a refstr=BA_AMP__351_T_AMP_UUML_RK_ET_AL__2025 href=https://ui.adsabs.harvard.edu/abs/2025MNRAS.541..714B/abstract target=ref>Ba&#351;t&uuml;rk et al. 2025</a>,1.2,0.647184,0.0053,0.0038,-0.0038,1188.6219,1653.0,G8,5436.0,0.912,0.899,-0.05,0.00889547824029294
TOI-6448 b,TOI-6448,1,1,Transit,2025,14.844261,0.131,88.95,2.7e-05,-2.8e-05,<a refstr=BARBER_ET_AL_2026 href=https://ui.adsabs.harvard.edu/abs/2026AJ....171...20B/abstract target=ref>Barber et al. 2026</a>,8.47398941,0.76221069,-0.76221069,0.756,54.0,,,M-R relationship,<a refstr=CALCULATED_VALUE href=/docs/pscp_calc.html target=_blank>Calculated Value</a>,0.17,0.488,0.2,0.26,-0.12,28.1152,745.0,,5910.0,0.897,1.03,,0.08994709022181796
K2-214 b,K2-214,1,1,Transit,2018,8.59656,0.0834,88.14511,0.00051,-0.00051,<a refstr=HOWARD_ET_AL__2025 href=https://ui.adsabs.harvard.edu/abs/2025ApJS..278...52H/abstract target=ref>Howard et al. 2025</a>,2.51,0.14,-0.07,0.22392759,6.85,,,M-R relationship,<a refstr=CALCULATED_VALUE href=/docs/pscp_calc.html target=_blank>Calculated Value</a>,0.0215,2.38,,,,238.0,1001.0,,5875.0,1.236,1.03,0.04,0.0557768924302789
HD 135344 A b,HD 135344 A,2,1,Imaging,2025,,16.5,73.6,,,,16.25302201,0.67253884,-0.33626942,1.45,3178.28407,444.9597698,-603.8739733,Mass,<a refstr=STOLKER_ET_AL__2025 href=https://ui.adsabs.harvard.edu/abs/2025A&A...700A..21S/abstract target=ref>Stolker et al. 2025</a>,10.0,4.07,0.5,0.2,-0.2,0.061,1585.0,A0 V,9540.0,1.5,2.32,0.05,0.04137931023450328
K2-10 b,K2-10,1,1,Transit,2015,19.30553,0.137,89.50414,0.00047,-0.00047,<a refstr=HOWARD_ET_AL__2025 href=https://ui.adsabs.harvard.edu/abs/2025ApJS..278...52H/abstract target=ref>Howard et al. 2025</a>,3.773,0.088,-0.048,0.33660509,25.2,8.4,-8.4,Mass,<a refstr=HOWARD_ET_AL__2025 href=https://ui.adsabs.harvard.edu/abs/2025ApJS..278...52H/abstract target=ref>Howard et al. 2025</a>,0.07928807,2.36,0.31,0.16,-0.18,42.1,649.0,F9,5533.0,0.956,0.88,-0.07,0.02332361516034985
TIC 257060897 b,TIC 257060897,1,1,Transit,2021,3.66003639,0.04922,84.55,9.9e-07,-9.8e-07,<a refstr=SCHULTE_ET_AL_2025 href=https://ui.adsabs.harvard.edu/abs/2025MNRAS.543..292S/abstract target=ref>Schulte et al. 2025</a>,17.26183028,0.48198617,-0.50440413,1.54,201.50321004,13.03096469,-10.48833743,Mass,<a refstr=SCHULTE_ET_AL_2025 href=https://ui.adsabs.harvard.edu/abs/2025MNRAS.543..292S/abstract target=ref>Schulte et al. 2025</a>,0.634,0.215,0.039,0.038,-0.023,1804.5549,1775.0,F,5993.0,1.863,1.187,0.054,0.029220779130496696
TOI-654.01,TOI-654,1,1,Transit,2024,1.527561,0.01944,88.28,1e-06,-1e-06,<a refstr=IKUTA_ET_AL_2025 href=https://ui.adsabs.harvard.edu/abs/2025PASJ...77.1101I/abstract target=ref>Ikuta et al. 2025</a>,2.378,0.089,-0.089,0.21215132,8.71,1.25,-1.25,Mass,<a refstr=IKUTA_ET_AL_2025 href=https://ui.adsabs.harvard.edu/abs/2025PASJ...77.1101I/abstract target=ref>Ikuta et al. 2025</a>,0.02740472,3.59,0.0,,,65.0,794.0,M2 V,3521.0,0.43,0.419,0.12,0.037426408746846086
K2-55 b,K2-55,1,1,Transit,2016,2.849271,0.03486,88.2,2.9e-05,-2.9e-05,<a refstr=HOWARD_ET_AL__2025 href=https://ui.adsabs.harvard.edu/abs/2025ApJS..278...52H/abstract target=ref>Howard et al. 2025</a>,4.43,0.29,-0.32,0.39521881,44.0,5.3,-5.3,Mass,<a refstr=HOWARD_ET_AL__2025 href=https://ui.adsabs.harvard.edu/abs/2025ApJS..278...52H/abstract target=ref>Howard et al. 2025</a>,0.13843948,2.8,0.07,0.13,-0.06,141.3,900.0,,4300.0,0.715,0.688,0.376,0.07223476297968398
TOI-5261 b,TOI-5261,1,1,Transit,2025,4.1509768,0.05134,86.07,6.8e-06,-6.8e-06,<a refstr=SCHULTE_ET_AL_2025 href=https://ui.adsabs.harvard.edu/abs/2025MNRAS.543..292S/abstract target=ref>Schulte et al. 2025</a>,11.60129502,0.47077719,-0.45956821,1.035,3651.84839643,136.66621501,-146.20106722,Mass,<a refstr=SCHULTE_ET_AL_2025 href=https://ui.adsabs.harvard.edu/abs/2025MNRAS.543..292S/abstract target=ref>Schulte et al. 2025</a>,11.49,12.9,0.1585,0.01,-0.0078,159.592,1244.0,,5790.0,1.021,1.037,0.254,0.04057971021238627
TOI-4773 b,TOI-4773,1,1,Transit,2025,1.7452851,0.03216,78.64,1.4e-06,-1.4e-06,<a refstr=SCHULTE_ET_AL_2025 href=https://ui.adsabs.harvard.edu/abs/2025MNRAS.543..292S/abstract target=ref>Schulte et al. 2025</a>,15.22179579,0.54924005,-0.53803107,1.358,1687.66884117,111.23994245,-108.06165838,Mass,<a refstr=SCHULTE_ET_AL_2025 href=https://ui.adsabs.harvard.edu/abs/2025MNRAS.543..292S/abstract target=ref>Schulte et al. 2025</a>,5.31,2.63,0.024,0.027,-0.017,3879.8071,2255.0,,6740.0,1.55,1.452,0.11,0.03608247394573673
Ross 176 b,Ross 176,1,1,Transit,2025,5.0066338,0.0464,89.42,8e-06,-7e-06,<a refstr=GERALDIA_GONZALEZ_ET_AL_2025 href=https://ui.adsabs.harvard.edu/abs/2025A&A...700A.216G/abstract target=ref>Gerald&iacute;a-Gonz&aacute;lez et al. 2025</a>,1.84,0.08,-0.08,0.16415409,4.57,0.89,-0.93,Mass,<a refstr=GERALDIA_GONZALEZ_ET_AL_2025 href=https://ui.adsabs.harvard.edu/abs/2025A&A...700A.216G/abstract target=ref>Gerald&iacute;a-Gonz&aacute;lez et al. 2025</a>,0.01437883,4.03,0.25,0.04,-0.04,36.2,682.0,K7 V,4041.0,0.569,0.577,-0.19,0.043478260869565216
K2-61 b,K2-61,1,1,Transit,2016,2.57336,0.0392,85.99632,0.00016,-0.00016,<a refstr=HOWARD_ET_AL__2025 href=https://ui.adsabs.harvard.edu/abs/2025ApJS..278...52H/abstract target=ref>Howard et al. 2025</a>,1.92,0.11,-0.05,0.17129122,4.35,,,M-R relationship,<a refstr=CALCULATED_VALUE href=/docs/pscp_calc.html target=_blank>Calculated Value</a>,0.0137,3.38,,,,730.0,1325.0,,5748.0,0.995,0.97,0.03,0.05729166666666667
TOI-6420 b,TOI-6420,1,1,Transit,2025,6.961508,0.0753,85.8,1.2e-05,-1.2e-05,<a refstr=SCHULTE_ET_AL_2025 href=https://ui.adsabs.harvard.edu/abs/2025MNRAS.543..292S/abstract target=ref>Schulte et al. 2025</a>,11.93756445,0.72858375,-0.66132986,1.065,2606.1929374,114.41822652,-127.1313628,Mass,<a refstr=SCHULTE_ET_AL_2025 href=https://ui.adsabs.harvard.edu/abs/2025MNRAS.543..292S/abstract target=ref>Schulte et al. 2025</a>,8.2,8.4,0.078,0.014,-0.013,106.619,1213.0,,6020.0,1.312,1.165,0.24,0.06103286420371954
TOI-5350 b,TOI-5350,1,1,Transit,2025,7.581367,0.0796,89.04,1.2e-05,-1.1e-05,<a refstr=SCHULTE_ET_AL_2025 href=https://ui.adsabs.harvard.edu/abs/2025MNRAS.543..292S/abstract target=ref>Schulte et al. 2025</a>,12.41955062,0.42594127,-0.32506044,1.108,2094.48920213,79.45710175,-82.63538582,Mass,<a refstr=SCHULTE_ET_AL_2025 href=https://ui.adsabs.harvard.edu/abs/2025MNRAS.543..292S/abstract target=ref>Schulte et al. 2025</a>,6.59,6.03,0.0165,0.012,-0.0081,321.879,1195.0,,6220.0,1.263,1.167,0.044,0.03429602914247794
TOI-5817 b,TOI-5817,2,1,Transit,2025,15.61031,0.1223,88.72,0.00012,-0.0001,<a refstr=NAPONIELLO_ET_AL_2025 href=https://ui.adsabs.harvard.edu/abs/2025A&A...701A..79N/abstract target=ref>Naponiello et al. 2025</a>,3.08,0.14,-0.14,0.27477967,10.3,1.4,-1.3,Mass,<a refstr=NAPONIELLO_ET_AL_2025 href=https://ui.adsabs.harvard.edu/abs/2025A&A...701A..79N/abstract target=ref>Naponiello et al. 2025</a>,0.03240742,1.93,0.2,,,126.8632,950.0,G2 IV-V,5770.0,1.427,0.97,-0.24,0.045454545454545456
K2-105 b,K2-105,1,1,Transit,2017,8.26726,0.0796,88.62,0.00018,-0.00018,<a refstr=HOWARD_ET_AL__2025 href=https://ui.adsabs.harvard.edu/abs/2025ApJS..278...52H/abstract target=ref>Howard et al. 2025</a>,3.4,0.12,-0.05,0.30332821,15.4,4.4,-4.4,Mass,<a refstr=HOWARD_ET_AL__2025 href=https://ui.adsabs.harvard.edu/abs/2025ApJS..278...52H/abstract target=ref>Howard et al. 2025</a>,0.04845382,2.24,0.0,,,100.0,805.0,K1,5373.0,0.905,0.94,0.22,0.03529411764705882
TOI-6223 b,TOI-6223,1,1,Transit,2025,3.855219,0.04018,88.68,4e-06,-4e-06,<a refstr=YALCINKAYA_ET_AL_2025 href=https://ui.adsabs.harvard.edu/abs/2025A&A...702A.209Y/abstract target=ref>Yal&ccedil;inkaya et al. 2025</a>,5.07,0.22,-0.22,0.45231588,22.6,,,M-R relationship,<a refstr=CALCULATED_VALUE href=/docs/pscp_calc.html target=_blank>Calculated Value</a>,0.0711,0.953,,,,41.8646,714.0,M0 V,3895.0,0.576,0.582,-0.12,0.04339250493096647
HD 17156 b,HD 17156,1,1,Radial Velocity,2007,21.2164294,0.1632,86.51,6.1e-06,-6.1e-06,<a refstr=KANE_ET_AL__2023 href=https://ui.adsabs.harvard.edu/abs/2023AJ....165..252K/abstract target=ref>Kane et al. 2023</a>,12.26262489,0.3474784,-0.33626942,1.094,1036.12060682,34.96112477,-34.96112477,Mass,<a refstr=KANE_ET_AL__2023 href=https://ui.adsabs.harvard.edu/abs/2023AJ....165..252K/abstract target=ref>Kane et al. 2023</a>,3.26,3.08,0.6772,0.0045,-0.0044,68.8,888.0,G5,6046.0,1.517,1.285,0.208,0.02833638010760354
TOI-6000 b,TOI-6000,1,1,Transit,2025,0.448959,,87.05,1.1e-05,-1.1e-05,<a refstr=GOMEZ_BARRIENTOS_ET_AL_2025 href=https://ui.adsabs.harvard.edu/abs/2025AJ....170..148G/abstract target=ref>Gomez Barrientos et al. 2025</a>,0.94,0.05,-0.05,0.08386133,0.779,,,M-R relationship,<a refstr=CALCULATED_VALUE href=/docs/pscp_calc.html target=_blank>Calculated Value</a>,0.00245,5.15,,,,258.7482,1120.0,,3419.0,0.38,0.37,,0.053191489361702135
TOI-6303 b,TOI-6303,1,1,Transit,2025,9.485236,0.0761,89.03,1.62e-05,-1.62e-05,<a refstr=HOTNISKY_ET_AL__2025 href=https://ui.adsabs.harvard.edu/abs/2025AJ....170....1H/abstract target=ref>Hotnisky et al. 2025</a>,11.59,0.61,-0.64,1.034,2493.0,99.0,-99.0,Mass,<a refstr=HOTNISKY_ET_AL__2025 href=https://ui.adsabs.harvard.edu/abs/2025AJ....170....1H/abstract target=ref>Hotnisky et al. 2025</a>,7.84,8.82,0.02,0.02,-0.02,14.28,541.0,,3977.0,0.609,0.644,0.44,0.055220017256255395
WASP-120 b,WASP-120,1,1,Transit,2016,3.61126721,0.0514,84.54,7.8e-07,-7.8e-07,<a refstr=KOKORI_ET_AL__2023 href=https://ui.adsabs.harvard.edu/abs/2023ApJS..265....4K/abstract target=ref>Kokori et al. 2023</a>,15.58048317,0.89671846,-0.89671846,1.39,1541.4755,66.7443,-66.7443,Mass,<a refstr=TURNER_ET_AL__2016 href=https://ui.adsabs.harvard.edu/abs/2016PASP..128f4401T/abstract target=ref>Turner et al. 2016</a>,4.85,2.334107,0.057,0.022,-0.018,1818.5489,1749.0,F5,6450.0,1.68443,1.393,-0.05,0.05755395710234575
WASP-140 b,WASP-140,2,1,Transit,2016,2.23598448,0.0323,84.3,2.5e-07,-2.5e-07,<a refstr=KOKORI_ET_AL__2023 href=https://ui.adsabs.harvard.edu/abs/2023ApJS..265....4K/abstract target=ref>Kokori et al. 2023</a>,14.23540549,0.67253884,-0.67253884,1.27,775.5052,22.2481,-22.2481,Mass,<a refstr=HELLIER_ET_AL__2017 href=https://ui.adsabs.harvard.edu/abs/2017MNRAS.465.3693H/abstract target=ref>Hellier et al. 2017</a>,2.44,1.578175,0.047,0.0035,-0.0035,491.326,1270.0,K0,5300.0,0.87,0.9,0.12,0.04724409434437543
TOI-6692 b,TOI-6692,1,1,Transit,2026,131.125,0.512,89.483,0.012,-0.012,<a refstr=BIERYLA_ET_AL_2026 href=https://ui.adsabs.harvard.edu/abs/2026AJ....171..203B/abstract target=ref>Bieryla et al. 2026</a>,11.67975789,0.56044903,-0.54924005,1.042,197.05361234,25.42627256,-20.65884645,Mass,<a refstr=BIERYLA_ET_AL_2026 href=https://ui.adsabs.harvard.edu/abs/2026AJ....171..203B/abstract target=ref>Bieryla et al. 2026</a>,0.62,0.68,0.537,0.061,-0.061,182.3533,467.0,,5890.0,1.385,1.047,-0.008,0.04798464448307156
V2376 Ori b,V2376 Ori,1,1,Imaging,2025,,71.0,,,,,87.20586985,10.87271128,-10.87271128,7.78,6356.56814,3178.28407,-3178.28407,Mass,<a refstr=VILA_ET_AL__2025 href=https://ui.adsabs.harvard.edu/abs/2025A&A...704L...3V/abstract target=ref>Vila et al. 2025</a>,20.0,0.0527,,,,,2100.0,M,,,0.45,,0.12467866324482285
TOI-5716 b,TOI-5716,1,1,Transit,2025,6.7663,,89.4,1e-05,-1e-05,<a refstr=GOMEZ_BARRIENTOS_ET_AL_2026 href=https://ui.adsabs.harvard.edu/abs/2026AJ....171...99G/abstract target=ref>Gomez Barrientos et al. 2026</a>,0.96,0.05,-0.05,0.08564561,0.84,,,M-R relationship,<a refstr=CALCULATED_VALUE href=/docs/pscp_calc.html target=_blank>Calculated Value</a>,0.00264,5.22,,,,3.4093,400.0,,3436.0,0.22,0.19,-0.54,0.052083333333333336
TOI-4940 b,TOI-4940,1,1,Transit,2025,25.867811,0.165,88.47,5.8e-05,-5.6e-05,<a refstr=KENDALL_ET_AL_2026 href=https://ui.adsabs.harvard.edu/abs/2026MNRAS.547f2189K/abstract target=ref>Kendall et al. 2026</a>,6.61,0.37,-0.37,0.58970572,89.0,,,Mass,<a refstr=KENDALL_ET_AL_2026 href=https://ui.adsabs.harvard.edu/abs/2026MNRAS.547f2189K/abstract target=ref>Kendall et al. 2026</a>,0.28002532,,,,,40.4612,643.0,G8 V,5504.0,1.163,1.012,0.326,0.05597579425113464
TOI-5734 b,TOI-5734,1,1,Transit,2026,6.1841876,0.05921,89.88,8e-06,-9.4e-06,<a refstr=FILOMENO_ET_AL_2026 href=https://ui.adsabs.harvard.edu/abs/2026A&A...708A..90F/abstract target=ref>Filomeno et al. 2026</a>,2.1,0.12,-0.12,0.18734977,9.1,2.6,-2.6,Mass,<a refstr=FILOMENO_ET_AL_2026 href=https://ui.adsabs.harvard.edu/abs/2026A&A...708A..90F/abstract target=ref>Filomeno et al. 2026</a>,0.0286318,5.403344,,,,56.3778,688.0,K3-K4 V,4750.0,0.639,0.724,-0.13,0.05714285714285714
NGTS-35 b,NGTS-35,1,1,Transit,2025,25.241192,0.16,88.816,2.2e-05,-2.2e-05,<a refstr=KENDALL_ET_AL_2026 href=https://ui.adsabs.harvard.edu/abs/2026MNRAS.547f2189K/abstract target=ref>Kendall et al. 2026</a>,10.9,0.65,-0.65,0.97243454,152.0,22.0,-19.0,Mass,<a refstr=KENDALL_ET_AL_2026 href=https://ui.adsabs.harvard.edu/abs/2026MNRAS.547f2189K/abstract target=ref>Kendall et al. 2026</a>,0.47824548,0.645,0.192,0.037,-0.033,9.8437,451.0,K3.5 V,4717.0,0.753,0.789,0.085,0.05963302752293578
TOI-5007 b,TOI-5007,1,1,Transit,2026,2.543371,0.0307,84.86,1e-06,-1e-06,<a refstr=DRANSFIELD_ET_AL_2026 href=https://ui.adsabs.harvard.edu/abs/2026MNRAS.547ag448D/abstract target=ref>Dransfield et al. 2026</a>,11.07447293,0.3474784,-0.3474784,0.988,211.03806225,13.6666215,-13.34879309,Mass,<a refstr=DRANSFIELD_ET_AL_2026 href=https://ui.adsabs.harvard.edu/abs/2026MNRAS.547ag448D/abstract target=ref>Dransfield et al. 2026</a>,0.664,0.85,0.074,0.026,-0.03,85.3,774.0,M1&plusmn;0.5,3793.0,0.656,0.632,0.43,0.03137651806965047
TOI-7166 b,TOI-7166,1,1,Transit,2025,12.92063621,0.06191,89.8,9.98e-07,-9.98e-07,<a refstr=BARKAOUI_ET_AL_2025 href=https://ui.adsabs.harvard.edu/abs/2025MNRAS.544.2637B/abstract target=ref>Barkaoui et al. 2025</a>,2.01,0.06,-0.05,0.1793205,4.7,,,M-R relationship,<a refstr=CALCULATED_VALUE href=/docs/pscp_calc.html target=_blank>Calculated Value</a>,0.0148,3.18,0.0,,,1.07,249.0,M4.5+/-0.5,3099.0,0.222,0.19,-0.2,0.02985074626865672
TOI-5422 b,TOI-5422,1,1,Transit,2026,5.377219,0.0619,88.71,1e-05,-1e-05,<a refstr=ZHANG_ET_AL_2026 href=https://ui.adsabs.harvard.edu/abs/2026AJ....171...62Z/abstract target=ref>Zhang et al. 2026</a>,9.10169233,0.3474784,-0.28022452,0.812,8899.195396,508.5254512,-381.3940884,Mass,<a refstr=ZHANG_ET_AL_2026 href=https://ui.adsabs.harvard.edu/abs/2026AJ....171...62Z/abstract target=ref>Zhang et al. 2026</a>,28.0,65.8,0.094,0.0047,-0.0045,580.0,1369.0,,5820.0,1.474,1.066,-0.012,0.03817733970798813
XO-3 b,XO-3,1,1,Transit,2007,3.19152309,0.04815,83.66,1.4e-07,-1.4e-07,<a refstr=RUSZNAK_ET_AL_2025 href=https://ui.adsabs.harvard.edu/abs/2025ApJ...983L..42R/abstract target=ref>Rusznak et al. 2025</a>,14.79585452,0.28022452,-0.28022452,1.32,4217.58296089,111.23994245,-114.41822652,Mass,<a refstr=RUSZNAK_ET_AL_2025 href=https://ui.adsabs.harvard.edu/abs/2025ApJ...983L..42R/abstract target=ref>Rusznak et al. 2025</a>,13.27,7.16,0.2791,0.0024,-0.0022,1161.72,1890.0,F5V,6970.0,1.523,1.449,-0.159,0.018939394113480373
HD 95338 b,HD 95338,1,1,Radial Velocity,2020,55.082694,0.262,89.654,1.8e-05,-1.8e-05,<a refstr=K_AMP_AACUTE_LM_AMP_AACUTE_N_ET_AL__2025 href=https://ui.adsabs.harvard.edu/abs/2025A&A...701A.240K/abstract target=ref>K&aacute;lm&aacute;n et al. 2025</a>,4.27174254,0.03923143,-0.03923143,0.3811,42.9,2.2,-2.1,Mass,<a refstr=SAHA_2025 href=https://ui.adsabs.harvard.edu/abs/2025MNRAS.539..928S/abstract target=ref>Saha 2025</a>,0.135,3.98,0.197,0.029,-0.024,7.42,443.0,K0.5 V,5097.0,0.868,0.848,0.08,0.009183940659494894
TOI-1243 b,TOI-1243,1,1,Transit,2026,4.6594779,,88.24,4.2e-06,-4.5e-06,<a refstr=POULTOURTZIDIS_ET_AL_2026 href=https://ui.adsabs.harvard.edu/abs/2026A&A...707A.106P/abstract target=ref>Poultourtzidis et al. 2026</a>,2.33,0.12,-0.12,0.20786903,7.7,1.5,-1.5,Mass,<a refstr=POULTOURTZIDIS_ET_AL_2026 href=https://ui.adsabs.harvard.edu/abs/2026A&A...707A.106P/abstract target=ref>Poultourtzidis et al. 2026</a>,0.02422691,3.3,,,,17.2664,450.0,M2.0 V,3515.0,0.511,0.515,-0.2,0.05150214592274678
TOI-5938 b,TOI-5938,1,1,Transit,2026,2.260424,0.0308,88.85,3.6e-06,-3.3e-06,<a refstr=MORELLO_ET_AL_2026 href=https://ui.adsabs.harvard.edu/abs/2026MNRAS.549ag183M/abstract target=ref>Morello et al. 2026</a>,3.82,0.11,-0.11,0.34079816,14.0,,,M-R relationship,<a refstr=CALCULATED_VALUE href=/docs/pscp_calc.html target=_blank>Calculated Value</a>,0.044,1.38,,,,249.273,1077.0,,4650.0,0.712,0.744,0.07,0.02879581151832461
TOI-7009 b,TOI-7009,1,1,Transit,2026,2.3206612,0.0287,86.1,4.2e-06,-4.4e-06,<a refstr=MORELLO_ET_AL_2026 href=https://ui.adsabs.harvard.edu/abs/2026MNRAS.549ag183M/abstract target=ref>Morello et al. 2026</a>,3.71,0.15,-0.15,0.3309846,13.3,,,M-R relationship,<a refstr=CALCULATED_VALUE href=/docs/pscp_calc.html target=_blank>Calculated Value</a>,0.0418,1.43,,,,42.4124,872.0,,4080.0,0.564,0.583,-0.11,0.04043126684636118
TOI-5388.01,TOI-5388,1,1,Transit,2024,2.5946748,0.024335855,88.8,4.2e-06,-3e-06,<a refstr=POULTOURTZIDIS_ET_AL_2026 href=https://ui.adsabs.harvard.edu/abs/2026A&A...707A.106P/abstract target=ref>Poultourtzidis et al. 2026</a>,0.99,0.07,-0.06,0.08832204,2.2,,,Mass,<a refstr=POULTOURTZIDIS_ET_AL_2026 href=https://ui.adsabs.harvard.edu/abs/2026A&A...707A.106P/abstract target=ref>Poultourtzidis et al. 2026</a>,0.00692197,11.9,,,,3.3023,488.0,M3.0 V,3440.0,0.3,0.292,-0.36,0.07070707070707072
TOI-6716 b,TOI-6716,1,1,Transit,2026,4.7185898,0.0319,89.45,5.4e-06,-4.1e-06,<a refstr=SCOTT_ET_AL_2026 href=https://ui.adsabs.harvard.edu/abs/2026MNRAS.547ag070S/abstract target=ref>Scott et al. 2026</a>,0.982,0.067,-0.067,0.0876,0.911,,,M-R relationship,<a refstr=CALCULATED_VALUE href=/docs/pscp_calc.html target=_blank>Calculated Value</a>,0.00287,5.29,0.88,,,4.4,369.0,M4,3110.0,0.231,0.223,0.0,0.06822810590631365
TOI-1648 b,TOI-1648,1,1,Transit,2025,7.331602,0.0694,88.29,1.5e-05,-2e-05,<a refstr=CARLEO_ET_AL_2026 href=https://ui.adsabs.harvard.edu/abs/2026MNRAS.549f1958C/abstract target=ref>Carleo et al. 2026</a>,2.54,0.14,-0.12,0.227,7.4,1.1,-1.3,Mass,<a refstr=CARLEO_ET_AL_2026 href=https://ui.adsabs.harvard.edu/abs/2026MNRAS.549f1958C/abstract target=ref>Carleo et al. 2026</a>,0.0233,2.49,0.178,0.075,-0.053,27.4026,799.0,,4850.0,0.81,0.83,0.2,0.05511811023622048
TOI-1518 b,TOI-1518,1,1,Transit,2021,1.90261131,0.03712,77.626,4.3e-07,-4.3e-07,<a refstr=SIMONNIN_ET_AL_2025 href=https://ui.adsabs.harvard.edu/abs/2025A&A...698A.314S/abstract target=ref>Simonnin et al. 2025</a>,21.05046575,0.47077719,-0.47077719,1.878,581.62598481,149.37935129,-149.37935129,Mass,<a refstr=SIMONNIN_ET_AL_2025 href=https://ui.adsabs.harvard.edu/abs/2025A&A...698A.314S/abstract target=ref>Simonnin et al. 2025</a>,1.83,0.343,0.01,,,7010.0,2546.0,F0,7299.0,1.942,1.88,-0.1,0.02236421728578618
TOI-1080 b,TOI-1080,1,1,Transit,2026,3.9652482,0.0272,89.26,1.4e-06,-1.5e-06,<a refstr=GOMEZ_MAQUEO_CHEW_ET_AL_2026 href=https://ui.adsabs.harvard.edu/abs/2026MNRAS.548ag438G/abstract target=ref>G&oacute;mez Maqueo Chew et al. 2026</a>,1.2,0.058,-0.058,0.10705701,10.7,,,Mass,<a refstr=GOMEZ_MAQUEO_CHEW_ET_AL_2026 href=https://ui.adsabs.harvard.edu/abs/2026MNRAS.548ag438G/abstract target=ref>G&oacute;mez Maqueo Chew et al. 2026</a>,0.03366596,,,,,4.35,368.0,M4.0&plusmn;1.0 V,3065.0,0.2019,0.1667,-0.09,0.04833333333333334
TOI-2145 b,TOI-2145,1,1,Transit,2023,10.261128,0.1117,88.6,9e-06,-7e-06,<a refstr=DONG_ET_AL_2025 href=https://ui.adsabs.harvard.edu/abs/2025AJ....169....4D/abstract target=ref>Dong et al. 2025</a>,12.24020692,0.33626942,-0.31385146,1.092,1805.26535176,117.59651059,-108.06165838,Mass,<a refstr=DONG_ET_AL_2025 href=https://ui.adsabs.harvard.edu/abs/2025AJ....169....4D/abstract target=ref>Dong et al. 2025</a>,5.68,5.34,0.214,0.014,-0.014,515.939,1484.0,,6206.0,2.75,1.71,0.28,0.027472527400705084
HD 202772 A b,HD 202772 A,2,1,Transit,2019,3.3088775,0.05208,84.9,5.1e-07,-5.1e-07,<a refstr=JOFRE_ET_AL_2025 href=https://ui.adsabs.harvard.edu/abs/2025MNRAS.544.3994J/abstract target=ref>Jofr&eacute; et al. 2025</a>,18.2370116,0.78462865,-0.72858375,1.627,323.54931833,20.97667486,-20.02318964,Mass,<a refstr=JOFRE_ET_AL_2025 href=https://ui.adsabs.harvard.edu/abs/2025MNRAS.544.3994J/abstract target=ref>Jofr&eacute; et al. 2025</a>,1.018,0.293,0.03,0.024,-0.019,3770.0,2181.0,,6442.0,2.554,1.721,0.232,0.043023970550087276
TOI-4588 b,TOI-4588,1,1,Transit,2026,13.11881173651,0.1376,88.66116,0.00022353225,-0.00017837034,<a refstr=LAFARGA_ET_AL_2026 href=https://ui.adsabs.harvard.edu/abs/2026MNRAS.548ag512L/abstract target=ref>Lafarga et al. 2026</a>,2.92922558,0.32112619,-0.28427818,0.26132845,8.9,,,M-R relationship,<a refstr=CALCULATED_VALUE href=/docs/pscp_calc.html target=_blank>Calculated Value</a>,0.028,1.95,0.0,,,2310.43,1768.0,,7746.12,1.57458,2.018,0.21,0.10962835781326201
TOI-4513 b,TOI-4513,1,1,Transit,2026,9.76042253684,,89.18965,0.00109793125,-0.00103714509,<a refstr=LAFARGA_ET_AL_2026 href=https://ui.adsabs.harvard.edu/abs/2026MNRAS.548ag512L/abstract target=ref>Lafarga et al. 2026</a>,2.34587608,0.27093052,-0.22436689,0.20928541,6.11,,,M-R relationship,<a refstr=CALCULATED_VALUE href=/docs/pscp_calc.html target=_blank>Calculated Value</a>,0.0192,2.6,,,,30.3621,653.0,,5623.93,0.796628,0.979,,0.11549225566936171
TOI-4127 b,TOI-4127,1,1,Transit,2023,56.3987,0.303,89.39,0.0001,-0.0001,<a refstr=MIRELES_ET_AL_2025 href=https://ui.adsabs.harvard.edu/abs/2025A&A...704A.194M/abstract target=ref>Mireles et al. 2025</a>,12.07,0.5,-0.49,1.08,743.71847238,60.38739733,-54.03082919,Mass,<a refstr=MIRELES_ET_AL_2025 href=https://ui.adsabs.harvard.edu/abs/2025A&A...704A.194M/abstract target=ref>Mireles et al. 2025</a>,2.34,2.17,0.7484,0.0064,-0.0068,22.3,556.0,F V,6096.0,1.293,1.23,0.14,0.041425020712510356
TOI-697 b,TOI-697,1,1,Transit,2026,8.60788713593,,88.54166,5.735379e-05,-5.534098e-05,<a refstr=LAFARGA_ET_AL_2026 href=https://ui.adsabs.harvard.edu/abs/2026MNRAS.548ag512L/abstract target=ref>Lafarga et al. 2026</a>,2.35859364,0.20903984,-0.18176315,0.21041999,6.16,,,M-R relationship,<a refstr=CALCULATED_VALUE href=/docs/pscp_calc.html target=_blank>Calculated Value</a>,0.0194,2.58,,,,117.5495,839.8,,5681.95,0.968149,0.97,,0.08862901877408606
TOI-4561 b,TOI-4561,1,1,Transit,2026,8.93547936706,,88.87819,7.644113e-05,-8.224696e-05,<a refstr=LAFARGA_ET_AL_2026 href=https://ui.adsabs.harvard.edu/abs/2026MNRAS.548ag512L/abstract target=ref>Lafarga et al. 2026</a>,1.77789214,0.26732078,-0.19848508,0.15861319,3.81,,,M-R relationship,<a refstr=CALCULATED_VALUE href=/docs/pscp_calc.html target=_blank>Calculated Value</a>,0.012,3.73,,,,91.9624,789.81,,5537.93,0.851957,1.0,,0.1503582663906709
TIC 87422071 b,TIC 87422071,1,1,Transit,2026,11.364929,0.106,87.32,2.1e-05,-2.2e-05,<a refstr=GAJDOS_ET_AL_2026 href=https://ui.adsabs.harvard.edu/abs/2026A&A...708A.189G/abstract target=ref>Gajdo&scaron; et al. 2026</a>,10.8615023,0.97518132,-0.94155438,0.969,409.99864503,31.7828407,-34.96112477,Mass,<a refstr=GAJDOS_ET_AL_2026 href=https://ui.adsabs.harvard.edu/abs/2026A&A...708A.189G/abstract target=ref>Gajdo&scaron; et al. 2026</a>,1.29,1.8785,0.124,0.073,-0.06,140.925,1110.0,,6150.0,1.489,1.239,0.16,0.08978328163683214
TOI-883 b,TOI-883,1,1,Transit,2026,10.05771848538,,88.73944,1.133547e-05,-1.139417e-05,<a refstr=LAFARGA_ET_AL_2026 href=https://ui.adsabs.harvard.edu/abs/2026MNRAS.548ag512L/abstract target=ref>Lafarga et al. 2026</a>,7.17166228,0.47668767,-0.46443949,0.63981396,40.7,,,M-R relationship,<a refstr=CALCULATED_VALUE href=/docs/pscp_calc.html target=_blank>Calculated Value</a>,0.128,0.606,,,,91.5488,861.0,,5713.15,1.01477,1.003,,0.0664682261083828
TOI-4640 b,TOI-4640,1,1,Transit,2026,2.68566015238,,87.17393,0.0003524279,-0.00035771514,<a refstr=LAFARGA_ET_AL_2026 href=https://ui.adsabs.harvard.edu/abs/2026MNRAS.548ag512L/abstract target=ref>Lafarga et al. 2026</a>,2.84326517,0.2691204,-0.25931352,0.25365957,8.46,,,M-R relationship,<a refstr=CALCULATED_VALUE href=/docs/pscp_calc.html target=_blank>Calculated Value</a>,0.0266,2.02,,,,854.2741,1378.86,,5743.01,1.06715,1.1,,0.09465188222314136
TIC 147027702 b,TIC 147027702,1,1,Transit,2026,44.40523,0.274,89.52,0.00013,-0.00013,<a refstr=GAJDOS_ET_AL_2026 href=https://ui.adsabs.harvard.edu/abs/2026A&A...708A.189G/abstract target=ref>Gajdo&scaron; et al. 2026</a>,10.92875618,0.72858375,-0.71737476,0.975,346.43296363,22.24798849,-41.31769291,Mass,<a refstr=GAJDOS_ET_AL_2026 href=https://ui.adsabs.harvard.edu/abs/2026A&A...708A.189G/abstract target=ref>Gajdo&scaron; et al. 2026</a>,1.09,1.5666,0.127,0.055,-0.048,90.5749,863.0,,6410.0,2.136,1.406,-0.08,0.06666666709367469
TIC 245076932 b,TIC 245076932,1,1,Transit,2026,21.61389,0.157,89.77,1.7e-05,-1.7e-05,<a refstr=GAJDOS_ET_AL_2026 href=https://ui.adsabs.harvard.edu/abs/2026A&A...708A.189G/abstract target=ref>Gajdo&scaron; et al. 2026</a>,10.87271128,0.53803107,-0.53803107,0.97,162.09248757,12.71313628,-15.89142035,Mass,<a refstr=GAJDOS_ET_AL_2026 href=https://ui.adsabs.harvard.edu/abs/2026A&A...708A.189G/abstract target=ref>Gajdo&scaron; et al. 2026</a>,0.51,0.7466,0.428,0.022,-0.019,85.6018,845.0,,6130.0,1.288,1.117,0.02,0.04948453574681879
TOI-921 b,TOI-921,1,1,Transit,2026,5.12871907628,,86.57555,2.010057e-05,-2.12012e-05,<a refstr=LAFARGA_ET_AL_2026 href=https://ui.adsabs.harvard.edu/abs/2026MNRAS.548ag512L/abstract target=ref>Lafarga et al. 2026</a>,3.53409617,0.45814199,-0.34294656,0.31529149,12.2,,,M-R relationship,<a refstr=CALCULATED_VALUE href=/docs/pscp_calc.html target=_blank>Calculated Value</a>,0.0385,1.52,,,,426.7683,951.0,,6011.66,1.14165,1.13,-0.0579,0.12963483956351984
TOI-4930 b,TOI-4930,1,1,Transit,2026,6.78130241498,,86.47959,0.00184169896,-0.00197519819,<a refstr=LAFARGA_ET_AL_2026 href=https://ui.adsabs.harvard.edu/abs/2026MNRAS.548ag512L/abstract target=ref>Lafarga et al. 2026</a>,6.93277225,0.56664636,-0.53497392,0.61850158,38.4,,,M-R relationship,<a refstr=CALCULATED_VALUE href=/docs/pscp_calc.html target=_blank>Calculated Value</a>,0.121,0.633,,,,310.079,1169.0,,5624.72,1.15926,1.04,,0.08173445478466425
TIC 62895484 b,TIC 62895484,1,1,Transit,2026,2.83985434327,,86.91509,0.0002033964,-0.00022504471,<a refstr=LAFARGA_ET_AL_2026 href=https://ui.adsabs.harvard.edu/abs/2026MNRAS.548ag512L/abstract target=ref>Lafarga et al. 2026</a>,3.49391667,0.34644116,-0.29602076,0.3117069,12.0,,,M-R relationship,<a refstr=CALCULATED_VALUE href=/docs/pscp_calc.html target=_blank>Calculated Value</a>,0.0378,1.55,,,,,,,5520.79,0.874291,0.98,0.0985,0.09915553023192165
TOI-941 b,TOI-941,1,1,Transit,2026,8.51460888787,,89.08482,2.845125e-05,-3.147378e-05,<a refstr=LAFARGA_ET_AL_2026 href=https://ui.adsabs.harvard.edu/abs/2026MNRAS.548ag512L/abstract target=ref>Lafarga et al. 2026</a>,6.51165317,0.4529866,-0.44352176,0.58093179,34.6,,,M-R relationship,<a refstr=CALCULATED_VALUE href=/docs/pscp_calc.html target=_blank>Calculated Value</a>,0.109,0.689,,,,220.1422,982.42,,5745.88,1.1849,1.078,,0.06956552939382059
TOI-5159 b,TOI-5159,1,1,Transit,2026,5.83639428843,,88.27635,0.00096079102,-0.00084081423,<a refstr=LAFARGA_ET_AL_2026 href=https://ui.adsabs.harvard.edu/abs/2026MNRAS.548ag512L/abstract target=ref>Lafarga et al. 2026</a>,1.54732112,0.14990024,-0.13545721,0.13804298,3.01,,,M-R relationship,<a refstr=CALCULATED_VALUE href=/docs/pscp_calc.html target=_blank>Calculated Value</a>,0.00948,4.46,,,,133.1006,866.29,,5156.16,0.854084,0.9,,0.09687726617471619
TIC 86380416 b,TIC 86380416,1,1,Transit,2026,6.0408643461,,87.94298,0.00010605046,-9.643141e-05,<a refstr=LAFARGA_ET_AL_2026 href=https://ui.adsabs.harvard.edu/abs/2026MNRAS.548ag512L/abstract target=ref>Lafarga et al. 2026</a>,2.4123612,0.29307308,-0.24128947,0.21521682,6.4,,,M-R relationship,<a refstr=CALCULATED_VALUE href=/docs/pscp_calc.html target=_blank>Calculated Value</a>,0.0201,2.51,,,,,,,5723.74,0.989724,1.07,,0.12148805908501596
TIC 88692598 b,TIC 88692598,1,1,Transit,2026,2.64909436758,,88.13323,1.998244e-05,-2.130892e-05,<a refstr=LAFARGA_ET_AL_2026 href=https://ui.adsabs.harvard.edu/abs/2026MNRAS.548ag512L/abstract target=ref>Lafarga et al. 2026</a>,1.81295951,0.20824409,-0.19567673,0.16174169,3.94,,,M-R relationship,<a refstr=CALCULATED_VALUE href=/docs/pscp_calc.html target=_blank>Calculated Value</a>,0.0124,3.63,,,,,,,3483.17,0.532473,0.529218,,0.11486417035314815
TOI-5486 b,TOI-5486,1,1,Transit,2026,2.02470073205,,85.20792,5.68462e-06,-5.98165e-06,<a refstr=LAFARGA_ET_AL_2026 href=https://ui.adsabs.harvard.edu/abs/2026MNRAS.548ag512L/abstract target=ref>Lafarga et al. 2026</a>,3.96824928,0.40461614,-0.3305924,0.3540241,14.9,,,M-R relationship,<a refstr=CALCULATED_VALUE href=/docs/pscp_calc.html target=_blank>Calculated Value</a>,0.0469,1.31,,,,53.3297,752.0,,3750.17,0.553216,0.548138,,0.10196338774362482
TIC 139702105 b,TIC 139702105,1,1,Transit,2026,6.83601903383,,88.84021,5.602651e-05,-5.686915e-05,<a refstr=LAFARGA_ET_AL_2026 href=https://ui.adsabs.harvard.edu/abs/2026MNRAS.548ag512L/abstract target=ref>Lafarga et al. 2026</a>,2.45316949,0.29500474,-0.24622913,0.2188575,6.59,,,M-R relationship,<a refstr=CALCULATED_VALUE href=/docs/pscp_calc.html target=_blank>Calculated Value</a>,0.0207,2.45,,,,,,,5742.35,1.25423,0.9,-0.28,0.12025452835710915
TOI-1718 b,TOI-1718,1,1,Transit,2026,5.58703768615,,87.88296,8.45742e-06,-8.96969e-06,<a refstr=LAFARGA_ET_AL_2026 href=https://ui.adsabs.harvard.edu/abs/2026MNRAS.548ag512L/abstract target=ref>Lafarga et al. 2026</a>,4.10824994,0.2740553,-0.2666968,0.36651414,15.8,,,M-R relationship,<a refstr=CALCULATED_VALUE href=/docs/pscp_calc.html target=_blank>Calculated Value</a>,0.0497,1.25,,,,134.155,948.0,,5304.91,0.939285,0.93,0.2,0.0667085265021631
TIC 161045582 b,TIC 161045582,1,1,Transit,2026,8.85577189959,,88.29234,0.00015021456,-0.00015276961,<a refstr=LAFARGA_ET_AL_2026 href=https://ui.adsabs.harvard.edu/abs/2026MNRAS.548ag512L/abstract target=ref>Lafarga et al. 2026</a>,2.24566738,0.25949107,-0.22531238,0.20034537,5.67,,,M-R relationship,<a refstr=CALCULATED_VALUE href=/docs/pscp_calc.html target=_blank>Calculated Value</a>,0.0178,2.75,,,,,,,5683.87,1.07976,1.04,0.188,0.11555187215659693
TOI-1732 b,TOI-1732,1,1,Transit,2026,4.11923678339,,88.22898,2.285536e-05,-2.455742e-05,<a refstr=LAFARGA_ET_AL_2026 href=https://ui.adsabs.harvard.edu/abs/2026MNRAS.548ag512L/abstract target=ref>Lafarga et al. 2026</a>,2.49549787,0.26967151,-0.2253345,0.22263379,6.78,,,M-R relationship,<a refstr=CALCULATED_VALUE href=/docs/pscp_calc.html target=_blank>Calculated Value</a>,0.0213,2.4,,,,44.2458,657.79,,4201.93,0.632571,0.613891,,0.10806320984758044
TOI-5605 b,TOI-5605,1,1,Transit,2026,5.91340454843,,87.82608,5.609577e-05,-5.458853e-05,<a refstr=LAFARGA_ET_AL_2026 href=https://ui.adsabs.harvard.edu/abs/2026MNRAS.548ag512L/abstract target=ref>Lafarga et al. 2026</a>,2.52611303,0.34360463,-0.27750529,0.2253651,6.92,,,M-R relationship,<a refstr=CALCULATED_VALUE href=/docs/pscp_calc.html target=_blank>Calculated Value</a>,0.0218,2.36,,,,33.3499,669.0,,4583.79,0.736044,0.68,-0.0269,0.13602108295209578
TOI-1756 b,TOI-1756,1,1,Transit,2026,2.78301736297,,87.43642,1.534636e-05,-1.651497e-05,<a refstr=LAFARGA_ET_AL_2026 href=https://ui.adsabs.harvard.edu/abs/2026MNRAS.548ag512L/abstract target=ref>Lafarga et al. 2026</a>,1.94225664,0.34679104,-0.20376951,0.17327683,4.43,,,M-R relationship,<a refstr=CALCULATED_VALUE href=/docs/pscp_calc.html target=_blank>Calculated Value</a>,0.0139,3.32,,,,55.5824,696.39,,3891.86,0.562607,0.556454,,0.17855057506715485
TOI-5630 b,TOI-5630,1,1,Transit,2026,3.22118452536,,84.95769,2.398913e-05,-2.834392e-05,<a refstr=LAFARGA_ET_AL_2026 href=https://ui.adsabs.harvard.edu/abs/2026MNRAS.548ag512L/abstract target=ref>Lafarga et al. 2026</a>,2.37117553,0.20543259,-0.18790461,0.21154248,6.22,,,M-R relationship,<a refstr=CALCULATED_VALUE href=/docs/pscp_calc.html target=_blank>Calculated Value</a>,0.0196,2.56,,,,937.884,1541.0,,5385.64,0.933361,0.934,0.135,0.08663744518314931
TIC 206466666 b,TIC 206466666,1,1,Transit,2026,9.10486865159,,88.67499,0.00010126741,-0.00010397531,<a refstr=LAFARGA_ET_AL_2026 href=https://ui.adsabs.harvard.edu/abs/2026MNRAS.548ag512L/abstract target=ref>Lafarga et al. 2026</a>,2.14817673,0.29725335,-0.22779036,0.19164782,5.26,,,M-R relationship,<a refstr=CALCULATED_VALUE href=/docs/pscp_calc.html target=_blank>Calculated Value</a>,0.0165,2.92,,,,,,,4620.3,0.667193,0.76,,0.13837471835941545
TOI-198 b,TOI-198,1,1,Transit,2023,10.215213,0.0675,89.63,1.1e-05,-1e-05,<a refstr=ZAPATERO_OSORIO_ET_AL_2026 href=https://ui.adsabs.harvard.edu/abs/2026A&A...706A.166Z/abstract target=ref>Zapatero Osorio et al. 2026</a>,1.36,0.13,-0.13,0.12133128,3.17,0.64,-0.65,Mass,<a refstr=ZAPATERO_OSORIO_ET_AL_2026 href=https://ui.adsabs.harvard.edu/abs/2026A&A...706A.166Z/abstract target=ref>Zapatero Osorio et al. 2026</a>,0.00997394,6.89,0.15,,,7.2,456.0,M0 V,3801.0,0.418,0.417,-0.66,0.09558823529411764
HATS-34 b,HATS-34,1,1,Transit,2016,2.1061619,0.03165,82.73,1.3e-06,-1.3e-06,<a refstr=LOUDEN__HARTMAN_2021 href=https://ui.adsabs.harvard.edu/abs/2021MNRAS.501.5393L/abstract target=ref>Louden &amp; Hartman 2021</a>,14.36991326,0.71737476,-0.71737476,1.282,302.25481506,15.89142035,-15.89142035,Mass,<a refstr=LOUDEN__HARTMAN_2021 href=https://ui.adsabs.harvard.edu/abs/2021MNRAS.501.5393L/abstract target=ref>Louden &amp; Hartman 2021</a>,0.951,0.558,0.108,,,691.8428,1431.2,,5456.0,0.9381,0.952,0.174,0.04992199653681138
TOI-3894 b,TOI-3894,1,1,Transit,2024,4.33454,0.05354,84.63,2.2e-06,-2.2e-06,<a refstr=SCHULTE_ET_AL__2024 href=https://ui.adsabs.harvard.edu/abs/2024AJ....168...32S/abstract target=ref>Schulte et al. 2024</a>,15.27784069,0.61649394,-0.57165802,1.363,260.61929374,44.49597698,-44.49597698,Mass,<a refstr=SCHULTE_ET_AL__2024 href=https://ui.adsabs.harvard.edu/abs/2024AJ....168...32S/abstract target=ref>Schulte et al. 2024</a>,0.82,0.4,0.05,0.052,-0.035,546.903,1531.0,,5990.0,1.506,1.089,0.01,0.04035216445237066
TOI-5301 b,TOI-5301,1,1,Transit,2024,5.858858,0.073,83.3,1.6e-05,-1.6e-05,<a refstr=SCHULTE_ET_AL__2024 href=https://ui.adsabs.harvard.edu/abs/2024AJ....168...32S/abstract target=ref>Schulte et al. 2024</a>,13.09208946,0.85188253,-0.78462865,1.168,1182.32167404,117.59651059,-117.59651059,Mass,<a refstr=SCHULTE_ET_AL__2024 href=https://ui.adsabs.harvard.edu/abs/2024AJ....168...32S/abstract target=ref>Schulte et al. 2024</a>,3.72,2.88,0.33,0.11,-0.1,429.794,1648.0,,6260.0,2.18,1.507,0.05,0.06506849289433438
NGTS-33 b,NGTS-33,1,1,Transit,2024,2.827972,0.048,83.94,1e-06,-1e-06,<a refstr=ALVES_ET_AL_2025 href=https://ui.adsabs.harvard.edu/abs/2025MNRAS.536.1538A/abstract target=ref>Alves et al. 2025</a>,18.38272835,0.78462865,-0.78462865,1.64,1153.71711741,85.81366989,-85.81366989,Mass,<a refstr=ALVES_ET_AL_2025 href=https://ui.adsabs.harvard.edu/abs/2025MNRAS.536.1538A/abstract target=ref>Alves et al. 2025</a>,3.63,1.0,0.0,,,2620.0,1991.0,,7437.0,1.47,1.6,-0.11,0.04268292687902338
TOI-5926 b,TOI-5926,1,1,Transit,2026,3.81122794237,,87.78678,0.00110913923,-0.00106319117,<a refstr=LAFARGA_ET_AL_2026 href=https://ui.adsabs.harvard.edu/abs/2026MNRAS.548ag512L/abstract target=ref>Lafarga et al. 2026</a>,7.56807148,0.99612024,-0.7289799,0.67517928,44.6,,,M-R relationship,<a refstr=CALCULATED_VALUE href=/docs/pscp_calc.html target=_blank>Calculated Value</a>,0.14,0.565,,,,157.644,987.0,,5388.92,0.890046,0.946,,0.13162141010856307
TIC 290487717 b,TIC 290487717,1,1,Transit,2026,3.400818229,,84.38549,0.00117933024,-0.00144711263,<a refstr=LAFARGA_ET_AL_2026 href=https://ui.adsabs.harvard.edu/abs/2026MNRAS.548ag512L/abstract target=ref>Lafarga et al. 2026</a>,6.63777941,0.74098205,-0.60714227,0.59218403,35.7,,,M-R relationship,<a refstr=CALCULATED_VALUE href=/docs/pscp_calc.html target=_blank>Calculated Value</a>,0.112,0.671,,,,,,,5328.97,0.943767,0.92,0.0959,0.1116310145654569
TOI-672 b,TOI-672,1,1,Transit,2023,3.633581,0.0376,88.0,1e-06,-1e-06,<a refstr=OSBORN_ET_AL_2026 href=https://ui.adsabs.harvard.edu/abs/2026A&A...709A..23O/abstract target=ref>Osborn et al. 2026</a>,5.31,0.24,-0.26,0.47372729,50.9,4.5,-4.4,Mass,<a refstr=OSBORN_ET_AL_2026 href=https://ui.adsabs.harvard.edu/abs/2026A&A...709A..23O/abstract target=ref>Osborn et al. 2026</a>,0.16014931,1.86,0.0,,,39.8,699.5,M0 V,3810.0,0.54,0.54,-0.14,0.048964218455743884
TOI-2071 b,TOI-2071,1,1,Transit,2026,5.67395386982,,88.30859,2.290491e-05,-2.297011e-05,<a refstr=LAFARGA_ET_AL_2026 href=https://ui.adsabs.harvard.edu/abs/2026MNRAS.548ag512L/abstract target=ref>Lafarga et al. 2026</a>,2.56484195,0.22555937,-0.19617115,0.22882027,7.1,,,M-R relationship,<a refstr=CALCULATED_VALUE href=/docs/pscp_calc.html target=_blank>Calculated Value</a>,0.0224,2.31,,,,265.3025,1029.33,,5755.41,1.00286,1.063,0.048,0.08794279507164175
TIC 356227008 b,TIC 356227008,1,1,Transit,2026,2.96147448702,,86.89858,4.870518e-05,-4.01096e-05,<a refstr=LAFARGA_ET_AL_2026 href=https://ui.adsabs.harvard.edu/abs/2026MNRAS.548ag512L/abstract target=ref>Lafarga et al. 2026</a>,2.39024009,0.34361461,-0.27903346,0.21324331,6.3,,,M-R relationship,<a refstr=CALCULATED_VALUE href=/docs/pscp_calc.html target=_blank>Calculated Value</a>,0.0198,2.54,,,,,,,5731.86,0.959792,1.02,,0.1437573620480945
TOI-2518 b,TOI-2518,1,1,Transit,2026,6.89797425216,,87.95748,6.423965e-05,-7.675123e-05,<a refstr=LAFARGA_ET_AL_2026 href=https://ui.adsabs.harvard.edu/abs/2026MNRAS.548ag512L/abstract target=ref>Lafarga et al. 2026</a>,2.26838675,0.26231558,-0.20960264,0.20237226,5.77,,,M-R relationship,<a refstr=CALCULATED_VALUE href=/docs/pscp_calc.html target=_blank>Calculated Value</a>,0.0181,2.72,,,,239.133,1095.0,,5751.2,0.993374,1.11,,0.11563970738235003
TOI-6393 b,TOI-6393,1,1,Transit,2026,9.53176110329,,88.49024,9.775099e-05,-0.00010368657,<a refstr=LAFARGA_ET_AL_2026 href=https://ui.adsabs.harvard.edu/abs/2026MNRAS.548ag512L/abstract target=ref>Lafarga et al. 2026</a>,2.75958542,0.35078393,-0.28229752,0.24619414,8.04,,,M-R relationship,<a refstr=CALCULATED_VALUE href=/docs/pscp_calc.html target=_blank>Calculated Value</a>,0.0253,2.1,,,,39.0679,696.0,,5008.2,0.766023,0.835,,0.12711472073221783
TOI-2654 b,TOI-2654,1,1,Transit,2026,2.96760425926,,87.79259,3.51285e-06,-3.52416e-06,<a refstr=LAFARGA_ET_AL_2026 href=https://ui.adsabs.harvard.edu/abs/2026MNRAS.548ag512L/abstract target=ref>Lafarga et al. 2026</a>,7.94454164,0.56556315,-0.54463645,0.70876575,48.4,,,M-R relationship,<a refstr=CALCULATED_VALUE href=/docs/pscp_calc.html target=_blank>Calculated Value</a>,0.152,0.53,,,,75.0167,819.0,,4594.08,0.756095,0.69,,0.07118889617903747
TOI-6699 b,TOI-6699,1,1,Transit,2026,5.32005926761,,87.96658,0.00024818178,-0.00022921852,<a refstr=LAFARGA_ET_AL_2026 href=https://ui.adsabs.harvard.edu/abs/2026MNRAS.548ag512L/abstract target=ref>Lafarga et al. 2026</a>,2.32645266,0.41117107,-0.37089896,0.20755256,6.02,,,M-R relationship,<a refstr=CALCULATED_VALUE href=/docs/pscp_calc.html target=_blank>Calculated Value</a>,0.0189,2.63,,,,150.91,976.0,,4705.1,0.75309,0.75,,0.176737346548887
TOI-7333 b,TOI-7333,1,1,Transit,2026,6.26449803661,,87.78022,3.333784e-05,-3.04197e-05,<a refstr=LAFARGA_ET_AL_2026 href=https://ui.adsabs.harvard.edu/abs/2026MNRAS.548ag512L/abstract target=ref>Lafarga et al. 2026</a>,2.09469416,0.20576569,-0.17593549,0.18687642,5.04,,,M-R relationship,<a refstr=CALCULATED_VALUE href=/docs/pscp_calc.html target=_blank>Calculated Value</a>,0.0159,3.01,,,,53.9635,755.0,,4586.87,0.666066,0.721,,0.09823185357045154
K2-79 b,K2-79,1,1,Transit,2016,10.995039,0.0987,88.42,1.3e-05,-1.6e-05,<a refstr=PALETHORPE_ET_AL_2026 href=https://ui.adsabs.harvard.edu/abs/2026MNRAS.548ag520P/abstract target=ref>Palethorpe et al. 2026</a>,4.15,0.19,-0.18,0.37023884,5.9,2.6,-2.6,Mass,<a refstr=PALETHORPE_ET_AL_2026 href=https://ui.adsabs.harvard.edu/abs/2026MNRAS.548ag520P/abstract target=ref>Palethorpe et al. 2026</a>,0.01856348,0.476928,0.032,0.057,-0.025,180.0,1033.0,G1,5897.0,1.269,1.06,0.035,0.04578313253012048
TOI-4363 b,TOI-4363,1,1,Transit,2026,2.11867592279,,86.43493,2.511381e-05,-2.376345e-05,<a refstr=LAFARGA_ET_AL_2026 href=https://ui.adsabs.harvard.edu/abs/2026MNRAS.548ag512L/abstract target=ref>Lafarga et al. 2026</a>,1.76689273,0.24906585,-0.23329954,0.15763188,3.77,,,M-R relationship,<a refstr=CALCULATED_VALUE href=/docs/pscp_calc.html target=_blank>Calculated Value</a>,0.0119,3.76,,,,144.7854,884.71,,4278.45,0.69132,0.62,,0.1409626321797136
TOI-3457 b,TOI-3457,1,1,Transit,2026,32.600268,0.2001,88.34,2.8e-05,-3e-05,<a refstr=REA_ET_AL_2026 href=https://ui.adsabs.harvard.edu/abs/2026A&A...711A..86R/abstract target=ref>Rea et al. 2026</a>,10.64,0.25,-0.25,0.949,797.74930157,,,Mass,<a refstr=REA_ET_AL_2026 href=https://ui.adsabs.harvard.edu/abs/2026A&A...711A..86R/abstract target=ref>Rea et al. 2026</a>,2.51,,0.59,,,17.4858,824.2,,6300.0,1.474,1.04,0.28,0.023496240601503758
TOI-6884 b,TOI-6884,1,1,Transit,2026,4.808264,0.0629,82.46,1.5e-05,-1.4e-05,<a refstr=KHANDELWAL_ET_AL_2026 href=https://ui.adsabs.harvard.edu/abs/2026MNRAS.549ag988K/abstract target=ref>Khandelwal et al. 2026</a>,10.39072511,0.57165802,-0.582867,0.927,8365.24367224,311.47183886,-295.58041851,Mass,<a refstr=KHANDELWAL_ET_AL_2026 href=https://ui.adsabs.harvard.edu/abs/2026MNRAS.549ag988K/abstract target=ref>Khandelwal et al. 2026</a>,26.32,41.0,0.067,0.01,-0.012,1230.0,1652.0,,6330.0,1.84,1.41,0.094,0.056094930221862065
TOI-4602.01,TOI-4602,1,1,Transit,2024,3.9812999,0.04747,88.93,4.7e-06,-4.8e-06,<a refstr=DI_MAIO_ET_AL_2026 href=https://ui.adsabs.harvard.edu/abs/2026A&A...709A.270D/abstract target=ref>Di Maio et al. 2026</a>,2.45,0.23,-0.23,0.219,5.53,0.93,-0.94,Mass,<a refstr=DI_MAIO_ET_AL_2026 href=https://ui.adsabs.harvard.edu/abs/2026A&A...709A.270D/abstract target=ref>Di Maio et al. 2026</a>,0.0174,2.18,0.0,,,664.0,1344.0,G5,5966.0,1.08,0.9,-0.26,0.09387755102040816
TOI-3664 b,TOI-3664,1,1,Transit,2026,3.2974839,0.0431,87.8,4.1e-06,-4.1e-06,<a refstr=BATTLEY_ET_AL_2026 href=https://ui.adsabs.harvard.edu/abs/2026MNRAS.549g1053B/abstract target=ref>Battley et al. 2026</a>,13.69737442,0.33626942,-0.33626942,1.222,114.41822652,38.13940884,-38.13940884,Mass,<a refstr=BATTLEY_ET_AL_2026 href=https://ui.adsabs.harvard.edu/abs/2026MNRAS.549g1053B/abstract target=ref>Battley et al. 2026</a>,0.36,0.248,0.159,0.074,-0.074,349.544,1232.0,,5593.0,1.11,0.98,0.17,0.024549918085688134
TOI-4034 b,TOI-4034,1,1,Transit,2026,1.8020932,0.03289,80.76,1.2e-06,-1.2e-06,<a refstr=BATTLEY_ET_AL_2026 href=https://ui.adsabs.harvard.edu/abs/2026MNRAS.549g1053B/abstract target=ref>Battley et al. 2026</a>,17.71018951,0.22417961,-0.22417961,1.58,276.51071409,50.85254512,-50.85254512,Mass,<a refstr=BATTLEY_ET_AL_2026 href=https://ui.adsabs.harvard.edu/abs/2026MNRAS.549g1053B/abstract target=ref>Battley et al. 2026</a>,0.87,0.275,0.0,,,1870.78,1907.0,,5891.0,1.83,1.19,0.12,0.012658227619383617
TIC 52059926 b,TIC 52059926,1,1,Transit,2026,175.532,0.553,89.685,0.097,-0.097,<a refstr=SUBJAK_ET_AL_2026 href=https://ui.adsabs.harvard.edu/abs/2026A&A...709A.130S/abstract target=ref>&Scaron;ubjak et al. 2026</a>,10.71,0.52,-0.57,0.955,5380.0,390.0,-370.0,Mass,<a refstr=SUBJAK_ET_AL_2026 href=https://ui.adsabs.harvard.edu/abs/2026A&A...709A.130S/abstract target=ref>&Scaron;ubjak et al. 2026</a>,16.9,24.1,0.51,0.026,-0.026,4.4802,229.6,K4.5 V,4505.0,0.72,0.73,-0.08,0.053221288515406154
TOI-4427 b,TOI-4427,1,1,Transit,2026,4.6182621,0.05389,87.4,1.7e-06,-1.7e-06,<a refstr=GUENTHER_ET_AL_2026 href=https://ui.adsabs.harvard.edu/abs/2026AJ....172...54G/abstract target=ref>Guenther et al. 2026</a>,13.09208946,0.31385146,-0.31385146,1.168,87.72064033,12.39530787,-13.03096469,Mass,<a refstr=GUENTHER_ET_AL_2026 href=https://ui.adsabs.harvard.edu/abs/2026AJ....172...54G/abstract target=ref>Guenther et al. 2026</a>,0.276,0.214,0.074,0.077,-0.052,195.0,1040.0,,5347.0,0.89,0.9,0.002,0.023972602765884247
TOI-2049 b,TOI-2049,1,1,Transit,2026,5.303468,0.06919,78.85,5e-05,-4.8e-05,<a refstr=GUENTHER_ET_AL_2026 href=https://ui.adsabs.harvard.edu/abs/2026AJ....172...54G/abstract target=ref>Guenther et al. 2026</a>,16.64533634,0.79583763,-0.75100171,1.485,486.27746271,57.20911326,-57.20911326,Mass,<a refstr=GUENTHER_ET_AL_2026 href=https://ui.adsabs.harvard.edu/abs/2026AJ....172...54G/abstract target=ref>Guenther et al. 2026</a>,1.53,0.578,0.054,0.068,-0.038,2032.0,1869.0,,6164.0,3.2,1.57,0.311,0.047811447828034696
TOI-4458 b,TOI-4458,1,1,Transit,2026,3.9393792,0.0522,89.46,1.8e-06,-1.8e-06,<a refstr=GUENTHER_ET_AL_2026 href=https://ui.adsabs.harvard.edu/abs/2026AJ....172...54G/abstract target=ref>Guenther et al. 2026</a>,12.40834163,0.25780656,-0.25780656,1.107,552.06794296,30.19369866,-30.19369866,Mass,<a refstr=GUENTHER_ET_AL_2026 href=https://ui.adsabs.harvard.edu/abs/2026AJ....172...54G/abstract target=ref>Guenther et al. 2026</a>,1.737,1.59,0.03,0.024,-0.02,1595.0,1759.0,,6151.0,1.96,1.47,0.17,0.02077687475792041
TOI-159 b,TOI-159,2,1,Transit,2026,3.7628396,0.056,88.5,3e-07,-3e-07,<a refstr=MANTOVAN_ET_AL_2026 href=https://ui.adsabs.harvard.edu/abs/2026A&A...711A.107M/abstract target=ref>Mantovan et al. 2026</a>,18.18,0.16,-0.16,1.622,1110.0,79.0,-84.0,Mass,<a refstr=MANTOVAN_ET_AL_2026 href=https://ui.adsabs.harvard.edu/abs/2026A&A...711A.107M/abstract target=ref>Mantovan et al. 2026</a>,3.49,1.02,0.24,0.03,-0.04,1797.8272,1891.0,F0 V,7287.0,1.62,1.661,0.3,0.0088008800880088
COCONUTS-2 b,COCONUTS-2 A,1,1,Imaging,2021,402000000.0,7506.0,,470000000.0,-100000000.0,<a refstr=ZHANG_ET_AL__2021 href=https://ui.adsabs.harvard.edu/abs/2021ApJ...916L..11Z/abstract target=ref>Zhang et al. 2021</a>,12.57647635,0.0560449,-0.04483592,1.122,2383.7130525,127.1313628,-127.1313628,Mass,<a refstr=KIMAN_ET_AL_2026 href=https://ui.adsabs.harvard.edu/abs/2026AJ....171...60K/abstract target=ref>Kiman et al. 2026</a>,7.5,6.58,,,,0.0,493.0,M3 V,3552.0,0.366,0.4,0.0,0.004456327705812447
TOI-1710 b,TOI-1710,2,1,Transit,2022,24.28336,0.1652,90.01,1e-05,-1e-05,<a refstr=ESPINOZA_RETAMAL_ET_AL_2026 href=https://ui.adsabs.harvard.edu/abs/2026ApJ..1005L..15E/abstract target=ref>Espinoza-Retamal et al. 2026</a>,5.06,0.06,-0.06,0.45142374,19.1,2.3,-2.3,Mass,<a refstr=ESPINOZA_RETAMAL_ET_AL_2026 href=https://ui.adsabs.harvard.edu/abs/2026ApJ..1005L..15E/abstract target=ref>Espinoza-Retamal et al. 2026</a>,0.06009532,0.8,0.05,0.04,-0.02,33.0,602.99,G5 V,5775.0,0.93,1.02,0.04,0.011857707509881424
K2-370 b,K2-370,1,1,Transit,2022,2.1408093,0.0321,84.44,1.2e-06,-1.2e-06,<a refstr=SOZZETTI_ET_AL_2024 href=https://ui.adsabs.harvard.edu/abs/2024MNRAS.535..531S/abstract target=ref>Sozzetti et al. 2024</a>,2.67,0.05,-0.05,0.23820186,11.1,1.5,-1.4,Mass,<a refstr=SOZZETTI_ET_AL_2024 href=https://ui.adsabs.harvard.edu/abs/2024MNRAS.535..531S/abstract target=ref>Sozzetti et al. 2024</a>,0.03492451,3.2,0.0,,,428.205,1267.0,G5 V,5662.0,0.945,0.962,0.08,0.018726591760299626
Kepler-484 b,Kepler-484,1,1,Transit,2016,10.045569313,0.09036,89.82,7.196e-06,-7.196e-06,<a refstr=MORTON_ET_AL__2016 href=https://ui.adsabs.harvard.edu/abs/2016ApJ...822...86M/abstract target=ref>Morton et al. 2016</a>,2.28,0.07,-0.05,0.20340798,5.82,,,M-R relationship,<a refstr=CALCULATED_VALUE href=/docs/pscp_calc.html target=_blank>Calculated Value</a>,0.0183,2.7,0.0,,,90.629,766.0,,5668.0,0.87,0.96,-0.1,0.030701754385964918
TOI-2147 b,TOI-2147,1,1,Transit,2026,26.20518,0.172,89.3,3e-05,-3e-05,<a refstr=THOMAS_ET_AL_2026 href=https://ui.adsabs.harvard.edu/abs/2026arXiv260620224T/abstract target=ref>Thomas et al. 2026</a>,10.5,0.3,-0.3,0.93674887,116.0,22.0,-22.0,Mass,<a refstr=THOMAS_ET_AL_2026 href=https://ui.adsabs.harvard.edu/abs/2026arXiv260620224T/abstract target=ref>Thomas et al. 2026</a>,0.36497682,0.55,0.29,0.07,-0.07,68.2928,820.0,,5983.0,1.39,0.99,-0.29,0.02857142857142857
TOI-6019 b,TOI-6019,1,1,Transit,2026,14.547952,0.1212,86.8,3.6e-05,-3.5e-05,<a refstr=THOMAS_ET_AL_2026 href=https://ui.adsabs.harvard.edu/abs/2026arXiv260620224T/abstract target=ref>Thomas et al. 2026</a>,12.3,0.3,-0.3,1.09733439,149.0,15.0,-15.0,Mass,<a refstr=THOMAS_ET_AL_2026 href=https://ui.adsabs.harvard.edu/abs/2026arXiv260620224T/abstract target=ref>Thomas et al. 2026</a>,0.46880643,0.44,0.48,0.04,-0.04,249.6501,1095.0,,5561.0,2.02,1.13,0.04,0.024390243902439022
Kepler-1367 b,Kepler-1367,1,1,Transit,2016,1.574090272,0.0236,89.48,5.238e-06,-5.238e-06,<a refstr=MORTON_ET_AL__2016 href=https://ui.adsabs.harvard.edu/abs/2016ApJ...822...86M/abstract target=ref>Morton et al. 2016</a>,0.92,0.07,-0.08,0.0820769,0.721,,,M-R relationship,<a refstr=CALCULATED_VALUE href=/docs/pscp_calc.html target=_blank>Calculated Value</a>,0.00227,5.09,0.0,,,225.233,998.0,,4106.0,0.6,0.62,-0.06,0.08695652173913043
Kepler-482 b,Kepler-482,1,1,Transit,2016,56.35418576,0.25787,89.37,9.371e-05,-9.371e-05,<a refstr=MORTON_ET_AL__2016 href=https://ui.adsabs.harvard.edu/abs/2016ApJ...822...86M/abstract target=ref>Morton et al. 2016</a>,2.36,0.37,-0.14,0.2105451,6.17,,,M-R relationship,<a refstr=CALCULATED_VALUE href=/docs/pscp_calc.html target=_blank>Calculated Value</a>,0.0194,2.58,0.0,,,4.436,352.0,,4871.0,0.72,0.75,-0.13,0.15677966101694915
K2-177 b,K2-177,1,1,Transit,2018,14.155185,,87.21955,0.00315,-0.002965,<a refstr=MAYO_ET_AL__2018 href=https://ui.adsabs.harvard.edu/abs/2018AJ....155..136M/abstract target=ref>Mayo et al. 2018</a>,2.1162048,0.28262597,-0.15917785,0.18879515,5.13,,,M-R relationship,<a refstr=CALCULATED_VALUE href=/docs/pscp_calc.html target=_blank>Calculated Value</a>,0.0161,2.97,,,,,,,6063.0,1.213565,1.210525,0.41,0.13355322225901764
K2-263 b,K2-263,1,1,Transit,2018,50.819172,0.2573,89.271,6.6e-05,-6.8e-05,<a refstr=PALETHORPE_ET_AL_2026 href=https://ui.adsabs.harvard.edu/abs/2026MNRAS.548ag520P/abstract target=ref>Palethorpe et al. 2026</a>,2.513,0.11,-0.095,0.22419523,15.4,2.4,-2.5,Mass,<a refstr=PALETHORPE_ET_AL_2026 href=https://ui.adsabs.harvard.edu/abs/2026MNRAS.548ag520P/abstract target=ref>Palethorpe et al. 2026</a>,0.04845382,5.650354,0.08,0.089,-0.057,8.17,482.0,G9 V,5368.0,0.85,0.88,-0.08,0.043772383605252686
K2-186 b,K2-186,1,1,Transit,2018,41.474219,,89.52426,0.003288,-0.004316,<a refstr=MAYO_ET_AL__2018 href=https://ui.adsabs.harvard.edu/abs/2018AJ....155..136M/abstract target=ref>Mayo et al. 2018</a>,3.17207779,0.26358217,-0.1628819,0.28299383,10.2,,,M-R relationship,<a refstr=CALCULATED_VALUE href=/docs/pscp_calc.html target=_blank>Calculated Value</a>,0.0321,1.76,,,,,,,5784.0,0.98083,1.018617,0.06,0.08309448489281847
K2-280 b,K2-280,1,1,Transit,2018,19.89526,0.1461,89.53,0.00028,-0.00028,<a refstr=NOWAK_ET_AL__2020 href=https://ui.adsabs.harvard.edu/abs/2020MNRAS.497.4423N/abstract target=ref>Nowak et al. 2020</a>,7.5,0.44,-0.44,0.66910634,37.1,5.6,-5.6,Mass,<a refstr=NOWAK_ET_AL__2020 href=https://ui.adsabs.harvard.edu/abs/2020MNRAS.497.4423N/abstract target=ref>Nowak et al. 2020</a>,0.11672965,0.48,0.35,0.05,-0.04,69.5,787.0,,5500.0,1.28,1.03,0.33,0.058666666666666666
K2-222 b,K2-222,1,1,Transit,2018,15.3889274,0.1186,88.91,9.9e-06,-1.1e-05,<a refstr=PALETHORPE_ET_AL_2026 href=https://ui.adsabs.harvard.edu/abs/2026MNRAS.548ag520P/abstract target=ref>Palethorpe et al. 2026</a>,2.275,0.1,-0.1,0.20296226,7.5,1.5,-1.5,Mass,<a refstr=PALETHORPE_ET_AL_2026 href=https://ui.adsabs.harvard.edu/abs/2026MNRAS.548ag520P/abstract target=ref>Palethorpe et al. 2026</a>,0.02359764,3.721139,0.021,0.051,-0.017,95.0,803.0,G0,5942.0,1.072,0.94,-0.315,0.04395604395604396
K2-220 b,K2-220,1,1,Transit,2018,13.68186,0.1104,88.88347,0.00095,-0.00095,<a refstr=HOWARD_ET_AL__2025 href=https://ui.adsabs.harvard.edu/abs/2025ApJS..278...52H/abstract target=ref>Howard et al. 2025</a>,2.37,0.14,-0.07,0.2114376,6.21,,,M-R relationship,<a refstr=CALCULATED_VALUE href=/docs/pscp_calc.html target=_blank>Calculated Value</a>,0.0195,2.56,,,,79.7,761.0,,5612.0,1.026,0.91,-0.05,0.05907172995780591
Kepler-491 b,Kepler-491,1,1,Transit,2016,4.225384512,0.05191,89.66,2.68e-07,-2.68e-07,<a refstr=MORTON_ET_AL__2016 href=https://ui.adsabs.harvard.edu/abs/2016ApJ...822...86M/abstract target=ref>Morton et al. 2016</a>,8.92,0.8,-0.51,0.7957891,59.0,,,M-R relationship,<a refstr=CALCULATED_VALUE href=/docs/pscp_calc.html target=_blank>Calculated Value</a>,0.186,0.457,0.0,,,312.514,1111.0,,5582.0,1.03,1.04,0.37,0.08968609865470853
K2-176 b,K2-176,1,1,Transit,2018,5.329439,,88.06252,0.00061,-0.000709,<a refstr=MAYO_ET_AL__2018 href=https://ui.adsabs.harvard.edu/abs/2018AJ....155..136M/abstract target=ref>Mayo et al. 2018</a>,1.49090097,0.12341971,-0.09253438,0.13300928,2.83,,,M-R relationship,<a refstr=CALCULATED_VALUE href=/docs/pscp_calc.html target=_blank>Calculated Value</a>,0.0089,4.69,,,,,,,5428.0,0.86416,0.938545,0.15,0.08278196371419626
CoRoT-4 b,CoRoT-4,1,1,Transit,2008,9.20205,0.09,90.0,0.00037,-0.00037,<a refstr=MOUTOU_ET_AL__2008 href=https://ui.adsabs.harvard.edu/abs/2008A&A...488L..47M/abstract target=ref> Moutou et al. 2008 </a>,13.34,0.67,-0.56,1.19,228.83,25.43,-25.43,Mass,<a refstr=MOUTOU_ET_AL__2008 href=https://ui.adsabs.harvard.edu/abs/2008A&A...488L..47M/abstract target=ref> Moutou et al. 2008 </a>,0.72,0.525,0.0,0.1,-0.1,203.9517,1074.0,,6190.0,1.17,1.16,0.05,0.05022488755622189
K2-226 b,K2-226,1,1,Transit,2018,3.27109,0.04095,87.6,0.00036,-0.00039,<a refstr=THYGESEN_ET_AL__2023 href=https://ui.adsabs.harvard.edu/abs/2023AJ....165..155T/abstract target=ref>Thygesen et al. 2023</a>,1.53899305,0.10312262,-0.08630915,0.1373,2.98,,,M-R relationship,<a refstr=CALCULATED_VALUE href=/docs/pscp_calc.html target=_blank>Calculated Value</a>,0.00939,4.49,0.22,0.37,-0.16,332.7564,1187.0,,5288.0,0.889,0.856,-0.05,0.06700655340841208
2MASS J12073346-3932539 b,2MASS J12073346-3932539,1,1,Imaging,2004,,46.0,,,,,15.69257298,0.33626942,-0.44835923,1.4,1652.7077164,190.6970442,-222.4798849,Mass,<a refstr=ZHANG_ET_AL_2025 href=https://ui.adsabs.harvard.edu/abs/2025AJ....170...64Z/abstract target=ref>Zhang et al. 2025</a>,5.2,2.35,,,,0.0,1163.0,M8,2825.0,0.21887,0.188001,,0.028571428698877396
Kepler-752 b,Kepler-752,1,1,Transit,2016,18.82747265,0.1353,89.96,8.811e-05,-8.811e-05,<a refstr=MORTON_ET_AL__2016 href=https://ui.adsabs.harvard.edu/abs/2016ApJ...822...86M/abstract target=ref>Morton et al. 2016</a>,2.81,0.26,-0.21,0.25069141,8.3,,,M-R relationship,<a refstr=CALCULATED_VALUE href=/docs/pscp_calc.html target=_blank>Calculated Value</a>,0.0261,2.06,0.0,,,45.278,632.0,,5373.0,0.83,0.87,-0.08,0.09252669039145908
CoRoT-9 b,CoRoT-9,2,1,Transit,2009,95.272656,0.4021,89.9,6.8e-05,-6.8e-05,<a refstr=BONOMO_ET_AL__2017 href=https://ui.adsabs.harvard.edu/abs/2017A&A...603A..43B/abstract target=ref>Bonomo et al. 2017</a>,11.948794,0.840675,-0.706167,1.066,266.9772,15.8915,-15.8915,Mass,<a refstr=BONOMO_ET_AL__2017 href=https://ui.adsabs.harvard.edu/abs/2017A&A...603A..43B/abstract target=ref>Bonomo et al. 2017</a>,0.84,0.86,0.133,0.042,-0.037,3.444,420.0,G3 V,5625.0,0.96,0.96,-0.01,0.07035647279549719
K2-334 b,K2-334,1,1,Transit,2021,5.113981,,88.58,6.1e-05,-6.2e-05,<a refstr=DE_LEON_ET_AL_2021 href=https://ui.adsabs.harvard.edu/abs/2021MNRAS.508..195D/abstract target=ref>de Leon et al. 2021</a>,5.65,0.36,-0.28,0.50406011,27.2,,,M-R relationship,<a refstr=CALCULATED_VALUE href=/docs/pscp_calc.html target=_blank>Calculated Value</a>,0.0854,0.829,,,,832.2294,1380.0,,6502.0,1.49,1.36,0.17,0.06371681415929203
K2-379 b,K2-379,1,1,Transit,2022,8.777247,,,0.000625,-0.000611,<a refstr=CHRISTIANSEN_ET_AL_2022 href=https://ui.adsabs.harvard.edu/abs/2022AJ....163..244C/abstract target=ref>Christiansen et al. 2022</a>,2.181,0.363,-0.198,0.19457612,5.4,,,M-R relationship,<a refstr=CALCULATED_VALUE href=/docs/pscp_calc.html target=_blank>Calculated Value</a>,0.017,2.86,,,,,,,4603.0,0.751,0.856,-0.045,0.16643741403026133
K2-202 b,K2-202,1,1,Transit,2018,3.405164,,87.67245,0.000126,-0.000121,<a refstr=MAYO_ET_AL__2018 href=https://ui.adsabs.harvard.edu/abs/2018AJ....155..136M/abstract target=ref>Mayo et al. 2018</a>,2.30165603,0.18443149,-0.12920215,0.20534,5.91,,,M-R relationship,<a refstr=CALCULATED_VALUE href=/docs/pscp_calc.html target=_blank>Calculated Value</a>,0.0186,2.66,,,,,,,5491.0,0.910685,0.971461,0.27,0.08012990976762066
K2-342 b,K2-342,1,1,Transit,2021,11.561052,,,0.00069,-0.000668,<a refstr=DE_LEON_ET_AL_2021 href=https://ui.adsabs.harvard.edu/abs/2021MNRAS.508..195D/abstract target=ref>de Leon et al. 2021</a>,2.03,0.13,-0.09,0.18110478,4.78,,,M-R relationship,<a refstr=CALCULATED_VALUE href=/docs/pscp_calc.html target=_blank>Calculated Value</a>,0.015,3.14,,,,,861.0,,5920.0,1.09,1.01,-0.06,0.06403940886699508
K2-204 b,K2-204,1,1,Transit,2018,7.055908,0.0738,88.76,5.8e-05,-7.4e-05,<a refstr=THYGESEN_ET_AL__2023 href=https://ui.adsabs.harvard.edu/abs/2023AJ....165..155T/abstract target=ref>Thygesen et al. 2023</a>,3.17214154,0.17934369,-0.15692573,0.283,10.2,,,M-R relationship,<a refstr=CALCULATED_VALUE href=/docs/pscp_calc.html target=_blank>Calculated Value</a>,0.0321,1.76,0.28,0.37,-0.19,290.0978,1148.0,,5783.0,1.253,1.076,0.21,0.05653710206134118
K2-205 b,K2-205,1,1,Transit,2018,26.672263,,89.09695,0.00416,-0.003676,<a refstr=MAYO_ET_AL__2018 href=https://ui.adsabs.harvard.edu/abs/2018AJ....155..136M/abstract target=ref>Mayo et al. 2018</a>,1.99552771,0.26954694,-0.23149515,0.17802906,4.64,,,M-R relationship,<a refstr=CALCULATED_VALUE href=/docs/pscp_calc.html target=_blank>Calculated Value</a>,0.0146,3.21,,,,,,,5890.0,1.077574,0.951027,-0.26,0.13507551844519364
Kepler-8 b,Kepler-8,1,1,Transit,2010,3.5224991,0.0474,83.978,7e-07,-7e-07,<a refstr=ESTEVES_ET_AL__2015 href=https://ui.adsabs.harvard.edu/abs/2015ApJ...804..150E/abstract target=ref>Esteves et al. 2015</a>,15.871944,0.594077,-0.694958,1.416,187.5197,41.3179,-38.1396,Mass,<a refstr=ESTEVES_ET_AL__2015 href=https://ui.adsabs.harvard.edu/abs/2015ApJ...804..150E/abstract target=ref>Esteves et al. 2015</a>,0.59,0.27,0.0,,,1444.881,1680.0,,6213.0,1.486,1.213,-0.055,0.043785310734463276
K2-209 b,K2-209,1,1,Transit,2018,2.080615,,86.23126,0.000134,-0.00013,<a refstr=MAYO_ET_AL__2018 href=https://ui.adsabs.harvard.edu/abs/2018AJ....155..136M/abstract target=ref>Mayo et al. 2018</a>,0.86850263,0.10481089,-0.06222638,0.07748261,0.586,,,M-R relationship,<a refstr=CALCULATED_VALUE href=/docs/pscp_calc.html target=_blank>Calculated Value</a>,0.00184,4.92,,,,,,,4720.0,0.712365,0.74479,-0.06,0.12067999149294459
K2-211 b,K2-211,1,1,Transit,2018,0.669561,0.01419,84.1,3.1e-05,-3.2e-05,<a refstr=THYGESEN_ET_AL__2023 href=https://ui.adsabs.harvard.edu/abs/2023AJ....165..155T/abstract target=ref>Thygesen et al. 2023</a>,1.33162691,0.08743005,-0.07173748,0.1188,2.33,,,M-R relationship,<a refstr=CALCULATED_VALUE href=/docs/pscp_calc.html target=_blank>Calculated Value</a>,0.00735,5.42,0.19,0.3,-0.14,2056.0589,1873.0,,5117.0,0.818,0.851,0.134,0.06565656592205694
K2-394 b,K2-394,1,1,Transit,2022,5.095717,,,0.000115,-0.000115,<a refstr=CHRISTIANSEN_ET_AL_2022 href=https://ui.adsabs.harvard.edu/abs/2022AJ....163..244C/abstract target=ref>Christiansen et al. 2022</a>,1.692,0.136,-0.126,0.15095039,3.51,,,M-R relationship,<a refstr=CALCULATED_VALUE href=/docs/pscp_calc.html target=_blank>Calculated Value</a>,0.011,3.98,,,,28.5068,643.0,,4938.0,0.631,0.478,-0.388,0.08037825059101655
CoRoT-19 b,CoRoT-19,1,1,Transit,2011,3.89713,0.0518,88.0,2e-05,-2e-05,<a refstr=GUENTHER_ET_AL__2012 href=https://ui.adsabs.harvard.edu/abs/2012A%26A...537A.136G/abstract target=ref> Guenther et al. 2012 </a>,14.46,0.34,-0.34,1.29,352.78,19.07,-19.07,Mass,<a refstr=GUENTHER_ET_AL__2012 href=https://ui.adsabs.harvard.edu/abs/2012A%26A...537A.136G/abstract target=ref> Guenther et al. 2012 </a>,1.11,0.71,0.047,0.045,-0.045,1103.809,2000.0,F9 V,6090.0,1.65,1.21,-0.02,0.02351313969571231
HAT-P-31 b,HAT-P-31,1,1,Transit,2011,5.00542,0.061,87.1,9.1e-05,-9.1e-05,<a refstr=STASSUN_ET_AL__2017 href=https://ui.adsabs.harvard.edu/abs/2017AJ....153..136S/abstract target=ref>Stassun et al. 2017</a>,12.21781,1.68135,-1.68135,1.09,721.4741,266.9772,-266.9772,Mass,<a refstr=STASSUN_ET_AL__2017 href=https://ui.adsabs.harvard.edu/abs/2017AJ....153..136S/abstract target=ref>Stassun et al. 2017</a>,2.27,2.18,0.25,0.0,0.0,746.9025,1450.0,,6065.0,1.39,1.31,0.15,0.13761467889908255
HAT-P-35 b,HAT-P-35,3,1,Transit,2011,3.646706,0.04978,87.3,2.1e-05,-2.1e-05,<a refstr=BONOMO_ET_AL__2017 href=https://ui.adsabs.harvard.edu/abs/2017A&A...602A.107B/abstract target=ref>Bonomo et al. 2017</a>,14.930388,1.098482,-1.098482,1.332,335.62848,10.48839,-10.48839,Mass,<a refstr=BONOMO_ET_AL__2017 href=https://ui.adsabs.harvard.edu/abs/2017A&A...602A.107B/abstract target=ref>Bonomo et al. 2017</a>,1.056,0.55,0.02,,,999.6688,1581.0,,6096.0,1.435,1.236,0.11,0.07357357357357357
GQ Lup b,GQ Lup,1,1,Imaging,2004,,100.0,,,,,33.6,5.6,-5.6,3.0,6356.0,,,Mass,<a refstr=NEUHAEUSER_ET_AL__2008 href=https://ui.adsabs.harvard.edu/abs/2008A%26A...484..281N/abstract target=ref> Neuh&auml;user et al. 2008 </a>,20.0,0.921,,,,0.0001,2650.0,K7e V,4360.0,1.94153,0.7,-0.35,0.16666666666666666
Kepler-744 b,Kepler-744,1,1,Transit,2016,12.06222443,0.09735,89.47,2.649e-05,-2.649e-05,<a refstr=MORTON_ET_AL__2016 href=https://ui.adsabs.harvard.edu/abs/2016ApJ...822...86M/abstract target=ref>Morton et al. 2016</a>,1.62,0.12,-0.09,0.14452672,3.26,,,M-R relationship,<a refstr=CALCULATED_VALUE href=/docs/pscp_calc.html target=_blank>Calculated Value</a>,0.0102,4.21,0.0,,,62.955,750.0,,5594.0,0.93,0.94,0.0,0.07407407407407407
HAT-P-15 b,HAT-P-15,1,1,Transit,2010,10.8635,0.0965,89.1,2.7e-05,-2.7e-05,<a refstr=STASSUN_ET_AL__2017 href=https://ui.adsabs.harvard.edu/abs/2017AJ....153..136S/abstract target=ref>Stassun et al. 2017</a>,11.88154,0.78463,-0.78463,1.06,616.5902,95.349,-95.349,Mass,<a refstr=STASSUN_ET_AL__2017 href=https://ui.adsabs.harvard.edu/abs/2017AJ....153..136S/abstract target=ref>Stassun et al. 2017</a>,1.94,1.96,0.19,0.02,-0.02,79.7578,904.0,G5,5568.0,1.07,1.0,0.22,0.06603773584905662
HAT-P-16 b,HAT-P-16,3,1,Transit,2010,2.77596727,0.0413,88.4,9e-08,-9e-08,<a refstr=YALCINKAYA_ET_AL_2024 href=https://ui.adsabs.harvard.edu/abs/2024MNRAS.530.2475Y/abstract target=ref>Yal&ccedil;&#x131;nkaya et al. 2024</a>,14.68376472,0.67253884,-0.67253884,1.31,1341.56043,29.24036,-29.24036,Mass,<a refstr=BONOMO_ET_AL__2017 href=https://ui.adsabs.harvard.edu/abs/2017A&A...602A.107B/abstract target=ref>Bonomo et al. 2017</a>,4.221,2.479989,0.0462,0.0027,-0.0024,1597.59,1566.0,F8,6140.0,1.158,1.218,0.17,0.045801526571994815
Kepler-764 b,Kepler-764,1,1,Transit,2016,7.33683936,0.0724,89.93,3.735e-05,-3.735e-05,<a refstr=MORTON_ET_AL__2016 href=https://ui.adsabs.harvard.edu/abs/2016ApJ...822...86M/abstract target=ref>Morton et al. 2016</a>,1.64,0.2,-0.13,0.146311,3.33,,,M-R relationship,<a refstr=CALCULATED_VALUE href=/docs/pscp_calc.html target=_blank>Calculated Value</a>,0.0105,4.15,0.0,,,160.457,875.0,,5557.0,0.89,0.92,-0.06,0.12195121951219513
HAT-P-21 b,HAT-P-21,1,1,Transit,2010,4.12448,0.05037,87.2,7e-06,-7e-06,<a refstr=STASSUN_ET_AL__2017 href=https://ui.adsabs.harvard.edu/abs/2017AJ....153..136S/abstract target=ref>Stassun et al. 2017</a>,12.44199,1.79344,-1.79344,1.11,1547.8321,498.9931,-498.9931,Mass,<a refstr=STASSUN_ET_AL__2017 href=https://ui.adsabs.harvard.edu/abs/2017AJ....153..136S/abstract target=ref>Stassun et al. 2017</a>,4.87,3.633781,0.23,0.02,-0.02,459.542,1367.0,G3,5588.0,1.21,1.24,0.01,0.14414414414414414
TrES-3 b,TrES-3,1,1,Transit,2007,1.30618581,0.02282,81.85,,,<a refstr=SOZZETTI_ET_AL__2009 href=https://ui.adsabs.harvard.edu/abs/2009ApJ...691.1145S/abstract target=ref> Sozzetti et al. 2009 </a>,14.975,0.347,-0.415,1.336,607.03,23.836,-25.425,Mass,<a refstr=SOZZETTI_ET_AL__2009 href=https://ui.adsabs.harvard.edu/abs/2009ApJ...691.1145S/abstract target=ref> Sozzetti et al. 2009 </a>,1.91,0.994,0.0,,,1025.5022,1638.0,G4 V,5650.0,0.829,0.928,-0.19,0.027712854757929884
WASP-50 b,WASP-50,1,1,Transit,2011,1.9551,0.0293,84.88,5e-06,-5e-06,<a refstr=CHAKRABARTY__AMP__SENGUPTA_2019 href=https://ui.adsabs.harvard.edu/abs/2019AJ....158...39C/abstract target=ref>Chakrabarty &amp; Sengupta 2019</a>,13.069694,0.481987,-0.481987,1.166,466.828704,29.24036,-29.24036,Mass,<a refstr=CHAKRABARTY__AMP__SENGUPTA_2019 href=https://ui.adsabs.harvard.edu/abs/2019AJ....158...39C/abstract target=ref>Chakrabarty &amp; Sengupta 2019</a>,1.4688,1.325,0.009,0.011,-0.006,690.3398,1394.84,,5400.0,0.843,0.892,-0.12,0.03687821612349914
HD 97658 b,HD 97658,1,1,Radial Velocity,2010,9.4897116,0.0805,89.05,8e-07,-8e-07,<a refstr=ELLIS_ET_AL__2021 href=https://ui.adsabs.harvard.edu/abs/2021AJ....162..118E/abstract target=ref>Ellis et al. 2021</a>,2.12,0.06,-0.06,0.18913406,8.3,1.1,-1.1,Mass,<a refstr=ELLIS_ET_AL__2021 href=https://ui.adsabs.harvard.edu/abs/2021AJ....162..118E/abstract target=ref>Ellis et al. 2021</a>,0.02611472,4.8,0.05,0.04,-0.03,41.924,751.0,K1 V,5212.0,0.728,0.85,-0.23,0.028301886792452827
WASP-10 b,WASP-10,1,1,Transit,2008,3.0927616,0.03781,88.49,1.12e-05,-1.12e-05,<a refstr=JOHNSON_ET_AL__2009 href=https://ui.adsabs.harvard.edu/abs/2009ApJ...692L.100J/abstract target=ref> Johnson et al. 2009 </a>,12.106,0.224,-0.224,1.08,1001.12,41.32,-34.96,Mass,<a refstr=JOHNSON_ET_AL__2009 href=https://ui.adsabs.harvard.edu/abs/2009ApJ...692L.100J/abstract target=ref> Johnson et al. 2009 </a>,3.15,4.14,0.0473,0.0034,-0.0029,174.0323,1370.0,K5 V,4675.0,0.698,0.75,0.03,0.018503221543036512
WASP-16 b,WASP-16,1,1,Transit,2009,3.1186,0.0415,85.22,1.4e-05,-1.4e-05,<a refstr=STASSUN_ET_AL__2017 href=https://ui.adsabs.harvard.edu/abs/2017AJ....153..136S/abstract target=ref>Stassun et al. 2017</a>,13.67498,1.1209,-1.1209,1.22,394.1092,79.4575,-79.4575,Mass,<a refstr=STASSUN_ET_AL__2017 href=https://ui.adsabs.harvard.edu/abs/2017AJ....153..136S/abstract target=ref>Stassun et al. 2017</a>,1.24,0.572,0.0,,,481.917,1389.0,,5700.0,1.14,1.78,0.01,0.0819672131147541
Kepler-746 b,Kepler-746,1,1,Transit,2016,3.48159251,0.0435,89.71,1.115e-05,-1.115e-05,<a refstr=MORTON_ET_AL__2016 href=https://ui.adsabs.harvard.edu/abs/2016ApJ...822...86M/abstract target=ref>Morton et al. 2016</a>,1.11,0.13,-0.09,0.09902757,1.41,,,M-R relationship,<a refstr=CALCULATED_VALUE href=/docs/pscp_calc.html target=_blank>Calculated Value</a>,0.00444,5.67,0.0,,,421.61,1156.0,,5418.0,0.93,0.91,0.09,0.11711711711711711
WASP-35 b,WASP-35,1,1,Transit,2011,3.16158,0.04317,87.96,2e-06,-2e-06,<a refstr=STASSUN_ET_AL__2017 href=https://ui.adsabs.harvard.edu/abs/2017AJ....153..136S/abstract target=ref>Stassun et al. 2017</a>,14.5717,0.78463,-0.78463,1.3,225.6593,31.783,-31.783,Mass,<a refstr=STASSUN_ET_AL__2017 href=https://ui.adsabs.harvard.edu/abs/2017AJ....153..136S/abstract target=ref>Stassun et al. 2017</a>,0.71,0.378,0.0,,,758.1026,1338.29,,5990.0,1.08,1.05,-0.15,0.05384615384615385
TOI-2524 b,TOI-2524,1,1,Transit,2023,7.18585,0.073,89.4,1e-05,-1e-05,<a refstr=EBERHARDT_ET_AL__2023 href=https://ui.adsabs.harvard.edu/abs/2023AJ....166..271E/abstract target=ref>Eberhardt et al. 2023</a>,11.2089807,0.22417961,-0.33626942,1.0,203.41018048,12.71313628,-12.71313628,Mass,<a refstr=EBERHARDT_ET_AL__2023 href=https://ui.adsabs.harvard.edu/abs/2023AJ....166..271E/abstract target=ref>Eberhardt et al. 2023</a>,0.64,0.79,0.0,,,210.609,1100.0,,5831.0,1.119,1.007,0.06,0.02999999991078582
WD 0806-661 b,WD 0806-661,1,1,Imaging,2011,,2500.0,,,,,12.10569916,0.22417961,-0.22417961,1.08,2224.798849,317.828407,-317.828407,Mass,<a refstr=LEGGETT_TREMBLIN_2026 href=https://ui.adsabs.harvard.edu/abs/2026ApJ..1005..189L/abstract target=ref>Leggett &amp; Tremblin 2026</a>,7.0,6.89,,,,,357.0,DQ,10393.0,,0.605,,0.018518518181976695
WASP-99 b,WASP-99,1,1,Transit,2014,5.75251,0.0717,88.8,4e-05,-4e-05,<a refstr=STASSUN_ET_AL__2017 href=https://ui.adsabs.harvard.edu/abs/2017AJ....153..136S/abstract target=ref>Stassun et al. 2017</a>,11.43318,0.67254,-0.67254,1.02,772.3269,117.5971,-117.5971,Mass,<a refstr=STASSUN_ET_AL__2017 href=https://ui.adsabs.harvard.edu/abs/2017AJ....153..136S/abstract target=ref>Stassun et al. 2017</a>,2.43,2.79,0.0,,,2005.426,1480.0,F8,6150.0,1.64,1.21,0.21,0.058823529411764705
HATS-53 b,HATS-53,1,1,Transit,2017,3.8537768,0.04753,88.78,3.8e-06,-3.8e-06,<a refstr=HENNING_ET_AL__2018 href=https://ui.adsabs.harvard.edu/abs/2018AJ....155...79H/abstract target=ref>Henning et al. 2018</a>,15.02006,0.627704,-0.627704,1.34,189.10885,28.28687,-28.28687,Mass,<a refstr=HENNING_ET_AL__2018 href=https://ui.adsabs.harvard.edu/abs/2018AJ....155...79H/abstract target=ref>Henning et al. 2018</a>,0.595,0.303,0.33,,,471.61,1312.0,,5644.0,1.101,0.964,,0.041791044776119404
TOI-283 b,TOI-283,1,1,Transit,2025,17.61745,0.123,89.12,2e-05,-1e-05,<a refstr=MURGAS_ET_AL_2025 href=https://ui.adsabs.harvard.edu/abs/2025A&A...703A.201M/abstract target=ref>Murgas et al. 2025</a>,2.34,0.09,-0.09,0.20876118,6.54,2.04,-2.04,Mass,<a refstr=MURGAS_ET_AL_2025 href=https://ui.adsabs.harvard.edu/abs/2025A&A...703A.201M/abstract target=ref>Murgas et al. 2025</a>,0.02057714,2.81,0.0,,,30.4,661.0,K,5213.0,0.85,0.8,-0.09,0.038461538461538464
HATS-3 b,HATS-3,1,1,Transit,2013,3.547851,0.0485,86.2,5e-06,-5e-06,<a refstr=BAYLISS_ET_AL__2013 href=https://ui.adsabs.harvard.edu/abs/2013AJ....146..113B/abstract target=ref> Bayliss et al. 2013 </a>,15.48,0.392,-0.392,1.381,340.382,43.223,-43.223,Mass,<a refstr=BAYLISS_ET_AL__2013 href=https://ui.adsabs.harvard.edu/abs/2013AJ....146..113B/abstract target=ref> Bayliss et al. 2013 </a>,1.071,0.51,0.0,,,1212.0044,1648.0,F,6351.0,1.404,1.209,-0.157,0.025322997416020673
HATS-29 b,HATS-29,1,1,Transit,2016,4.6058749,0.05475,87.37,6.3e-06,-6.3e-06,<a refstr=ESPINOZA_ET_AL__2016 href=https://ui.adsabs.harvard.edu/abs/2016AJ....152..108E/abstract target=ref>Espinoza et al. 2016</a>,14.022459,0.683749,-0.683749,1.251,207.54299,20.02329,-20.02329,Mass,<a refstr=ESPINOZA_ET_AL__2016 href=https://ui.adsabs.harvard.edu/abs/2016AJ....152..108E/abstract target=ref>Espinoza et al. 2016</a>,0.653,0.411,0.158,,,356.0,1212.0,G,5670.0,1.073,1.032,0.16,0.04876099120703438
HATS-45 b,HATS-45,1,1,Transit,2018,4.1876244,0.05511,85.61,5.6e-06,-5.6e-06,<a refstr=BRAHM_ET_AL__2018 href=https://ui.adsabs.harvard.edu/abs/2018AJ....155..112B/abstract target=ref>Brahm et al. 2018</a>,14.414774,1.042437,-1.042437,1.286,222.481,47.6745,-47.6745,Mass,<a refstr=BRAHM_ET_AL__2018 href=https://ui.adsabs.harvard.edu/abs/2018AJ....155..112B/abstract target=ref>Brahm et al. 2018</a>,0.7,0.41,0.24,,,811.3504,1518.0,,6450.0,1.315,1.272,0.02,0.07231726283048212
Kepler-421 b,Kepler-421,1,1,Transit,2014,704.1984,1.219,89.965,0.0016,-0.0016,<a refstr=KIPPING_ET_AL__2014 href=https://ui.adsabs.harvard.edu/abs/2014ApJ...795...25K/abstract target=ref>Kipping et al. 2014</a>,4.16,0.19,-0.16,0.371,16.1,,,M-R relationship,<a refstr=CALCULATED_VALUE href=/docs/pscp_calc.html target=_blank>Calculated Value</a>,0.0508,1.23,0.041,0.095,-0.034,0.2,185.0,G9/K0,5308.0,0.757,0.794,-0.25,0.04567307692307692
TOI-1443 b,TOI-1443,1,1,Transit,2024,23.540678,0.147,,5.8e-05,-5.8e-05,<a refstr=POLANSKI_ET_AL__2024 href=https://ui.adsabs.harvard.edu/abs/2024ApJS..272...32P/abstract target=ref>Polanski et al. 2024</a>,2.30381001,0.12697832,-0.10061016,0.20553252,30.0,,,Mass,<a refstr=POLANSKI_ET_AL__2024 href=https://ui.adsabs.harvard.edu/abs/2024ApJS..272...32P/abstract target=ref>Polanski et al. 2024</a>,0.09439056,14.0,0.0,,,16.8576,520.66,,5224.0,0.7511,0.7663,-0.294,0.05511666302726066
KELT-12 b,KELT-12,1,1,Transit,2017,5.031623,0.06708,84.47,3.2e-05,-3.1e-05,<a refstr=STEVENS_ET_AL__2017 href=https://ui.adsabs.harvard.edu/abs/2017AJ....153..178S/abstract target=ref>Stevens et al. 2017</a>,19.95202,1.90553,-1.79344,1.78,301.9385,44.4962,-44.4962,Mass,<a refstr=STEVENS_ET_AL__2017 href=https://ui.adsabs.harvard.edu/abs/2017AJ....153..178S/abstract target=ref>Stevens et al. 2017</a>,0.95,0.209,0.0,,,1749.0,1800.0,,6279.0,2.37,1.591,0.19,0.09550561797752809
KELT-19 A b,KELT-19 A,2,1,Transit,2017,4.6117093,0.0637,85.41,8.8e-06,-8.8e-06,<a refstr=SIVERD_ET_AL__2018 href=https://ui.adsabs.harvard.edu/abs/2018AJ....155...35S/abstract target=ref>Siverd et al. 2018</a>,21.40919,1.23299,-1.23299,1.91,1293.5681,,,Mass,<a refstr=SIVERD_ET_AL__2018 href=https://ui.adsabs.harvard.edu/abs/2018AJ....155...35S/abstract target=ref>Siverd et al. 2018</a>,4.07,0.744,,,,2340.0,1935.0,A8 V,7500.0,1.83,1.62,-0.12,0.05759162303664922
KOI-1257 b,KOI-1257,2,1,Transit,2014,86.647661,0.382,89.66,3.4e-05,-3.4e-05,<a refstr=SANTERNE_ET_AL__2014 href=https://ui.adsabs.harvard.edu/abs/2014A&A...571A..37S/abstract target=ref>Santerne et al. 2014</a>,10.54,1.35,-1.35,0.94,460.83,111.24,-111.24,Mass,<a refstr=SANTERNE_ET_AL__2014 href=https://ui.adsabs.harvard.edu/abs/2014A&A...571A..37S/abstract target=ref>Santerne et al. 2014</a>,1.45,2.1,0.772,0.045,-0.045,7.28,511.0,G5 V,5520.0,1.13,0.99,0.27,0.1280834914611006
TOI-1226 b,TOI-1226,1,1,Transit,2026,3.92880881576,,88.20342,1.400673e-05,-1.439422e-05,<a refstr=LAFARGA_ET_AL_2026 href=https://ui.adsabs.harvard.edu/abs/2026MNRAS.548ag512L/abstract target=ref>Lafarga et al. 2026</a>,2.4101112,0.24811318,-0.20160482,0.21501609,6.39,,,M-R relationship,<a refstr=CALCULATED_VALUE href=/docs/pscp_calc.html target=_blank>Calculated Value</a>,0.0201,2.51,,,,376.4613,1123.44,,5434.91,0.986943,1.01,0.129,0.10294677689560548
WASP-71 b,WASP-71,1,1,Transit,2012,2.90367,0.046,84.2,7e-06,-7e-06,<a refstr=STASSUN_ET_AL__2017 href=https://ui.adsabs.harvard.edu/abs/2017AJ....153..136S/abstract target=ref>Stassun et al. 2017</a>,13.22662,1.34508,-1.34508,1.18,441.7837,104.8839,-104.8839,Mass,<a refstr=STASSUN_ET_AL__2017 href=https://ui.adsabs.harvard.edu/abs/2017AJ....153..136S/abstract target=ref>Stassun et al. 2017</a>,1.39,1.1,0.0,,,3384.6097,2016.1,F8,6050.0,1.82,0.76,0.15,0.1016949152542373
Kepler-778 b,Kepler-778,1,1,Transit,2016,3.75574426,0.0453,89.43,1.083e-05,-1.083e-05,<a refstr=MORTON_ET_AL__2016 href=https://ui.adsabs.harvard.edu/abs/2016ApJ...822...86M/abstract target=ref>Morton et al. 2016</a>,1.68,0.1,-0.13,0.14987956,3.46,,,M-R relationship,<a refstr=CALCULATED_VALUE href=/docs/pscp_calc.html target=_blank>Calculated Value</a>,0.0109,4.01,0.0,,,216.568,977.0,,5102.0,0.77,0.81,-0.09,0.07738095238095238
TOI-1244 b,TOI-1244,1,1,Transit,2024,6.400316483,0.060694,88.74831,5.934e-06,-5.898e-06,<a refstr=CROSSFIELD_ET_AL_2025 href=https://ui.adsabs.harvard.edu/abs/2025AJ....169...89C/abstract target=ref>Crossfield et al. 2025</a>,2.467,0.24,-0.211,0.22009138,6.6,3.8,-3.7,Mass,<a refstr=POLANSKI_ET_AL__2024 href=https://ui.adsabs.harvard.edu/abs/2024ApJS..272...32P/abstract target=ref>Polanski et al. 2024</a>,0.02076592,2.66,0.0,,,56.63,714.86,,4599.0,0.721,0.73,0.034,0.09728415079043372
TOI-1466 b,TOI-1466,1,1,Transit,2026,1.87190602231,,86.22085,1.468186e-05,-1.678025e-05,<a refstr=LAFARGA_ET_AL_2026 href=https://ui.adsabs.harvard.edu/abs/2026MNRAS.548ag512L/abstract target=ref>Lafarga et al. 2026</a>,2.46741991,0.3321413,-0.25190743,0.22012884,6.65,,,M-R relationship,<a refstr=CALCULATED_VALUE href=/docs/pscp_calc.html target=_blank>Calculated Value</a>,0.0209,2.43,,,,167.099,1001.0,,4435.39,0.749646,0.66,,0.1346107724323259
WASP-55 b,WASP-55,2,1,Transit,2012,4.465631,0.0558,88.74,1.3e-06,-1.3e-06,<a refstr=MCGRUDER_ET_AL__2023 href=https://ui.adsabs.harvard.edu/abs/2023ApJ...944L..56M/abstract target=ref>McGruder et al. 2023</a>,14.72860064,0.23538859,-0.28022452,1.314,186.2474465,10.48833743,-10.17050902,Mass,<a refstr=MCGRUDER_ET_AL__2023 href=https://ui.adsabs.harvard.edu/abs/2023ApJ...944L..56M/abstract target=ref>McGruder et al. 2023</a>,0.586,0.342159,0.0,,,504.0,1342.0,,6096.0,1.09,1.071,-0.03,0.019025875359738178
WASP-62 b,WASP-62,1,1,Transit,2012,4.41195,0.0571,88.3,3e-06,-3e-06,<a refstr=STASSUN_ET_AL__2017 href=https://ui.adsabs.harvard.edu/abs/2017AJ....153..136S/abstract target=ref>Stassun et al. 2017</a>,14.79588,0.89672,-0.89672,1.32,165.2716,25.4264,-25.4264,Mass,<a refstr=STASSUN_ET_AL__2017 href=https://ui.adsabs.harvard.edu/abs/2017AJ....153..136S/abstract target=ref>Stassun et al. 2017</a>,0.52,0.262,0.0,,,1817.8874,1475.3,,6230.0,1.23,1.11,0.04,0.0606060606060606
HIP 65426 b,HIP 65426,1,1,Imaging,2017,,92.0,,,,,16.8135,1.1209,-1.1209,1.5,2860.47,953.49,-953.49,Mass,<a refstr=CHAUVIN_ET_AL__2017 href=https://ui.adsabs.harvard.edu/abs/2017A&A...605L...9C/abstract target=ref>Chauvin et al. 2017</a>,9.0,3.31,,,,0.0022,1500.0,A2 V,8840.0,1.77,1.96,,0.06666666666666667
HD 6061 b,HD 6061,2,1,Transit,2023,5.2549,0.06,,0.0011,-0.0011,<a refstr=POLANSKI_ET_AL__2024 href=https://ui.adsabs.harvard.edu/abs/2024ApJS..272...32P/abstract target=ref>Polanski et al. 2024</a>,2.42763557,0.09903199,-0.07283589,0.21657951,10.0,2.5,-2.5,Mass,<a refstr=POLANSKI_ET_AL__2024 href=https://ui.adsabs.harvard.edu/abs/2024ApJS..272...32P/abstract target=ref>Polanski et al. 2024</a>,0.03146352,3.82,0.0,,,339.1,1075.31,,5934.0,1.0072,1.0269,-0.05,0.04079359819233494
K2-113 b,K2-113,1,1,Transit,2017,5.817685,0.0642,86.21,4.1e-05,-4.1e-05,<a refstr=LIVINGSTON_ET_AL__2018 href=https://ui.adsabs.harvard.edu/abs/2018AJ....156..277L/abstract target=ref>Livingston et al. 2018</a>,12.14,0.35,-0.35,1.08305826,410.0007,41.3179,-44.4962,Mass,<a refstr=ESPINOZA_ET_AL__2017 href=https://ui.adsabs.harvard.edu/abs/2017MNRAS.471.4374E/abstract target=ref>Espinoza et al. 2017</a>,1.29,1.97,0.0,,,277.39,1098.0,G,5660.0,1.24,1.04,0.27,0.028830313014827014
K2-152 b,K2-152,1,1,Transit,2018,32.6479,0.1716,,0.01141,-0.01483,<a refstr=LIVINGSTON_ET_AL__2018 href=https://ui.adsabs.harvard.edu/abs/2018AJ....156...78L/abstract target=ref>Livingston et al. 2018</a>,2.29,0.25,-0.24,0.20430012,5.86,,,M-R relationship,<a refstr=CALCULATED_VALUE href=/docs/pscp_calc.html target=_blank>Calculated Value</a>,0.0184,2.68,,,,2.9,337.0,M0.0 V,4044.0,0.61,0.63,0.12,0.1091703056768559
TOI-929 b,TOI-929,1,1,Transit,2026,5.83015366944,,88.19577,3.482336e-05,-3.111897e-05,<a refstr=LAFARGA_ET_AL_2026 href=https://ui.adsabs.harvard.edu/abs/2026MNRAS.548ag512L/abstract target=ref>Lafarga et al. 2026</a>,2.68983343,0.22609669,-0.20537812,0.23997128,7.7,,,M-R relationship,<a refstr=CALCULATED_VALUE href=/docs/pscp_calc.html target=_blank>Calculated Value</a>,0.0242,2.17,,,,59.7261,774.0,,4457.16,0.717414,0.7,,0.08405601903758032
K2-162 b,K2-162,1,1,Transit,2018,9.45889,0.0795,88.76118,0.00104,-0.00107,<a refstr=LIVINGSTON_ET_AL__2018 href=https://ui.adsabs.harvard.edu/abs/2018AJ....156...78L/abstract target=ref>Livingston et al. 2018</a>,1.44,0.11,-0.07,0.1284682,2.67,,,M-R relationship,<a refstr=CALCULATED_VALUE href=/docs/pscp_calc.html target=_blank>Calculated Value</a>,0.00839,4.91,,,,34.8621,631.0,,4842.0,0.69,0.75,-0.17,0.0763888888888889
KELT-3 b,KELT-3,2,1,Transit,2013,2.70339,0.04123,84.14,1e-05,-1e-05,<a refstr=STASSUN_ET_AL__2017 href=https://ui.adsabs.harvard.edu/abs/2017AJ....153..136S/abstract target=ref>Stassun et al. 2017</a>,17.48604,1.23299,-1.23299,1.56,616.5902,104.8839,-104.8839,Mass,<a refstr=STASSUN_ET_AL__2017 href=https://ui.adsabs.harvard.edu/abs/2017AJ....153..136S/abstract target=ref>Stassun et al. 2017</a>,1.94,0.75,0.0,,,1704.57,1816.0,,6304.0,1.7,1.96,0.05,0.07051282051282051
KELT-14 b,KELT-14,1,1,Transit,2016,1.7100566,0.03005,78.3,3.2e-06,-2.6e-06,<a refstr=TURNER_ET_AL__2016 href=https://ui.adsabs.harvard.edu/abs/2016PASP..128f4401T/abstract target=ref>Turner et al. 2016</a>,19.537287,0.526823,-0.526823,1.743,408.09372,10.17056,-10.17056,Mass,<a refstr=TURNER_ET_AL__2016 href=https://ui.adsabs.harvard.edu/abs/2016PASP..128f4401T/abstract target=ref>Turner et al. 2016</a>,1.284,0.322,0.0,,,826.113,1970.0,G4,5720.0,1.52,1.239,0.32,0.02696500286861733
K2-246 b,K2-246,1,1,Transit,2018,5.76918,0.0602,,0.00081,-0.00082,<a refstr=LIVINGSTON_ET_AL__2018 href=https://ui.adsabs.harvard.edu/abs/2018AJ....156...78L/abstract target=ref>Livingston et al. 2018</a>,3.49,0.25,-0.21,0.31135695,12.0,,,M-R relationship,<a refstr=CALCULATED_VALUE href=/docs/pscp_calc.html target=_blank>Calculated Value</a>,0.0377,1.55,,,,194.9508,977.0,,5610.0,0.94,0.87,-0.19,0.07163323782234957
TOI-1291 b,TOI-1291,1,1,Transit,2026,7.1620097551,,88.38393,1.987285e-05,-2.034529e-05,<a refstr=LAFARGA_ET_AL_2026 href=https://ui.adsabs.harvard.edu/abs/2026MNRAS.548ag512L/abstract target=ref>Lafarga et al. 2026</a>,5.63826391,0.34804882,-0.34340123,0.50301308,27.1,,,M-R relationship,<a refstr=CALCULATED_VALUE href=/docs/pscp_calc.html target=_blank>Calculated Value</a>,0.0851,0.831,,,,1230.42,1649.0,,6139.95,1.8109,1.2,,0.061729785188434
HAT-P-53 b,HAT-P-53,1,1,Transit,2015,1.9616241,0.03159,86.2,3.9e-06,-3.9e-06,<a refstr=HARTMAN_ET_AL__2015 href=https://ui.adsabs.harvard.edu/abs/2015AJ....150..168H/abstract target=ref>Hartman et al. 2015</a>,14.773462,1.020019,-1.020019,1.318,471.65972,17.79848,-17.79848,Mass,<a refstr=HARTMAN_ET_AL__2015 href=https://ui.adsabs.harvard.edu/abs/2015AJ....150..168H/abstract target=ref>Hartman et al. 2015</a>,1.484,0.8,0.134,,,1400.0226,1778.0,,5956.0,1.209,1.093,0.0,0.06904400606980272
K2-30 b,K2-30,1,1,Transit,2016,4.098503,0.04839,86.92,1.1e-05,-1.1e-05,<a refstr=JOHNSON_ET_AL__2016 href=https://ui.adsabs.harvard.edu/abs/2016AJ....151..171J/abstract target=ref>Johnson et al. 2016</a>,11.646151,0.56045,-0.571659,1.039,184.02357,8.89924,-8.58141,Mass,<a refstr=JOHNSON_ET_AL__2016 href=https://ui.adsabs.harvard.edu/abs/2016AJ....151..171J/abstract target=ref>Johnson et al. 2016</a>,0.579,0.64,0.0,,,299.0,1092.0,G6 V,5425.0,0.844,0.9,-0.15,0.04908565928777671
WASP-56 b,WASP-56,2,1,Transit,2012,4.6171,0.05614,88.5,3e-06,-3e-06,<a refstr=STASSUN_ET_AL__2017 href=https://ui.adsabs.harvard.edu/abs/2017AJ....153..136S/abstract target=ref>Stassun et al. 2017</a>,10.53646,1.00881,-1.00881,0.94,143.0235,28.6047,-28.6047,Mass,<a refstr=STASSUN_ET_AL__2017 href=https://ui.adsabs.harvard.edu/abs/2017AJ....153..136S/abstract target=ref>Stassun et al. 2017</a>,0.45,0.583,0.0,,,447.82,1216.0,G6,5600.0,0.96,0.71,0.12,0.09574468085106383
WASP-135 b,WASP-135,1,1,Transit,2015,1.4013794,0.0243,82.0,8e-07,-8e-07,<a refstr=SPAKE_ET_AL__2016 href=https://ui.adsabs.harvard.edu/abs/2016PASP..128b4401S/abstract target=ref>Spake et al. 2016</a>,14.5717,1.00881,-1.00881,1.3,603.877,25.4264,-25.4264,Mass,<a refstr=SPAKE_ET_AL__2016 href=https://ui.adsabs.harvard.edu/abs/2016PASP..128b4401S/abstract target=ref>Spake et al. 2016</a>,1.9,1.16,0.0,,,917.4101,1403.66,G5 V,5675.0,0.96,0.98,0.02,0.06923076923076923
CoRoT-32 b,CoRoT-32,1,1,Transit,2018,6.71837,0.071,89.0,1e-05,-1e-05,<a refstr=BOUFLEUR_ET_AL__2018 href=https://ui.adsabs.harvard.edu/abs/2018MNRAS.473..710B/abstract target=ref>Boufleur et al. 2018</a>,6.38913,0.67254,-0.56045,0.57,47.6745,31.783,-31.783,Mass,<a refstr=BOUFLEUR_ET_AL__2018 href=https://ui.adsabs.harvard.edu/abs/2018MNRAS.473..710B/abstract target=ref>Boufleur et al. 2018</a>,0.15,1.1,,,,132.26,938.0,G0 VI,5970.0,0.79,1.08,0.0,0.10526315789473685
TOI-1054.01,TOI-1054,1,1,Transit,2021,15.5077855,,,0.0002372,-0.0002372,<a refstr=EXOFOP href=https://exofop.ipac.caltech.edu/tess/view_toi.php target=ref>ExoFOP</a>,2.43432,0.142957,-0.142957,0.21717586,6.5,,,M-R relationship,<a refstr=CALCULATED_VALUE href=/docs/pscp_calc.html target=_blank>Calculated Value</a>,0.0205,2.48,,,,88.0718,853.0,,6122.0,1.17,1.14,,0.05872564001445989
Kepler-504 b,Kepler-504,2,1,Transit,2016,9.549275422,0.0646,89.92,4.986e-06,-4.986e-06,<a refstr=MORTON_ET_AL__2016 href=https://ui.adsabs.harvard.edu/abs/2016ApJ...822...86M/abstract target=ref>Morton et al. 2016</a>,1.59,0.18,-0.22,0.1418503,3.15,,,M-R relationship,<a refstr=CALCULATED_VALUE href=/docs/pscp_calc.html target=_blank>Calculated Value</a>,0.00993,4.31,0.0,,,5.991,374.0,,3519.0,0.33,0.33,-0.31,0.13836477987421383
TOI-1691 b,TOI-1691,1,1,Transit,2024,16.736888935,0.129365,,1.8196e-05,-1.8237e-05,<a refstr=CROSSFIELD_ET_AL_2025 href=https://ui.adsabs.harvard.edu/abs/2025AJ....169...89C/abstract target=ref>Crossfield et al. 2025</a>,3.66,0.236,-0.207,0.32652389,14.6,5.4,-5.3,Mass,<a refstr=POLANSKI_ET_AL__2024 href=https://ui.adsabs.harvard.edu/abs/2024ApJS..272...32P/abstract target=ref>Polanski et al. 2024</a>,0.04593674,1.76,0.0,,,59.13,703.49,,5759.0,1.0,1.03,0.052,0.06448087431693988
K2-221 b,K2-221,1,1,Transit,2018,2.399094,,85.44711,0.000125,-0.000118,<a refstr=MAYO_ET_AL__2018 href=https://ui.adsabs.harvard.edu/abs/2018AJ....155..136M/abstract target=ref>Mayo et al. 2018</a>,1.67890272,0.1668616,-0.09566216,0.14978167,3.46,,,M-R relationship,<a refstr=CALCULATED_VALUE href=/docs/pscp_calc.html target=_blank>Calculated Value</a>,0.0109,4.02,,,,,,,5716.0,0.947599,1.010842,0.13,0.09938729505423638
GJ 504 b,GJ 504,1,1,Imaging,2013,,43.5,,,,,12.10569916,0.44835923,-0.33626942,1.08,1271.3,1430.2,-317.8,Mass,<a refstr=KUZUHARA_ET_AL__2013 href=https://ui.adsabs.harvard.edu/abs/2013ApJ...774...11K/abstract target=ref> Kuzuhara et al. 2013 </a>,4.0,3.94,,,,0.0011,510.0,G0 V,6234.0,1.26,1.22,0.28,0.03703703719001059
WASP-68 b,WASP-68,2,1,Transit,2014,5.0843,0.06206,88.1,1.5e-05,-1.5e-05,<a refstr=STASSUN_ET_AL__2017 href=https://ui.adsabs.harvard.edu/abs/2017AJ....153..136S/abstract target=ref>Stassun et al. 2017</a>,14.79588,1.56926,-1.56926,1.32,343.2564,79.4575,-79.4575,Mass,<a refstr=STASSUN_ET_AL__2017 href=https://ui.adsabs.harvard.edu/abs/2017AJ....153..136S/abstract target=ref>Stassun et al. 2017</a>,1.08,0.665,0.0,,,843.4794,1490.0,G0,5910.0,1.79,1.49,0.22,0.10606060606060606
K2-118 b,K2-118,1,1,Transit,2017,50.92092,0.245,89.5,0.005584,-0.005249,<a refstr=DRESSING_ET_AL__2017 href=https://ui.adsabs.harvard.edu/abs/2017AJ....154..207D/abstract target=ref>Dressing et al. 2017</a>,2.54,0.23,-0.2,0.22660362,6.99,,,M-R relationship,<a refstr=CALCULATED_VALUE href=/docs/pscp_calc.html target=_blank>Calculated Value</a>,0.022,2.34,0.2,0.183774,-0.159064,4.3,394.64,,4726.29,0.734626,0.756446,0.129,0.09055118110236221
Kepler-1654 b,Kepler-1654,1,1,Transit,2018,1047.8356,2.026,89.982,0.0018,-0.0019,<a refstr=BEICHMAN_ET_AL__2018 href=https://ui.adsabs.harvard.edu/abs/2018AJ....155..158B/abstract target=ref>Beichman et al. 2018</a>,9.180171,0.212971,-0.190553,0.819,158.915,,,Mass,<a refstr=BEICHMAN_ET_AL__2018 href=https://ui.adsabs.harvard.edu/abs/2018AJ....155..158B/abstract target=ref>Beichman et al. 2018</a>,0.5,1.2,0.26,0.21,-0.11,0.3,206.0,G5 V,5597.0,1.179,1.011,-0.088,0.0231990231990232
HD 203030 b,HD 203030,1,1,Imaging,2006,,487.1,,,,,14.4595851,0.67253884,-0.44835923,1.29,3496.112477,1271.313628,-953.485221,Mass,<a refstr=MILES_P_AACUTE_EZ_ET_AL__2017 href=https://ui.adsabs.harvard.edu/abs/2017AJ....154..262M/abstract target=ref>Miles-P&aacute;ez et al. 2017</a>,11.0,6.35,,,,0.0,1040.0,G8 V,5603.0,0.856458,0.94,0.3,0.04651162777831018
WASP-88 b,WASP-88,1,1,Transit,2014,4.954,0.06431,88.0,1.9e-05,-1.9e-05,<a refstr=STASSUN_ET_AL__2017 href=https://ui.adsabs.harvard.edu/abs/2017AJ....153..136S/abstract target=ref>Stassun et al. 2017</a>,16.36514,2.35389,-2.35389,1.46,133.4886,44.4962,-44.4962,Mass,<a refstr=STASSUN_ET_AL__2017 href=https://ui.adsabs.harvard.edu/abs/2017AJ....153..136S/abstract target=ref>Stassun et al. 2017</a>,0.42,0.141,0.0,,,1489.5543,1772.0,F6,6430.0,1.8,0.94,-0.08,0.14383561643835616
K2-130 b,K2-130,1,1,Transit,2017,2.49412,0.032,86.53,0.000132,-0.000128,<a refstr=DRESSING_ET_AL__2017 href=https://ui.adsabs.harvard.edu/abs/2017AJ....154..207D/abstract target=ref>Dressing et al. 2017</a>,1.25,0.2,-0.14,0.11151753,2.1,,,M-R relationship,<a refstr=CALCULATED_VALUE href=/docs/pscp_calc.html target=_blank>Calculated Value</a>,0.0066,5.91,0.17,0.220344,-0.135968,136.4,1013.11,,4356.47,0.744261,0.69563,-0.24,0.16
K2-129 b,K2-129,1,1,Transit,2017,8.239493,0.057,89.21,0.000292,-0.000291,<a refstr=DRESSING_ET_AL__2017 href=https://ui.adsabs.harvard.edu/abs/2017AJ....154..207D/abstract target=ref>Dressing et al. 2017</a>,1.04,0.1,-0.09,0.09278259,1.12,,,M-R relationship,<a refstr=CALCULATED_VALUE href=/docs/pscp_calc.html target=_blank>Calculated Value</a>,0.00352,5.47,0.13,0.210105,-0.109504,4.5,419.19,,3459.09,0.36001,0.360031,,0.09615384615384616
HATS-42 b,HATS-42,1,1,Transit,2018,2.292102,0.03689,85.1,2.1e-06,-2.1e-06,<a refstr=BENTO_ET_AL__2018 href=https://ui.adsabs.harvard.edu/abs/2018MNRAS.477.3406B/abstract target=ref>Bento et al. 2018</a>,15.6926,2.80225,-1.56926,1.4,597.5204,47.6745,-47.6745,Mass,<a refstr=BENTO_ET_AL__2018 href=https://ui.adsabs.harvard.edu/abs/2018MNRAS.477.3406B/abstract target=ref>Bento et al. 2018</a>,1.88,0.83,0.229,,,1637.2058,1856.0,,6060.0,1.48,1.273,0.22,0.17857142857142855
WASP-144 b,WASP-144,1,1,Transit,2018,2.2783152,0.0316,86.9,1.3e-06,-1.3e-06,<a refstr=HELLIER_ET_AL__2019 href=https://ui.adsabs.harvard.edu/abs/2019MNRAS.482.1379H/abstract target=ref>Hellier et al. 2019</a>,9.52765,0.56045,-0.56045,0.85,139.8452,19.0698,-19.0698,Mass,<a refstr=HELLIER_ET_AL__2019 href=https://ui.adsabs.harvard.edu/abs/2019MNRAS.482.1379H/abstract target=ref>Hellier et al. 2019</a>,0.44,0.95,0.0,,,775.8849,1260.0,K2 V,5200.0,0.81,0.81,0.18,0.05882352941176471
HATS-51 b,HATS-51,1,1,Transit,2017,3.3488702,0.04639,87.1,3.9e-06,-3.9e-06,<a refstr=HENNING_ET_AL__2018 href=https://ui.adsabs.harvard.edu/abs/2018AJ....155...79H/abstract target=ref>Henning et al. 2018</a>,15.80469,2.12971,-2.12971,1.41,244.09344,14.30235,-14.30235,Mass,<a refstr=HENNING_ET_AL__2018 href=https://ui.adsabs.harvard.edu/abs/2018AJ....155...79H/abstract target=ref>Henning et al. 2018</a>,0.768,0.34,0.33,,,740.2246,1553.0,,5758.0,1.44,1.187,,0.1347517730496454
HD 18599 b,HD 18599,2,1,Transit,2022,4.1374354,0.048,87.6,3.6e-06,-3.7e-06,<a refstr=DESIDERA_ET_AL_2023 href=https://ui.adsabs.harvard.edu/abs/2023A&A...675A.158D/abstract target=ref>Desidera et al. 2023</a>,2.6,0.15,-0.13,0.23195686,24.1,7.1,-7.7,Mass,<a refstr=DESIDERA_ET_AL_2023 href=https://ui.adsabs.harvard.edu/abs/2023A&A...675A.158D/abstract target=ref>Desidera et al. 2023</a>,0.07582708,7.5,0.34,0.07,-0.09,145.0,863.0,K2 V,5145.0,0.767,0.863,0.0,0.05769230769230769
Kepler-955 b,Kepler-955,1,1,Transit,2016,14.53244172,0.1083,90.0,1.662e-05,-1.662e-05,<a refstr=MORTON_ET_AL__2016 href=https://ui.adsabs.harvard.edu/abs/2016ApJ...822...86M/abstract target=ref>Morton et al. 2016</a>,3.13,0.27,-0.17,0.2792399,9.96,,,M-R relationship,<a refstr=CALCULATED_VALUE href=/docs/pscp_calc.html target=_blank>Calculated Value</a>,0.0313,1.78,0.0,,,33.091,664.0,,5350.0,0.84,0.89,0.02,0.08626198083067094
Kepler-962 b,Kepler-962,1,1,Transit,2016,12.05707239,0.09874,89.07,1.586e-05,-1.586e-05,<a refstr=MORTON_ET_AL__2016 href=https://ui.adsabs.harvard.edu/abs/2016ApJ...822...86M/abstract target=ref>Morton et al. 2016</a>,1.97,0.08,-0.08,0.17575163,4.54,,,M-R relationship,<a refstr=CALCULATED_VALUE href=/docs/pscp_calc.html target=_blank>Calculated Value</a>,0.0143,3.26,0.0,,,53.823,689.0,,5478.0,0.86,0.93,0.01,0.04060913705583757
TOI-5678 b,TOI-5678,1,1,Transit,2023,47.73022,0.249,89.83,0.00014,-0.00013,<a refstr=ULMER_MOLL_ET_AL_2023 href=https://ui.adsabs.harvard.edu/abs/2023A&A...674A..43U/abstract target=ref>Ulmer-Moll et al. 2023</a>,4.91,0.08,-0.08,0.43804161,20.0,4.0,-4.0,Mass,<a refstr=ULMER_MOLL_ET_AL_2023 href=https://ui.adsabs.harvard.edu/abs/2023A&A...674A..43U/abstract target=ref>Ulmer-Moll et al. 2023</a>,0.06292704,0.928,0.14,0.07,-0.07,3.8369,513.0,G7 V,5485.0,0.938,0.905,0.0,0.016293279022403257
TOI-6034 b,TOI-6034,2,1,Transit,2024,2.576184,0.02949,87.06,2e-06,-2e-06,<a refstr=KANODIA_ET_AL_2024 href=https://ui.adsabs.harvard.edu/abs/2024AJ....168..235K/abstract target=ref>Kanodia et al. 2024</a>,11.92,0.48,-0.48,1.063,254.0,24.0,-24.0,Mass,<a refstr=KANODIA_ET_AL_2024 href=https://ui.adsabs.harvard.edu/abs/2024AJ....168..235K/abstract target=ref>Kanodia et al. 2024</a>,0.798,0.82,0.04,0.042,-0.028,43.0,714.0,,3635.0,0.489,0.514,-0.09,0.040268456375838924
Kepler-922 b,Kepler-922,1,1,Transit,2016,0.938466832,0.01795,89.45,9.54e-07,-9.54e-07,<a refstr=MORTON_ET_AL__2016 href=https://ui.adsabs.harvard.edu/abs/2016ApJ...822...86M/abstract target=ref>Morton et al. 2016</a>,1.42,0.18,-0.11,0.12668391,2.6,,,M-R relationship,<a refstr=CALCULATED_VALUE href=/docs/pscp_calc.html target=_blank>Calculated Value</a>,0.00819,4.99,0.0,,,2142.634,1876.0,,5671.0,0.93,0.95,-0.05,0.1267605633802817
TIC 32032563 b,TIC 32032563,1,1,Transit,2026,13.83460487791,,88.98178,0.00024150077,-0.00023101135,<a refstr=LAFARGA_ET_AL_2026 href=https://ui.adsabs.harvard.edu/abs/2026MNRAS.548ag512L/abstract target=ref>Lafarga et al. 2026</a>,3.47739942,0.41441263,-0.34948645,0.31023333,11.9,,,M-R relationship,<a refstr=CALCULATED_VALUE href=/docs/pscp_calc.html target=_blank>Calculated Value</a>,0.0375,1.56,,,,,,,5567.93,1.00188,1.05,,0.119173146350844
Kepler-911 b,Kepler-911,1,1,Transit,2016,20.310501,0.15594,89.9,5.659e-05,-5.659e-05,<a refstr=MORTON_ET_AL__2016 href=https://ui.adsabs.harvard.edu/abs/2016ApJ...822...86M/abstract target=ref>Morton et al. 2016</a>,2.6,0.1,-0.1,0.23195646,7.27,,,M-R relationship,<a refstr=CALCULATED_VALUE href=/docs/pscp_calc.html target=_blank>Calculated Value</a>,0.0229,2.27,0.0,,,198.725,931.0,,6112.0,1.99,1.34,0.03,0.038461538461538464
TOI-6281 b,TOI-6281,1,1,Transit,2026,1.05426244177,,85.04992,4.0443e-06,-4.07437e-06,<a refstr=LAFARGA_ET_AL_2026 href=https://ui.adsabs.harvard.edu/abs/2026MNRAS.548ag512L/abstract target=ref>Lafarga et al. 2026</a>,1.92416074,0.18572931,-0.16416748,0.17166242,4.36,,,M-R relationship,<a refstr=CALCULATED_VALUE href=/docs/pscp_calc.html target=_blank>Calculated Value</a>,0.0137,3.36,,,,4181.02,2240.0,,4533.23,0.874219,0.65,-0.09,0.09652484126663971
TIC 38825265 b,TIC 38825265,1,1,Transit,2026,3.31336980985,,86.67564,2.535777e-05,-2.197619e-05,<a refstr=LAFARGA_ET_AL_2026 href=https://ui.adsabs.harvard.edu/abs/2026MNRAS.548ag512L/abstract target=ref>Lafarga et al. 2026</a>,2.18869476,0.35685651,-0.24522877,0.1952626,5.43,,,M-R relationship,<a refstr=CALCULATED_VALUE href=/docs/pscp_calc.html target=_blank>Calculated Value</a>,0.0171,2.85,,,,,,,4375.52,0.664503,0.64,,0.16304535311264692
Kepler-1012 b,Kepler-1012,1,1,Transit,2016,5.50860439,0.06066,82.78,1.151e-05,-1.151e-05,<a refstr=MORTON_ET_AL__2016 href=https://ui.adsabs.harvard.edu/abs/2016ApJ...822...86M/abstract target=ref>Morton et al. 2016</a>,1.29,0.08,-0.06,0.11508609,2.21,,,M-R relationship,<a refstr=CALCULATED_VALUE href=/docs/pscp_calc.html target=_blank>Calculated Value</a>,0.00696,5.66,0.0,,,191.811,934.0,,5556.0,0.91,0.95,0.05,0.06201550387596899
Kepler-935 b,Kepler-935,1,1,Transit,2016,4.88083852,0.0527,89.1,1.481e-05,-1.481e-05,<a refstr=MORTON_ET_AL__2016 href=https://ui.adsabs.harvard.edu/abs/2016ApJ...822...86M/abstract target=ref>Morton et al. 2016</a>,1.35,0.08,-0.07,0.12043893,2.39,,,M-R relationship,<a refstr=CALCULATED_VALUE href=/docs/pscp_calc.html target=_blank>Calculated Value</a>,0.00752,5.34,0.0,,,94.607,879.0,,4830.0,0.73,0.78,-0.01,0.059259259259259255
ZTF J1230-2655 b,ZTF J1230-2655,1,1,Transit,2025,0.23597766,,86.7,9.5e-07,-9.5e-07,<a refstr=PARSONS_ET_AL__2025 href=https://ui.adsabs.harvard.edu/abs/2025MNRAS.537.2112P/abstract target=ref>Parsons et al. 2025</a>,13.78704626,0.00560449,-0.00560449,1.23,7024.0077947,,,Mass,<a refstr=PARSONS_ET_AL__2025 href=https://ui.adsabs.harvard.edu/abs/2025MNRAS.537.2112P/abstract target=ref>Parsons et al. 2025</a>,22.1,,,,,17889.745,2949.65,,10000.0,0.0123,0.646,,0.0004065040396839867
TIC 270471727 b,TIC 270471727,1,1,Transit,2026,10.45623256647,,88.81091,5.912837e-05,-5.723014e-05,<a refstr=LAFARGA_ET_AL_2026 href=https://ui.adsabs.harvard.edu/abs/2026MNRAS.548ag512L/abstract target=ref>Lafarga et al. 2026</a>,2.75029559,0.36285616,-0.24677497,0.24536536,8.0,,,M-R relationship,<a refstr=CALCULATED_VALUE href=/docs/pscp_calc.html target=_blank>Calculated Value</a>,0.0252,2.11,,,,283.9789,1147.1,,5271.39,0.997091,0.9,-0.09,0.13193351337192086
TIC 65612701 b,TIC 65612701,1,1,Transit,2026,10.22467974953,,88.26641,4.073633e-05,-4.387503e-05,<a refstr=LAFARGA_ET_AL_2026 href=https://ui.adsabs.harvard.edu/abs/2026MNRAS.548ag512L/abstract target=ref>Lafarga et al. 2026</a>,5.07802804,0.33441948,-0.32636933,0.4530321,22.7,,,M-R relationship,<a refstr=CALCULATED_VALUE href=/docs/pscp_calc.html target=_blank>Calculated Value</a>,0.0713,0.953,,,,,,,5692.29,1.73709,1.06,,0.0658561704200436
Kepler-1014 b,Kepler-1014,1,1,Transit,2016,16.57110363,0.121,89.16,3.817e-05,-3.817e-05,<a refstr=MORTON_ET_AL__2016 href=https://ui.adsabs.harvard.edu/abs/2016ApJ...822...86M/abstract target=ref>Morton et al. 2016</a>,2.39,0.21,-0.25,0.21322152,6.3,,,M-R relationship,<a refstr=CALCULATED_VALUE href=/docs/pscp_calc.html target=_blank>Calculated Value</a>,0.0198,2.54,0.0,,,33.479,614.0,,5388.0,0.84,0.88,-0.06,0.10460251046025104
Kepler-66 b,Kepler-66,1,1,Transit,2013,17.815815,0.1352,87.08,7.5e-05,-7.5e-05,<a refstr=MEIBOM_ET_AL__2013 href=https://ui.adsabs.harvard.edu/abs/2013Natur.499...55M/abstract target=ref> Meibom et al. 2013 </a>,2.8,0.16,-0.16,0.25,8.25,,,M-R relationship,<a refstr=CALCULATED_VALUE href=/docs/pscp_calc.html target=_blank>Calculated Value</a>,0.0259,2.07,0.0,,,62.845,699.0,G0 V,5962.0,0.966,1.038,-0.2,0.05714285714285715
TOI-6080 b,TOI-6080,1,1,Transit,2026,8.05562348084,,88.0835,0.00014117487,-0.00014036744,<a refstr=LAFARGA_ET_AL_2026 href=https://ui.adsabs.harvard.edu/abs/2026MNRAS.548ag512L/abstract target=ref>Lafarga et al. 2026</a>,3.32424168,0.51660099,-0.35570788,0.29656949,11.0,,,M-R relationship,<a refstr=CALCULATED_VALUE href=/docs/pscp_calc.html target=_blank>Calculated Value</a>,0.0347,1.65,,,,168.812,919.33,,5775.46,1.06221,1.01,,0.1554041612281331
TOI-6330 b,TOI-6330,1,1,Transit,2025,6.8500246,0.05763,88.41,3.3e-06,-3.3e-06,<a refstr=HOTNISKY_ET_AL__2025 href=https://ui.adsabs.harvard.edu/abs/2025AJ....170....1H/abstract target=ref>Hotnisky et al. 2025</a>,10.89,0.37,-0.35,0.972,3179.0,100.0,-100.0,Mass,<a refstr=HOTNISKY_ET_AL__2025 href=https://ui.adsabs.harvard.edu/abs/2025AJ....170....1H/abstract target=ref>Hotnisky et al. 2025</a>,10.0,13.57,0.34,0.01,-0.01,9.97,495.0,,3539.0,0.49,0.531,0.08,0.03397612488521579
NGTS-38 b,NGTS-38,1,1,Transit,2026,180.52797,0.697,,0.00036,-0.00036,<a refstr=RODEL_ET_AL_2026 href=https://ui.adsabs.harvard.edu/abs/2026MNRAS.549g1061R/abstract target=ref>Rodel et al. 2026</a>,12.11690814,0.52682209,-0.52682209,1.081,1516.04150139,123.95307873,-117.59651059,Mass,<a refstr=RODEL_ET_AL_2026 href=https://ui.adsabs.harvard.edu/abs/2026MNRAS.549g1061R/abstract target=ref>Rodel et al. 2026</a>,4.77,4.67,0.3086,0.01,-0.01,10.1316,457.0,,6310.0,1.88,1.46,0.33,0.043478260618389074
TOI-5210 b,TOI-5210,1,1,Transit,2025,4.5661061,0.0557,88.59,2.4e-06,-2.3e-06,<a refstr=YEE_ET_AL_2025 href=https://ui.adsabs.harvard.edu/abs/2025ApJS..280...30Y/abstract target=ref>Yee et al. 2025</a>,10.72699453,0.35868738,-0.26901554,0.957,81.99972901,13.03096469,-13.03096469,Mass,<a refstr=YEE_ET_AL_2025 href=https://ui.adsabs.harvard.edu/abs/2025ApJS..280...30Y/abstract target=ref>Yee et al. 2025</a>,0.258,0.364,0.066,,,456.0,1286.0,,5723.0,1.209,1.105,0.324,0.03343782631722848
TOI-5726.01,TOI-5726,1,1,Transit,2024,5.491125215,0.062186,,9.458e-06,-1.4569e-05,<a refstr=CROSSFIELD_ET_AL_2025 href=https://ui.adsabs.harvard.edu/abs/2025AJ....169...89C/abstract target=ref>Crossfield et al. 2025</a>,2.554,0.28,-0.177,0.22785301,7.05,,,M-R relationship,<a refstr=CALCULATED_VALUE href=/docs/pscp_calc.html target=_blank>Calculated Value</a>,0.0222,2.33,,,,338.95,1093.03,,5874.0,1.106,1.06,,0.10963194988253722
Kepler-1026 b,Kepler-1026,1,1,Transit,2016,36.5156053,0.1977,89.11,0.0001037,-0.0001037,<a refstr=MORTON_ET_AL__2016 href=https://ui.adsabs.harvard.edu/abs/2016ApJ...822...86M/abstract target=ref>Morton et al. 2016</a>,2.21,0.33,-0.15,0.19716299,5.52,,,M-R relationship,<a refstr=CALCULATED_VALUE href=/docs/pscp_calc.html target=_blank>Calculated Value</a>,0.0174,2.81,0.0,,,5.988,425.0,,4948.0,0.75,0.79,-0.02,0.1493212669683258
TIC 142589416 b,TIC 142589416,1,1,Transit,2026,2.09518466313,,86.70598,1.05002e-05,-9.49065e-06,<a refstr=LAFARGA_ET_AL_2026 href=https://ui.adsabs.harvard.edu/abs/2026MNRAS.548ag512L/abstract target=ref>Lafarga et al. 2026</a>,2.67899519,0.37365834,-0.26903649,0.23900435,7.65,,,M-R relationship,<a refstr=CALCULATED_VALUE href=/docs/pscp_calc.html target=_blank>Calculated Value</a>,0.0241,2.19,,,,,,,4396.27,0.713832,0.641,,0.13947704773594607
NGTS-39 b,NGTS-39,1,1,Transit,2026,58.20472,0.3077,,4.2e-05,-3.8e-05,<a refstr=APERGIS_ET_AL_2026 href=https://ui.adsabs.harvard.edu/abs/2026MNRAS.550g1271A/abstract target=ref>Apergis et al. 2026</a>,12.195371,0.13450777,-0.13450777,1.088,466.25427307,25.74410097,-25.74410097,Mass,<a refstr=APERGIS_ET_AL_2026 href=https://ui.adsabs.harvard.edu/abs/2026MNRAS.550g1271A/abstract target=ref>Apergis et al. 2026</a>,1.467,1.411,0.386,0.019,-0.019,16.7057,519.0,F9 V,6053.0,1.16,1.16,0.196,0.011029411897350232
Kepler-993 b,Kepler-993,1,1,Transit,2016,22.08557563,0.13,89.41,4.655e-05,-4.655e-05,<a refstr=MORTON_ET_AL__2016 href=https://ui.adsabs.harvard.edu/abs/2016ApJ...822...86M/abstract target=ref>Morton et al. 2016</a>,2.97,0.18,-0.12,0.26496565,9.11,,,M-R relationship,<a refstr=CALCULATED_VALUE href=/docs/pscp_calc.html target=_blank>Calculated Value</a>,0.0287,1.91,0.0,,,3.954,352.0,,3843.0,0.54,0.57,0.03,0.0606060606060606
K2-411 b,K2-411,1,1,Transit,2022,3.2141,0.0511,90.0008,0.0002,-0.0002,<a refstr=DEL_SER_ET_AL_2023 href=https://ui.adsabs.harvard.edu/abs/2023MNRAS.518..669D/abstract target=ref>del Ser et al. 2023</a>,0.9898,0.0498,-0.0486,0.08830419,0.937,,,M-R relationship,<a refstr=CALCULATED_VALUE href=/docs/pscp_calc.html target=_blank>Calculated Value</a>,0.00295,5.31,,,,619.038,1428.52,,5711.0,1.375,1.018,0.1415,0.050313194584764596
TOI-6383 A b,TOI-6383 A,2,1,Transit,2024,1.79058695,0.02292,88.8,8.7e-07,-8.6e-07,<a refstr=BERNAB_AMP_OGRAVE__ET_AL__2024 href=https://ui.adsabs.harvard.edu/abs/2024AJ....168..273B/abstract target=ref>Bernab&ograve; et al. 2024</a>,11.29,0.41,-0.37,1.008,331.0,30.0,-30.0,Mass,<a refstr=BERNAB_AMP_OGRAVE__ET_AL__2024 href=https://ui.adsabs.harvard.edu/abs/2024AJ....168..273B/abstract target=ref>Bernab&ograve; et al. 2024</a>,1.04,1.26,0.05,0.042,-0.033,51.3,745.0,M3,3444.0,0.457,0.458,,0.03631532329495128
TOI-7149 b,TOI-7149,1,1,Transit,2025,2.65206166,0.02603,89.25,8e-07,-8e-07,<a refstr=KANODIA_ET_AL_2025 href=https://ui.adsabs.harvard.edu/abs/2025AJ....170..203K/abstract target=ref>Kanodia et al. 2025</a>,13.2,0.51,-0.51,1.18,224.0,24.0,-24.0,Mass,<a refstr=KANODIA_ET_AL_2025 href=https://ui.adsabs.harvard.edu/abs/2025AJ....170..203K/abstract target=ref>Kanodia et al. 2025</a>,0.705,0.53,0.078,0.047,-0.048,20.6,593.0,M4 V,3363.0,0.351,0.344,-0.08,0.03863636363636364
TIC 154870955 b,TIC 154870955,1,1,Transit,2026,7.9698747128,,88.18504,7.841768e-05,-7.819124e-05,<a refstr=LAFARGA_ET_AL_2026 href=https://ui.adsabs.harvard.edu/abs/2026MNRAS.548ag512L/abstract target=ref>Lafarga et al. 2026</a>,3.09467466,0.51582816,-0.3402219,0.27608886,9.77,,,M-R relationship,<a refstr=CALCULATED_VALUE href=/docs/pscp_calc.html target=_blank>Calculated Value</a>,0.0307,1.81,,,,,,,4739.58,0.724328,0.828,,0.16668251647493051
Kepler-914 b,Kepler-914,1,1,Transit,2016,4.40966548,0.05454,85.07,1.193e-05,-1.193e-05,<a refstr=MORTON_ET_AL__2016 href=https://ui.adsabs.harvard.edu/abs/2016ApJ...822...86M/abstract target=ref>Morton et al. 2016</a>,1.38,0.17,-0.12,0.12311535,2.48,,,M-R relationship,<a refstr=CALCULATED_VALUE href=/docs/pscp_calc.html target=_blank>Calculated Value</a>,0.0078,5.19,0.0,,,568.378,1192.0,,5877.0,1.15,1.1,0.22,0.12318840579710147
TOI-6086 b,TOI-6086,1,1,Transit,2024,1.3888725,0.01541,87.3,8.27e-05,-8.27e-05,<a refstr=BARKAOUI_ET_AL_2024 href=https://ui.adsabs.harvard.edu/abs/2024A&A...687A.264B/abstract target=ref>Barkaoui et al. 2024</a>,1.18,0.07,-0.07,0.10527273,1.76,,,M-R relationship,<a refstr=CALCULATED_VALUE href=/docs/pscp_calc.html target=_blank>Calculated Value</a>,0.00553,5.89,,,,26.8,634.0,M3.0,3200.0,0.259,0.254,0.11,0.05932203389830509
TOI-7384 b,TOI-7384,1,1,Transit,2026,6.2340258,0.0439,88.79,3.4e-06,-3.6e-06,<a refstr=SCOTT_ET_AL_2026 href=https://ui.adsabs.harvard.edu/abs/2026MNRAS.547ag070S/abstract target=ref>Scott et al. 2026</a>,3.56,0.21,-0.21,0.318,12.4,,,M-R relationship,<a refstr=CALCULATED_VALUE href=/docs/pscp_calc.html target=_blank>Calculated Value</a>,0.039,1.51,0.4,,,4.9,378.0,M4,3185.0,0.319,0.318,0.0,0.05898876404494382
Kepler-981 b,Kepler-981,1,1,Transit,2016,4.469757736,0.0535,88.32,5.863e-06,-5.863e-06,<a refstr=MORTON_ET_AL__2016 href=https://ui.adsabs.harvard.edu/abs/2016ApJ...822...86M/abstract target=ref>Morton et al. 2016</a>,2.31,0.3,-0.18,0.2060844,5.95,,,M-R relationship,<a refstr=CALCULATED_VALUE href=/docs/pscp_calc.html target=_blank>Calculated Value</a>,0.0187,2.65,0.0,,,337.471,1103.0,,5718.0,0.96,0.98,0.01,0.12987012987012986
Kepler-1043 b,Kepler-1043,1,1,Transit,2016,38.5053398,0.2159,89.04,0.0001785,-0.0001785,<a refstr=MORTON_ET_AL__2016 href=https://ui.adsabs.harvard.edu/abs/2016ApJ...822...86M/abstract target=ref>Morton et al. 2016</a>,2.55,0.39,-0.24,0.22749576,7.04,,,M-R relationship,<a refstr=CALCULATED_VALUE href=/docs/pscp_calc.html target=_blank>Calculated Value</a>,0.0221,2.33,0.0,,,21.692,532.0,,5629.0,0.9,0.92,-0.11,0.15294117647058825
TIC 249022743 b,TIC 249022743,1,1,Transit,2026,2.25719681538,,86.41999,1.235837e-05,-1.191967e-05,<a refstr=LAFARGA_ET_AL_2026 href=https://ui.adsabs.harvard.edu/abs/2026MNRAS.548ag512L/abstract target=ref>Lafarga et al. 2026</a>,4.79568155,0.39118649,-0.36349889,0.42784279,20.6,,,M-R relationship,<a refstr=CALCULATED_VALUE href=/docs/pscp_calc.html target=_blank>Calculated Value</a>,0.0647,1.03,,,,,,,5567.58,1.2084,1.0,,0.08157057259150162
TIC 260969020 b,TIC 260969020,1,1,Transit,2026,8.48584501953,,88.75946,4.786981e-05,-4.440555e-05,<a refstr=LAFARGA_ET_AL_2026 href=https://ui.adsabs.harvard.edu/abs/2026MNRAS.548ag512L/abstract target=ref>Lafarga et al. 2026</a>,2.22686612,0.23860135,-0.19249709,0.19866803,5.59,,,M-R relationship,<a refstr=CALCULATED_VALUE href=/docs/pscp_calc.html target=_blank>Calculated Value</a>,0.0176,2.78,,,,,,,4572.94,0.68988,0.75,,0.10714669726081243
Kepler-1053 b,Kepler-1053,1,1,Transit,2016,2.414351654,0.0315,89.12,2.538e-06,-2.538e-06,<a refstr=MORTON_ET_AL__2016 href=https://ui.adsabs.harvard.edu/abs/2016ApJ...822...86M/abstract target=ref>Morton et al. 2016</a>,0.98,0.05,-0.04,0.08742974,0.904,,,M-R relationship,<a refstr=CALCULATED_VALUE href=/docs/pscp_calc.html target=_blank>Calculated Value</a>,0.00284,5.28,0.0,,,139.818,953.0,,4529.0,0.69,0.74,0.1,0.05102040816326531
TIC 393818343 b,TIC 393818343,2,1,Transit,2024,16.24921,0.1291,89.57,0.0001,-0.00011,<a refstr=SGRO_ET_AL_2024 href=https://ui.adsabs.harvard.edu/abs/2024AJ....168...26S/abstract target=ref>Sgro et al. 2024</a>,12.18416202,0.25780656,-0.23538859,1.087,1379.37528638,47.67426105,-47.67426105,Mass,<a refstr=SGRO_ET_AL_2024 href=https://ui.adsabs.harvard.edu/abs/2024AJ....168...26S/abstract target=ref>Sgro et al. 2024</a>,4.34,4.22,0.6058,0.0023,-0.0023,2.28,805.5,G0,5756.0,1.086,1.082,0.318,0.021159153955505265
Kepler-1032 b,Kepler-1032,1,1,Transit,2016,3.290117953,0.0361,89.3,5.053e-06,-5.053e-06,<a refstr=MORTON_ET_AL__2016 href=https://ui.adsabs.harvard.edu/abs/2016ApJ...822...86M/abstract target=ref>Morton et al. 2016</a>,1.87,0.1,-0.08,0.16683023,4.16,,,M-R relationship,<a refstr=CALCULATED_VALUE href=/docs/pscp_calc.html target=_blank>Calculated Value</a>,0.0131,3.5,0.0,,,176.144,802.0,,4647.0,0.71,0.77,0.16,0.053475935828877004
TIC 390586021 b,TIC 390586021,1,1,Transit,2026,2.74703755819,,88.01119,2.896074e-05,-2.929988e-05,<a refstr=LAFARGA_ET_AL_2026 href=https://ui.adsabs.harvard.edu/abs/2026MNRAS.548ag512L/abstract target=ref>Lafarga et al. 2026</a>,2.86009388,0.30567917,-0.28246364,0.25516093,8.55,,,M-R relationship,<a refstr=CALCULATED_VALUE href=/docs/pscp_calc.html target=_blank>Calculated Value</a>,0.0269,2.01,,,,,,,4434.81,0.726565,0.648,,0.10687732040460154
TIC 423703298 b,TIC 423703298,1,1,Transit,2026,4.03712711976,,88.37961,3.918146e-05,-4.154448e-05,<a refstr=LAFARGA_ET_AL_2026 href=https://ui.adsabs.harvard.edu/abs/2026MNRAS.548ag512L/abstract target=ref>Lafarga et al. 2026</a>,2.77230429,0.34462473,-0.29893732,0.24732885,8.11,,,M-R relationship,<a refstr=CALCULATED_VALUE href=/docs/pscp_calc.html target=_blank>Calculated Value</a>,0.0255,2.09,,,,,,,4540.37,0.729825,0.691,,0.1243098498397519
Kepler-1023 b,Kepler-1023,1,1,Transit,2016,62.1387714,0.30284,89.52,0.0002199,-0.0002199,<a refstr=MORTON_ET_AL__2016 href=https://ui.adsabs.harvard.edu/abs/2016ApJ...822...86M/abstract target=ref>Morton et al. 2016</a>,2.63,0.3,-0.18,0.23463288,7.41,,,M-R relationship,<a refstr=CALCULATED_VALUE href=/docs/pscp_calc.html target=_blank>Calculated Value</a>,0.0233,2.24,0.0,,,6.978,524.0,,5494.0,0.89,0.93,0.05,0.11406844106463879
Kepler-932 b,Kepler-932,1,1,Transit,2016,1.921437396,0.02876,74.86,2.123e-06,-2.123e-06,<a refstr=MORTON_ET_AL__2016 href=https://ui.adsabs.harvard.edu/abs/2016ApJ...822...86M/abstract target=ref>Morton et al. 2016</a>,1.37,0.13,-0.1,0.12222321,2.45,,,M-R relationship,<a refstr=CALCULATED_VALUE href=/docs/pscp_calc.html target=_blank>Calculated Value</a>,0.00771,5.24,0.0,,,562.217,1276.0,,5331.0,0.84,0.87,-0.01,0.0948905109489051
TOI-6707 b,TOI-6707,1,1,Transit,2026,3.83479363758,,87.16688,1.566507e-05,-1.63709e-05,<a refstr=LAFARGA_ET_AL_2026 href=https://ui.adsabs.harvard.edu/abs/2026MNRAS.548ag512L/abstract target=ref>Lafarga et al. 2026</a>,5.72673066,0.41846318,-0.39880235,0.51090557,27.8,,,M-R relationship,<a refstr=CALCULATED_VALUE href=/docs/pscp_calc.html target=_blank>Calculated Value</a>,0.0874,0.813,,,,1226.7862,1509.43,,6289.49,1.58202,1.14,-0.0801,0.07307191569578723
Kepler-973 b,Kepler-973,1,1,Transit,2016,49.6077331,0.2489,89.5,0.0001208,-0.0001208,<a refstr=MORTON_ET_AL__2016 href=https://ui.adsabs.harvard.edu/abs/2016ApJ...822...86M/abstract target=ref>Morton et al. 2016</a>,1.96,0.08,-0.07,0.17485949,4.5,,,M-R relationship,<a refstr=CALCULATED_VALUE href=/docs/pscp_calc.html target=_blank>Calculated Value</a>,0.0142,3.28,0.0,,,7.892,402.0,,5213.0,0.78,0.86,-0.06,0.04081632653061225
TOI-5595 b,TOI-5595,1,1,Transit,2026,5.99002553853,,89.07971,2.208607e-05,-2.207562e-05,<a refstr=LAFARGA_ET_AL_2026 href=https://ui.adsabs.harvard.edu/abs/2026MNRAS.548ag512L/abstract target=ref>Lafarga et al. 2026</a>,4.73740402,0.36062543,-0.34675941,0.42264361,20.1,,,M-R relationship,<a refstr=CALCULATED_VALUE href=/docs/pscp_calc.html target=_blank>Calculated Value</a>,0.0634,1.04,,,,24.7628,621.0,,4417.3,0.743344,0.645,,0.07612300502079619
TOI-6016 b,TOI-6016,1,1,Transit,2024,4.023687,0.055,,3e-06,-3e-06,<a refstr=EHRHARDT_ET_AL__2024 href=https://ui.adsabs.harvard.edu/abs/2024A&A...692A.220E/abstract target=ref>Ehrhardt et al. 2024</a>,13.67495645,0.33626942,-0.33626942,1.22,371.85923619,28.60455663,-28.60455663,Mass,<a refstr=EHRHARDT_ET_AL__2024 href=https://ui.adsabs.harvard.edu/abs/2024A&A...692A.220E/abstract target=ref>Ehrhardt et al. 2024</a>,1.17,0.81,0.0,,,940.0,1890.0,F,6110.0,1.51,1.31,0.28,0.024590163868492613
TOI-5616 b,TOI-5616,1,1,Transit,2024,2.002849,0.0272,88.13,4e-06,-4e-06,<a refstr=KANODIA_ET_AL_2024 href=https://ui.adsabs.harvard.edu/abs/2024AJ....168..235K/abstract target=ref>Kanodia et al. 2024</a>,10.78,0.54,-0.47,0.961,624.0,,,Mass,<a refstr=KANODIA_ET_AL_2024 href=https://ui.adsabs.harvard.edu/abs/2024AJ....168..235K/abstract target=ref>Kanodia et al. 2024</a>,1.96332356,,0.0,,,137.0,939.0,,3996.0,0.646,0.666,0.14,0.05009276437847867
Kepler-408 b,Kepler-408,1,1,Transit,2014,2.46502,0.03592,87.51,,,<a refstr=MARCY_ET_AL__2014 href=https://ui.adsabs.harvard.edu/abs/2014ApJS..210...20M/abstract target=ref> Marcy et al. 2014 </a>,0.82,0.03,-0.03,0.073,5.0,,,Mass,<a refstr=MARCY_ET_AL__2014 href=https://ui.adsabs.harvard.edu/abs/2014ApJS..210...20M/abstract target=ref> Marcy et al. 2014 </a>,0.01573168,,0.0,,,1503.581,1561.0,,6104.0,1.23,1.08,-0.2,0.036585365853658534
Kepler-958 b,Kepler-958,1,1,Transit,2016,9.7678805,0.08631,86.73,1.11e-05,-1.11e-05,<a refstr=MORTON_ET_AL__2016 href=https://ui.adsabs.harvard.edu/abs/2016ApJ...822...86M/abstract target=ref>Morton et al. 2016</a>,2.06,0.1,-0.08,0.18378089,4.9,,,M-R relationship,<a refstr=CALCULATED_VALUE href=/docs/pscp_calc.html target=_blank>Calculated Value</a>,0.0154,3.08,0.0,,,73.59,749.0,,5421.0,0.86,0.91,0.01,0.04854368932038835
Kepler-507 b,Kepler-507,1,1,Transit,2016,3.568096926,0.04781,85.83,7.072e-06,-7.072e-06,<a refstr=MORTON_ET_AL__2016 href=https://ui.adsabs.harvard.edu/abs/2016ApJ...822...86M/abstract target=ref>Morton et al. 2016</a>,1.3,0.24,-0.17,0.11597823,5.69692195,1.46657784,-1.46657784,Msini,<a refstr=WEISS_ET_AL__2024 href=https://ui.adsabs.harvard.edu/abs/2024ApJS..270....8W/abstract target=ref>Weiss et al. 2024</a>,0.01792452,14.828486,0.0,,,877.327,1407.0,,6113.0,1.32,1.16,0.06,0.1846153846153846
Kepler-1248 b,Kepler-1248,1,1,Transit,2016,7.46725407,0.0806,87.99,5.302e-05,-5.302e-05,<a refstr=MORTON_ET_AL__2016 href=https://ui.adsabs.harvard.edu/abs/2016ApJ...822...86M/abstract target=ref>Morton et al. 2016</a>,1.18,0.2,-0.11,0.10527255,1.76,,,M-R relationship,<a refstr=CALCULATED_VALUE href=/docs/pscp_calc.html target=_blank>Calculated Value</a>,0.00553,5.89,0.0,,,271.25,1035.0,,6149.0,1.21,1.21,0.24,0.16949152542372883
Kepler-1314 b,Kepler-1314,1,1,Transit,2016,5.424749281,0.0504,89.98,3.966e-06,-3.966e-06,<a refstr=MORTON_ET_AL__2016 href=https://ui.adsabs.harvard.edu/abs/2016ApJ...822...86M/abstract target=ref>Morton et al. 2016</a>,5.11,0.19,-0.19,0.45588366,22.9,,,M-R relationship,<a refstr=CALCULATED_VALUE href=/docs/pscp_calc.html target=_blank>Calculated Value</a>,0.072,0.943,0.0,,,36.05,625.0,,4188.0,0.59,0.6,-0.22,0.03718199608610567
Kepler-1089 b,Kepler-1089,1,1,Transit,2016,5.132485618,0.0497,89.54,9.48e-06,-9.48e-06,<a refstr=MORTON_ET_AL__2016 href=https://ui.adsabs.harvard.edu/abs/2016ApJ...822...86M/abstract target=ref>Morton et al. 2016</a>,1.83,0.1,-0.34,0.16326166,4.01,,,M-R relationship,<a refstr=CALCULATED_VALUE href=/docs/pscp_calc.html target=_blank>Calculated Value</a>,0.0126,3.6,0.0,,,26.266,584.0,,3753.0,0.49,0.52,-0.09,0.18579234972677597
Kepler-1223 b,Kepler-1223,1,1,Transit,2016,16.301259,0.1186,86.86,0.000103,-0.000103,<a refstr=MORTON_ET_AL__2016 href=https://ui.adsabs.harvard.edu/abs/2016ApJ...822...86M/abstract target=ref>Morton et al. 2016</a>,1.22,0.06,-0.08,0.10884111,1.98,,,M-R relationship,<a refstr=CALCULATED_VALUE href=/docs/pscp_calc.html target=_blank>Calculated Value</a>,0.00624,5.99,0.0,,,20.51,557.0,,4870.0,0.75,0.8,0.04,0.06557377049180328
Kepler-512 b,Kepler-512,1,1,Transit,2016,34.43587975,0.21395,89.98,8.258e-05,-8.258e-05,<a refstr=MORTON_ET_AL__2016 href=https://ui.adsabs.harvard.edu/abs/2016ApJ...822...86M/abstract target=ref>Morton et al. 2016</a>,2.69,0.49,-0.31,0.23998573,7.7,,,M-R relationship,<a refstr=CALCULATED_VALUE href=/docs/pscp_calc.html target=_blank>Calculated Value</a>,0.0242,2.17,0.0,,,32.329,652.0,,5997.0,1.3,1.17,0.22,0.1821561338289963
Kepler-22 b,Kepler-22,1,1,Transit,2011,289.863876,0.812,89.764,1.3e-05,-1.3e-05,<a refstr=BONOMO_ET_AL_2023 href=https://ui.adsabs.harvard.edu/abs/2023A&A...677A..33B/abstract target=ref>Bonomo et al. 2023</a>,2.1,0.12,-0.12,0.18734977,9.1,,,Mass,<a refstr=BONOMO_ET_AL_2023 href=https://ui.adsabs.harvard.edu/abs/2023A&A...677A..33B/abstract target=ref>Bonomo et al. 2023</a>,0.0286318,5.2,0.72,,,1.013,279.0,G5 V,5596.0,0.869,0.857,-0.255,0.05714285714285714
Kepler-1198 b,Kepler-1198,1,1,Transit,2016,7.6847716,0.0732,89.89,3.25e-05,-3.25e-05,<a refstr=MORTON_ET_AL__2016 href=https://ui.adsabs.harvard.edu/abs/2016ApJ...822...86M/abstract target=ref>Morton et al. 2016</a>,1.47,0.18,-0.1,0.13114462,2.76,,,M-R relationship,<a refstr=CALCULATED_VALUE href=/docs/pscp_calc.html target=_blank>Calculated Value</a>,0.00869,4.77,0.0,,,108.069,830.0,,5517.0,0.9,0.93,0.03,0.12244897959183673
Kepler-1294 b,Kepler-1294,1,1,Transit,2016,115.6862258,0.4684,89.93,0.0008445,-0.0008445,<a refstr=MORTON_ET_AL__2016 href=https://ui.adsabs.harvard.edu/abs/2016ApJ...822...86M/abstract target=ref>Morton et al. 2016</a>,3.19,0.54,-0.31,0.28459274,10.3,,,M-R relationship,<a refstr=CALCULATED_VALUE href=/docs/pscp_calc.html target=_blank>Calculated Value</a>,0.0324,1.74,0.0,,,12.362,401.0,,5776.0,0.97,0.99,-0.03,0.16927899686520378
Kepler-1251 b,Kepler-1251,1,1,Transit,2016,45.0904643,0.2478,88.01,0.000463,-0.000463,<a refstr=MORTON_ET_AL__2016 href=https://ui.adsabs.harvard.edu/abs/2016ApJ...822...86M/abstract target=ref>Morton et al. 2016</a>,1.84,0.26,-0.14,0.1641538,4.04,,,M-R relationship,<a refstr=CALCULATED_VALUE href=/docs/pscp_calc.html target=_blank>Calculated Value</a>,0.0127,3.56,0.0,,,13.78,487.0,,5545.0,0.89,0.92,-0.04,0.14130434782608695
Kepler-1232 b,Kepler-1232,1,1,Transit,2016,26.7839183,0.16545,89.95,0.0001786,-0.0001786,<a refstr=MORTON_ET_AL__2016 href=https://ui.adsabs.harvard.edu/abs/2016ApJ...822...86M/abstract target=ref>Morton et al. 2016</a>,1.93,0.24,-0.16,0.17218307,4.38,,,M-R relationship,<a refstr=CALCULATED_VALUE href=/docs/pscp_calc.html target=_blank>Calculated Value</a>,0.0138,3.35,0.0,,,14.6,523.0,,5471.0,0.89,0.92,0.06,0.12435233160621761
Kepler-515 b,Kepler-515,2,1,Transit,2016,19.96371318,0.1333,88.51,5.659e-05,-5.659e-05,<a refstr=MORTON_ET_AL__2016 href=https://ui.adsabs.harvard.edu/abs/2016ApJ...822...86M/abstract target=ref>Morton et al. 2016</a>,1.46,0.06,-0.05,0.13025248,2.73,,,M-R relationship,<a refstr=CALCULATED_VALUE href=/docs/pscp_calc.html target=_blank>Calculated Value</a>,0.00859,4.82,0.0,,,47.97,564.0,,5293.0,0.83,0.9,0.08,0.0410958904109589
Kepler-1324 b,Kepler-1324,1,1,Transit,2016,4.115844679,0.0466,86.52,8.55e-06,-8.55e-06,<a refstr=MORTON_ET_AL__2016 href=https://ui.adsabs.harvard.edu/abs/2016ApJ...822...86M/abstract target=ref>Morton et al. 2016</a>,1.51,0.08,-0.09,0.13471318,2.89,,,M-R relationship,<a refstr=CALCULATED_VALUE href=/docs/pscp_calc.html target=_blank>Calculated Value</a>,0.00909,4.61,0.0,,,98.414,895.0,,4776.0,0.73,0.78,0.05,0.059602649006622516
Kepler-1104 b,Kepler-1104,1,1,Transit,2016,5.03728015,0.06321,80.72,1.378e-05,-1.378e-05,<a refstr=MORTON_ET_AL__2016 href=https://ui.adsabs.harvard.edu/abs/2016ApJ...822...86M/abstract target=ref>Morton et al. 2016</a>,1.23,0.14,-0.1,0.10973325,2.04,,,M-R relationship,<a refstr=CALCULATED_VALUE href=/docs/pscp_calc.html target=_blank>Calculated Value</a>,0.00642,6.02,0.0,,,813.524,1321.0,,6417.0,1.41,1.3,0.13,0.11382113821138212
Kepler-530 b,Kepler-530,2,1,Transit,2016,39.30941904,0.21491,89.97,4.834e-05,-4.834e-05,<a refstr=MORTON_ET_AL__2016 href=https://ui.adsabs.harvard.edu/abs/2016ApJ...822...86M/abstract target=ref>Morton et al. 2016</a>,3.01,0.17,-0.1,0.26853421,9.32,,,M-R relationship,<a refstr=CALCULATED_VALUE href=/docs/pscp_calc.html target=_blank>Calculated Value</a>,0.0293,1.88,0.0,,,14.238,488.0,,5697.0,0.89,0.97,-0.08,0.05647840531561463
Kepler-1114 b,Kepler-1114,1,1,Transit,2016,14.97435694,0.11056,89.89,5.221e-05,-5.221e-05,<a refstr=MORTON_ET_AL__2016 href=https://ui.adsabs.harvard.edu/abs/2016ApJ...822...86M/abstract target=ref>Morton et al. 2016</a>,1.35,0.08,-0.07,0.12043893,2.39,,,M-R relationship,<a refstr=CALCULATED_VALUE href=/docs/pscp_calc.html target=_blank>Calculated Value</a>,0.00752,5.34,0.0,,,39.321,631.0,,5374.0,0.83,0.87,-0.08,0.059259259259259255
Kepler-1241 b,Kepler-1241,1,1,Transit,2016,18.5525701,0.1336,87.94,0.0001035,-0.0001035,<a refstr=MORTON_ET_AL__2016 href=https://ui.adsabs.harvard.edu/abs/2016ApJ...822...86M/abstract target=ref>Morton et al. 2016</a>,2.63,0.21,-0.23,0.23463288,7.41,,,M-R relationship,<a refstr=CALCULATED_VALUE href=/docs/pscp_calc.html target=_blank>Calculated Value</a>,0.0233,2.24,0.0,,,31.456,612.0,,5261.0,0.8,0.84,-0.09,0.08745247148288975
Kepler-1331 b,Kepler-1331,1,1,Transit,2016,0.789161653,0.0142,86.5,1.214e-06,-1.214e-06,<a refstr=MORTON_ET_AL__2016 href=https://ui.adsabs.harvard.edu/abs/2016ApJ...822...86M/abstract target=ref>Morton et al. 2016</a>,1.05,0.09,-0.08,0.09367473,1.16,,,M-R relationship,<a refstr=CALCULATED_VALUE href=/docs/pscp_calc.html target=_blank>Calculated Value</a>,0.00364,5.51,0.0,,,547.294,1244.0,,4508.0,0.69,0.72,0.05,0.0857142857142857
Kepler-1108 b,Kepler-1108,1,1,Transit,2016,4.51005748,0.0511,89.59,1.33e-05,-1.33e-05,<a refstr=MORTON_ET_AL__2016 href=https://ui.adsabs.harvard.edu/abs/2016ApJ...822...86M/abstract target=ref>Morton et al. 2016</a>,1.46,0.14,-0.11,0.13025248,2.73,,,M-R relationship,<a refstr=CALCULATED_VALUE href=/docs/pscp_calc.html target=_blank>Calculated Value</a>,0.00859,4.82,0.0,,,206.414,1063.0,,5406.0,0.84,0.88,-0.09,0.09589041095890412
Kepler-1214 b,Kepler-1214,1,1,Transit,2016,18.82634264,0.128,89.82,8.784e-05,-8.784e-05,<a refstr=MORTON_ET_AL__2016 href=https://ui.adsabs.harvard.edu/abs/2016ApJ...822...86M/abstract target=ref>Morton et al. 2016</a>,2.36,0.19,-0.11,0.2105451,6.17,,,M-R relationship,<a refstr=CALCULATED_VALUE href=/docs/pscp_calc.html target=_blank>Calculated Value</a>,0.0194,2.58,0.0,,,23.18,591.0,,5130.0,0.8,0.85,0.05,0.0805084745762712
Kepler-1369 b,Kepler-1369,1,1,Transit,2016,25.873148,0.1741,89.71,0.0001453,-0.0001453,<a refstr=MORTON_ET_AL__2016 href=https://ui.adsabs.harvard.edu/abs/2016ApJ...822...86M/abstract target=ref>Morton et al. 2016</a>,2.69,0.42,-0.25,0.23998573,7.7,,,M-R relationship,<a refstr=CALCULATED_VALUE href=/docs/pscp_calc.html target=_blank>Calculated Value</a>,0.0242,2.17,0.0,,,37.158,667.0,,5761.0,0.99,0.99,0.0,0.15613382899628253
Kepler-1192 b,Kepler-1192,1,1,Transit,2016,25.2034787,0.1693,89.78,0.0001278,-0.0001278,<a refstr=MORTON_ET_AL__2016 href=https://ui.adsabs.harvard.edu/abs/2016ApJ...822...86M/abstract target=ref>Morton et al. 2016</a>,2.36,0.24,-0.22,0.2105451,6.17,,,M-R relationship,<a refstr=CALCULATED_VALUE href=/docs/pscp_calc.html target=_blank>Calculated Value</a>,0.0194,2.58,0.0,,,34.742,600.0,,5438.0,0.83,0.86,-0.16,0.1016949152542373
KELT-23 A b,KELT-23 A,2,1,Transit,2019,2.255251,0.03302,85.37,1.1e-05,-1.2e-05,<a refstr=JOHNS_ET_AL__2019 href=https://ui.adsabs.harvard.edu/abs/2019AJ....158...78J/abstract target=ref>Johns et al. 2019</a>,14.829507,0.280225,-0.280225,1.323,298.12454,15.25584,-13.98452,Mass,<a refstr=JOHNS_ET_AL__2019 href=https://ui.adsabs.harvard.edu/abs/2019AJ....158...78J/abstract target=ref>Johns et al. 2019</a>,0.938,0.503,0.0,,,991.183,1561.0,G2 V,5899.0,0.996,0.944,-0.105,0.01889644746787604
HATS-77 b,HATS-77,1,1,Transit,2021,3.0876262,0.03607,88.44,1.6e-06,-1.6e-06,<a refstr=JORD_AACUTE_N_ET_AL__2022 href=https://ui.adsabs.harvard.edu/abs/2022AJ....163..125J/abstract target=ref>Jord&aacute;n et al. 2022</a>,13.05846252,0.23538859,-0.23538859,1.165,436.69623122,31.7828407,-23.51930212,Mass,<a refstr=JORD_AACUTE_N_ET_AL__2022 href=https://ui.adsabs.harvard.edu/abs/2022AJ....163..125J/abstract target=ref>Jord&aacute;n et al. 2022</a>,1.374,1.077,0.045,,,78.37,828.3,,4071.0,0.6428,0.655,0.253,0.018025750706829765
TOI-1753 b,TOI-1753,1,1,Transit,2024,5.3846104,0.059,,9.9e-06,-9.9e-06,<a refstr=POLANSKI_ET_AL__2024 href=https://ui.adsabs.harvard.edu/abs/2024ApJS..272...32P/abstract target=ref>Polanski et al. 2024</a>,2.47852533,0.09834485,-0.07935468,0.2211196,16.6,5.2,-5.2,Mass,<a refstr=POLANSKI_ET_AL__2024 href=https://ui.adsabs.harvard.edu/abs/2024ApJS..272...32P/abstract target=ref>Polanski et al. 2024</a>,0.05222944,5.95,0.0,,,237.996,1005.43,,5621.0,0.9715,0.9483,0.026,0.03967877544346097
TOI-2274 b,TOI-2274,1,1,Transit,2024,2.67963,0.05,87.37,3e-06,-3e-06,<a refstr=PEL_AMP_AACUTE_EZ_TORRES_ET_AL__2024 href=https://ui.adsabs.harvard.edu/abs/2024A&A...690A..62P/abstract target=ref>Pel&aacute;ez-Torres et al. 2024</a>,2.45,0.23,-0.13,0.21857474,6.57,,,M-R relationship,<a refstr=CALCULATED_VALUE href=/docs/pscp_calc.html target=_blank>Calculated Value</a>,0.0207,2.45,,,,83.7078,771.46,M,3943.0,0.631,0.612,,0.09387755102040816
Kepler-43 b,Kepler-43,1,1,Transit,2011,3.0240949,0.046,84.646,6e-07,-6e-07,<a refstr=ESTEVES_ET_AL__2015 href=https://ui.adsabs.harvard.edu/abs/2015ApJ...804..150E/abstract target=ref>Esteves et al. 2015</a>,13.663771,0.728585,-0.717376,1.219,1026.5909,82.6358,-82.6358,Mass,<a refstr=ESTEVES_ET_AL__2015 href=https://ui.adsabs.harvard.edu/abs/2015ApJ...804..150E/abstract target=ref>Esteves et al. 2015</a>,3.23,5.0,0.017,0.027,-0.009,1138.115,1620.0,F8 V,6041.0,1.42,1.32,0.33,0.05332239540607055
Kepler-858 b,Kepler-858,1,1,Transit,2016,76.13602028,0.33939,89.97,5.533e-05,-5.533e-05,<a refstr=MORTON_ET_AL__2016 href=https://ui.adsabs.harvard.edu/abs/2016ApJ...822...86M/abstract target=ref>Morton et al. 2016</a>,4.87,0.23,-0.2,0.4344723,21.1,,,M-R relationship,<a refstr=CALCULATED_VALUE href=/docs/pscp_calc.html target=_blank>Calculated Value</a>,0.0664,1.0,0.0,,,6.338,399.0,,5653.0,0.91,0.96,-0.04,0.04722792607802875
TOI-3023 b,TOI-3023,1,1,Transit,2023,3.9014971,0.0505,88.9,3.1e-06,-3.1e-06,<a refstr=YEE_ET_AL__2023 href=https://ui.adsabs.harvard.edu/abs/2023ApJS..265....1Y/abstract target=ref>Yee et al. 2023</a>,16.43236571,0.48198617,-0.35868738,1.466,197.05361234,31.7828407,-28.60455663,Mass,<a refstr=YEE_ET_AL__2023 href=https://ui.adsabs.harvard.edu/abs/2023ApJS..265....1Y/abstract target=ref>Yee et al. 2023</a>,0.62,0.245,0.0,,,1084.0,1596.0,,5760.0,1.668,1.12,0.085,0.029331514311824552
BD+60 1417 b,BD+60 1417,1,1,Imaging,2021,,1662.0,,,,,14.68376472,0.67253884,-0.67253884,1.31,4767.426105,1589.142035,-1589.142035,Mass,<a refstr=FAHERTY_ET_AL__2021 href=https://ui.adsabs.harvard.edu/abs/2021ApJ...923...48F/abstract target=ref>Faherty et al. 2021</a>,15.0,8.27,,,,0.0,1303.0,K0,4993.0,0.797,1.0,,0.045801526571994815
TOI-1227 b,TOI-1227,1,1,Transit,2022,27.36397,0.0886,88.571,0.00011,-0.00011,<a refstr=MANN_ET_AL__2022 href=https://ui.adsabs.harvard.edu/abs/2022AJ....163..156M/abstract target=ref>Mann et al. 2022</a>,9.57246952,0.75100171,-0.582867,0.854,66.5,,,M-R relationship,<a refstr=CALCULATED_VALUE href=/docs/pscp_calc.html target=_blank>Calculated Value</a>,0.209,0.417,,,,3.21,243.77,M4.5V-M5V,3072.0,0.56,0.17,,0.07845433285850777
TOI-1758 b,TOI-1758,1,1,Transit,2024,20.705074685,0.141409,,3.6572e-05,-3.4099e-05,<a refstr=CROSSFIELD_ET_AL_2025 href=https://ui.adsabs.harvard.edu/abs/2025AJ....169...89C/abstract target=ref>Crossfield et al. 2025</a>,3.62,0.337,-0.269,0.32295532,6.9,6.2,-6.3,Mass,<a refstr=POLANSKI_ET_AL__2024 href=https://ui.adsabs.harvard.edu/abs/2024ApJS..272...32P/abstract target=ref>Polanski et al. 2024</a>,0.02170983,0.83,0.0,,,21.05,551.44,,5169.0,0.81,0.88,-0.02,0.09309392265193371
TOI-2567 b,TOI-2567,1,1,Transit,2022,5.983944,0.0672,88.3,1.3e-05,-1.3e-05,<a refstr=YEE_ET_AL__2022 href=https://ui.adsabs.harvard.edu/abs/2022AJ....164...70Y/abstract target=ref>Yee et al. 2022</a>,10.92875618,0.3474784,-0.32506044,0.975,63.88350981,10.80616584,-9.85268062,Mass,<a refstr=YEE_ET_AL__2022 href=https://ui.adsabs.harvard.edu/abs/2022AJ....164...70Y/abstract target=ref>Yee et al. 2022</a>,0.201,0.269,0.0,0.048,-0.052,558.0,1352.0,,5611.0,1.686,1.13,0.241,0.03179487164659208
Kepler-1410 b,Kepler-1410,1,1,Transit,2016,60.866168,0.2543,89.75,0.0005161,-0.0005161,<a refstr=MORTON_ET_AL__2016 href=https://ui.adsabs.harvard.edu/abs/2016ApJ...822...86M/abstract target=ref>Morton et al. 2016</a>,1.78,0.12,-0.14,0.15880096,3.82,,,M-R relationship,<a refstr=CALCULATED_VALUE href=/docs/pscp_calc.html target=_blank>Calculated Value</a>,0.012,3.72,0.0,,,1.06,290.0,,4092.0,0.6,0.63,0.01,0.07865168539325844
WASP-87 b,WASP-87,2,1,Transit,2016,1.682795,0.02946,81.07,1.9e-06,-1.9e-06,<a refstr=ADDISON_ET_AL__2016 href=https://ui.adsabs.harvard.edu/abs/2016ApJ...823...29A/abstract target=ref>Addison et al. 2016</a>,15.524465,0.67254,-0.67254,1.385,692.8694,47.6745,-47.6745,Mass,<a refstr=ADDISON_ET_AL__2016 href=https://ui.adsabs.harvard.edu/abs/2016ApJ...823...29A/abstract target=ref>Addison et al. 2016</a>,2.18,1.02,0.0,,,4170.0965,2049.54,,6450.0,1.627,1.204,,0.043321299638989175
TOI-163 b,TOI-163,1,1,Transit,2019,4.231306,0.058,87.24,6.3e-05,-5.7e-05,<a refstr=KOSSAKOWSKI_ET_AL__2019 href=https://ui.adsabs.harvard.edu/abs/2019MNRAS.490.1094K/abstract target=ref>Kossakowski et al. 2019</a>,16.690201,0.381106,-0.381106,1.489,387.7526,38.1396,-38.1396,Mass,<a refstr=KOSSAKOWSKI_ET_AL__2019 href=https://ui.adsabs.harvard.edu/abs/2019MNRAS.490.1094K/abstract target=ref>Kossakowski et al. 2019</a>,1.22,0.49,0.0,,,1489.1126,1669.0,F,6495.0,1.648,1.4352,0.22,0.022834116856950977
K2-315 b,K2-315,1,1,Transit,2020,3.1443189,,88.74,4.9e-06,-4.9e-06,<a refstr=NIRAULA_ET_AL__2020 href=https://ui.adsabs.harvard.edu/abs/2020AJ....160..172N/abstract target=ref>Niraula et al. 2020</a>,0.95,0.058,-0.058,0.08475332,0.809,,,M-R relationship,<a refstr=CALCULATED_VALUE href=/docs/pscp_calc.html target=_blank>Calculated Value</a>,0.00254,5.18,,,,7.45,460.0,M(3.5+/-0.5) V,3300.0,0.196,0.174,-0.24,0.06105263157894737
TOI-1775 b,TOI-1775,1,1,Transit,2024,10.2405549,0.08,,9.6e-06,-9.6e-06,<a refstr=POLANSKI_ET_AL__2024 href=https://ui.adsabs.harvard.edu/abs/2024ApJS..272...32P/abstract target=ref>Polanski et al. 2024</a>,8.04728896,0.14337937,-0.12772169,0.71793227,96.0,15.0,-15.0,Mass,<a refstr=POLANSKI_ET_AL__2024 href=https://ui.adsabs.harvard.edu/abs/2024ApJS..272...32P/abstract target=ref>Polanski et al. 2024</a>,0.30204978,1.01,0.0,,,55.4426,707.89,,5284.0,0.8288,0.9218,0.162,0.017817102220721054
WASP-187 b,WASP-187,1,1,Transit,2020,5.147878,0.0653,,5e-06,-9e-06,<a refstr=SCHANCHE_ET_AL__2020 href=https://ui.adsabs.harvard.edu/abs/2020MNRAS.499..428S/abstract target=ref>Schanche et al. 2020</a>,18.38276,0.56045,-0.56045,1.64,254.264,28.6047,-28.6047,Mass,<a refstr=SCHANCHE_ET_AL__2020 href=https://ui.adsabs.harvard.edu/abs/2020MNRAS.499..428S/abstract target=ref>Schanche et al. 2020</a>,0.8,0.224,0.0,,,1594.76,1760.0,F,6150.0,2.83,1.54,0.0,0.03048780487804878
HD 77946 b,HD 77946,1,1,Transit,2024,6.527363,0.073,87.79,2.7e-05,-2.7e-05,<a refstr=POLANSKI_ET_AL__2024 href=https://ui.adsabs.harvard.edu/abs/2024ApJS..272...32P/abstract target=ref>Polanski et al. 2024</a>,2.89646124,0.1867559,-0.14235529,0.25840541,10.9,1.8,-1.7,Mass,<a refstr=POLANSKI_ET_AL__2024 href=https://ui.adsabs.harvard.edu/abs/2024ApJS..272...32P/abstract target=ref>Polanski et al. 2024</a>,0.03429524,2.44,0.211,0.072,-0.072,413.1008,1128.86,F5,6007.0,1.3174,1.1973,0.215,0.06447726536813592
Kepler-876 b,Kepler-876,1,1,Transit,2016,5.14438011,0.0549,89.88,2.466e-05,-2.466e-05,<a refstr=MORTON_ET_AL__2016 href=https://ui.adsabs.harvard.edu/abs/2016ApJ...822...86M/abstract target=ref>Morton et al. 2016</a>,1.43,0.1,-0.09,0.12757605,2.63,,,M-R relationship,<a refstr=CALCULATED_VALUE href=/docs/pscp_calc.html target=_blank>Calculated Value</a>,0.00829,4.94,0.0,,,152.746,923.0,,5060.0,0.77,0.81,-0.03,0.06993006993006994
TOI-2092 b,TOI-2092,1,1,Transit,2026,4.30325528074,,87.00941,2.596426e-05,-2.422764e-05,<a refstr=LAFARGA_ET_AL_2026 href=https://ui.adsabs.harvard.edu/abs/2026MNRAS.548ag512L/abstract target=ref>Lafarga et al. 2026</a>,2.94892961,0.31576526,-0.26073597,0.26308633,9.0,,,M-R relationship,<a refstr=CALCULATED_VALUE href=/docs/pscp_calc.html target=_blank>Calculated Value</a>,0.0283,1.93,,,,195.793,1042.0,,5842.06,1.0519,0.956,-0.1221,0.10707792377587473
Qatar-6 b,Qatar-6,2,1,Transit,2017,3.506195,0.0423,86.01,1.8e-05,-1.8e-05,<a refstr=ALSUBAI_ET_AL__2018 href=https://ui.adsabs.harvard.edu/abs/2018AJ....155...52A/abstract target=ref>Alsubai et al. 2018</a>,11.903958,0.795839,-0.795839,1.062,212.31044,20.97678,-20.97678,Mass,<a refstr=ALSUBAI_ET_AL__2018 href=https://ui.adsabs.harvard.edu/abs/2018AJ....155...52A/abstract target=ref>Alsubai et al. 2018</a>,0.668,0.692,0.0,,,174.9015,1006.0,K2 V,5052.0,0.722,0.822,-0.025,0.06685499058380415
K2-400 b,K2-400,1,1,Transit,2022,3.865053,,,0.000186,-0.000182,<a refstr=CHRISTIANSEN_ET_AL_2022 href=https://ui.adsabs.harvard.edu/abs/2022AJ....163..244C/abstract target=ref>Christiansen et al. 2022</a>,1.163,0.051,-0.049,0.10375609,1.67,,,M-R relationship,<a refstr=CALCULATED_VALUE href=/docs/pscp_calc.html target=_blank>Calculated Value</a>,0.00525,5.83,,,,,,M3,3578.0,0.382,0.374,-0.051,0.043852106620808254
TOI-2094 b,TOI-2094,1,1,Transit,2026,18.793193,0.136,89.387,1.8e-05,-1.8e-05,<a refstr=JIANG_ET_AL_2026 href=https://ui.adsabs.harvard.edu/abs/2026MNRAS.547ag367J/abstract target=ref>Jiang et al. 2026</a>,1.9,0.1,-0.1,0.16950694,4.27,,,M-R relationship,<a refstr=CALCULATED_VALUE href=/docs/pscp_calc.html target=_blank>Calculated Value</a>,0.0134,3.42,,,,0.98,276.0,M3 V,3435.0,0.384,0.425,-0.06,0.052631578947368425
TOI-2714 b,TOI-2714,1,1,Transit,2024,2.499387,0.036,86.3,4e-06,-4e-06,<a refstr=MANTOVAN_ET_AL_2024 href=https://ui.adsabs.harvard.edu/abs/2024A&A...691A..67M/abstract target=ref>Mantovan et al. 2024</a>,13.72,0.7,-0.67,1.22401852,228.0,33.0,-32.0,Mass,<a refstr=MANTOVAN_ET_AL_2024 href=https://ui.adsabs.harvard.edu/abs/2024A&A...691A..67M/abstract target=ref>Mantovan et al. 2024</a>,0.71736822,0.49,0.164,,,945.55,1603.0,,5665.0,1.25,1.07,0.3,0.0510204081632653
TOI-2382 b,TOI-2382,1,1,Transit,2025,4.6612061,0.059,84.11,3.2e-06,-3.2e-06,<a refstr=YEE_ET_AL_2025 href=https://ui.adsabs.harvard.edu/abs/2025ApJS..280...30Y/abstract target=ref>Yee et al. 2025</a>,12.25141591,0.85188253,-0.57165802,1.093,235.19302118,79.45710175,-79.45710175,Mass,<a refstr=YEE_ET_AL_2025 href=https://ui.adsabs.harvard.edu/abs/2025ApJS..280...30Y/abstract target=ref>Yee et al. 2025</a>,0.74,0.68,0.18,,,689.0,1426.0,,6033.0,1.417,1.26,0.249,0.06953339403853444
EPIC 201841433 b,EPIC 201841433,1,1,Transit,2019,4.1698,0.035,89.001,0.0001,-0.0001,<a refstr=DEL_SER__AMP__FORS_2020 href=https://ui.adsabs.harvard.edu/abs/2020MNRAS.498.2778D/abstract target=ref>del Ser &amp; Fors 2020</a>,1.04,0.037,-0.032,0.09278259,1.12,,,M-R relationship,<a refstr=CALCULATED_VALUE href=/docs/pscp_calc.html target=_blank>Calculated Value</a>,0.00352,5.47,,,,189.3706,1032.49,,5053.0,0.628461,0.802,0.0,0.035576923076923075
K2-318 b,K2-318,1,1,Transit,2020,7.01,0.0911,89.38,0.007,-0.007,<a refstr=CASTRO_GONZ_AACUTE_LEZ_ET_AL__2020 href=https://ui.adsabs.harvard.edu/abs/2020MNRAS.499.5416C/abstract target=ref>Castro Gonz&aacute;lez et al. 2020</a>,1.66,0.13,-0.13,0.14809528,3.39,,,M-R relationship,<a refstr=CALCULATED_VALUE href=/docs/pscp_calc.html target=_blank>Calculated Value</a>,0.0107,4.07,,,,6.368,456.0,,3851.0,0.552,0.561,,0.0783132530120482
K2-405 b,K2-405,1,1,Transit,2022,3.435471,,87.66474,3.6e-05,-3.1e-05,<a refstr=CHRISTIANSEN_ET_AL_2022 href=https://ui.adsabs.harvard.edu/abs/2022AJ....163..244C/abstract target=ref>Christiansen et al. 2022</a>,4.569,0.085,-0.123,0.40761958,18.9,,,M-R relationship,<a refstr=CALCULATED_VALUE href=/docs/pscp_calc.html target=_blank>Calculated Value</a>,0.0596,1.09,,,,146.577,969.0,K0,4927.0,0.765,1.034,0.132,0.026920551543007223
TOI-784 b,HD 307842,1,1,Transit,2023,2.7970365,0.038,88.6,3.1e-06,-3e-06,<a refstr=HUA_ET_AL_2023 href=https://ui.adsabs.harvard.edu/abs/2023AJ....166...32H/abstract target=ref>Hua et al. 2023</a>,1.93,0.11,-0.09,0.17218336,9.67,0.83,-0.82,Mass,<a refstr=HUA_ET_AL_2023 href=https://ui.adsabs.harvard.edu/abs/2023AJ....166...32H/abstract target=ref>Hua et al. 2023</a>,0.03042522,7.4,0.0,,,413.894,1256.0,G,5558.0,0.907,0.91,-0.13,0.05699481865284974
TOI-1814 b,TOI-1814,1,1,Transit,2026,6.36861010462,,87.45512,0.0001975857,-0.00019783205,<a refstr=LAFARGA_ET_AL_2026 href=https://ui.adsabs.harvard.edu/abs/2026MNRAS.548ag512L/abstract target=ref>Lafarga et al. 2026</a>,5.18536642,0.39910545,-0.39030277,0.4626082,23.5,,,M-R relationship,<a refstr=CALCULATED_VALUE href=/docs/pscp_calc.html target=_blank>Calculated Value</a>,0.0739,0.926,,,,216.0619,977.83,,4872.84,2.3895,,,0.0769676465795449
EPIC 206215704 b,EPIC 206215704,1,1,Transit,2019,2.255436,,89.9,9.1e-05,-9.1e-05,<a refstr=ADAMS_ET_AL__2021 href=https://ui.adsabs.harvard.edu/abs/2021PSJ.....2..152A/abstract target=ref>Adams et al. 2021</a>,1.0,0.1,-0.09,0.08921418,0.972,,,M-R relationship,<a refstr=CALCULATED_VALUE href=/docs/pscp_calc.html target=_blank>Calculated Value</a>,0.00306,5.34,,,,,,,3297.0,0.25,0.407,-0.33,0.1
Kepler-848 b,Kepler-848,1,1,Transit,2016,6.91134416,0.07586,88.37,2.461e-05,-2.461e-05,<a refstr=MORTON_ET_AL__2016 href=https://ui.adsabs.harvard.edu/abs/2016ApJ...822...86M/abstract target=ref>Morton et al. 2016</a>,1.7,0.31,-0.25,0.15166384,3.53,,,M-R relationship,<a refstr=CALCULATED_VALUE href=/docs/pscp_calc.html target=_blank>Calculated Value</a>,0.0111,3.95,0.0,,,794.778,1086.0,,5695.0,1.2,1.01,0.15,0.18235294117647058
Kepler-819 b,Kepler-819,1,1,Transit,2016,33.1995648,0.1894,89.98,0.0001174,-0.0001174,<a refstr=MORTON_ET_AL__2016 href=https://ui.adsabs.harvard.edu/abs/2016ApJ...822...86M/abstract target=ref>Morton et al. 2016</a>,2.76,0.25,-0.17,0.24623071,8.05,,,M-R relationship,<a refstr=CALCULATED_VALUE href=/docs/pscp_calc.html target=_blank>Calculated Value</a>,0.0253,2.1,0.0,,,9.913,485.0,,5279.0,0.81,0.86,-0.06,0.09057971014492755
TOI-799 b,TOI-799,1,1,Transit,2026,5.54519139676,,87.76971,4.152202e-05,-4.028025e-05,<a refstr=LAFARGA_ET_AL_2026 href=https://ui.adsabs.harvard.edu/abs/2026MNRAS.548ag512L/abstract target=ref>Lafarga et al. 2026</a>,2.06631784,0.30545179,-0.22030926,0.18434485,4.92,,,M-R relationship,<a refstr=CALCULATED_VALUE href=/docs/pscp_calc.html target=_blank>Calculated Value</a>,0.0155,3.06,,,,199.6326,958.69,,5662.81,0.915519,1.0,,0.14782420404404
K2-324 b,K2-324,1,1,Transit,2020,3.262,0.0331,88.33,0.001,-0.001,<a refstr=CASTRO_GONZ_AACUTE_LEZ_ET_AL__2020 href=https://ui.adsabs.harvard.edu/abs/2020MNRAS.499.5416C/abstract target=ref>Castro Gonz&aacute;lez et al. 2020</a>,2.43,0.15,-0.13,0.21679008,6.48,,,M-R relationship,<a refstr=CALCULATED_VALUE href=/docs/pscp_calc.html target=_blank>Calculated Value</a>,0.0204,2.48,,,,42.3931,707.0,,3752.0,0.505,0.517,,0.06172839506172839
TOI-1181 b,TOI-1181,1,1,Transit,2022,2.103189,0.0364,87.0,3e-06,-5e-06,<a refstr=SAUNDERS_ET_AL__2024 href=https://ui.adsabs.harvard.edu/abs/2024AJ....168...81S/abstract target=ref>Saunders et al. 2024</a>,17.02644168,0.66132986,-0.66132986,1.519,374.71969185,7.31005336,-7.31005336,Mass,<a refstr=SAUNDERS_ET_AL__2024 href=https://ui.adsabs.harvard.edu/abs/2024AJ....168...81S/abstract target=ref>Saunders et al. 2024</a>,1.179,0.49,0.011,0.007,-0.008,14140.0,1942.12,F9 IV,6054.0,1.961,1.467,0.38,0.03884134291998467
TOI-808 b,TOI-808,1,1,Transit,2026,9.73944854026,,88.42319,7.194122e-05,-7.220808e-05,<a refstr=LAFARGA_ET_AL_2026 href=https://ui.adsabs.harvard.edu/abs/2026MNRAS.548ag512L/abstract target=ref>Lafarga et al. 2026</a>,2.20344362,0.22429531,-0.18805529,0.19657841,5.49,,,M-R relationship,<a refstr=CALCULATED_VALUE href=/docs/pscp_calc.html target=_blank>Calculated Value</a>,0.0173,2.82,,,,60.3881,710.98,,5078.2,0.833198,0.87,,0.1017930787809311
TOI-2447 b,TOI-2447,1,1,Transit,2024,69.33684,0.347,,9e-05,-0.00011,<a refstr=GILL_ET_AL_2024 href=https://ui.adsabs.harvard.edu/abs/2024MNRAS.533..109G/abstract target=ref>Gill et al. 2024</a>,9.60609646,0.13450777,-0.12329879,0.857,124.90656395,9.85268062,-8.58136699,Mass,<a refstr=GILL_ET_AL_2024 href=https://ui.adsabs.harvard.edu/abs/2024MNRAS.533..109G/abstract target=ref>Gill et al. 2024</a>,0.393,0.774,0.17,0.02,-0.1,44.5933,414.0,,5730.0,1.006,1.034,0.18,0.014002333888702175
TOI-2818 b,TOI-2818,1,1,Transit,2023,4.039709,0.0493,87.73,2.4e-06,-2.3e-06,<a refstr=YEE_ET_AL__2023 href=https://ui.adsabs.harvard.edu/abs/2023ApJS..265....1Y/abstract target=ref>Yee et al. 2023</a>,15.27784069,0.51561311,-0.50440413,1.363,225.65816897,82.63538582,-82.63538582,Mass,<a refstr=YEE_ET_AL__2023 href=https://ui.adsabs.harvard.edu/abs/2023ApJS..265....1Y/abstract target=ref>Yee et al. 2023</a>,0.71,0.34,0.0,,,598.0,1376.0,,5721.0,1.229,0.977,-0.02,0.03374908277041341
K2-408 b,K2-408,1,1,Transit,2022,20.978959,,,0.001305,-0.001247,<a refstr=CHRISTIANSEN_ET_AL_2022 href=https://ui.adsabs.harvard.edu/abs/2022AJ....163..244C/abstract target=ref>Christiansen et al. 2022</a>,1.677,0.118,-0.109,0.14961218,3.45,,,M-R relationship,<a refstr=CALCULATED_VALUE href=/docs/pscp_calc.html target=_blank>Calculated Value</a>,0.0109,4.02,,,,,,G7,5335.0,0.784,0.813,-0.171,0.07036374478234943
TOI-1516 b,TOI-1516,1,1,Transit,2022,2.056014,,90.0,2e-06,-2e-06,<a refstr=KABATH_ET_AL_2022 href=https://ui.adsabs.harvard.edu/abs/2022MNRAS.513.5955K/abstract target=ref>Kab&aacute;th et al. 2022</a>,15.24421375,0.33626942,-0.33626942,1.36,1004.33776612,38.13940884,-38.13940884,Mass,<a refstr=KABATH_ET_AL_2022 href=https://ui.adsabs.harvard.edu/abs/2022MNRAS.513.5955K/abstract target=ref>Kab&aacute;th et al. 2022</a>,3.16,1.56,,,,1899.83,1839.0,F8 V,6520.0,1.14,1.14,-0.05,0.02205882346670716
Kepler-1423 b,Kepler-1423,1,1,Transit,2016,23.955378,0.1586,89.12,0.0001729,-0.0001729,<a refstr=MORTON_ET_AL__2016 href=https://ui.adsabs.harvard.edu/abs/2016ApJ...822...86M/abstract target=ref>Morton et al. 2016</a>,1.06,0.09,-0.07,0.09456687,1.2,,,M-R relationship,<a refstr=CALCULATED_VALUE href=/docs/pscp_calc.html target=_blank>Calculated Value</a>,0.00377,5.54,0.0,,,71.16,741.0,,4939.0,0.75,0.79,-0.02,0.08490566037735849
HATS-57 b,HATS-57,1,1,Transit,2019,2.350621,0.03493,87.88,1.3e-06,-1.3e-06,<a refstr=ESPINOZA_ET_AL__2019 href=https://ui.adsabs.harvard.edu/abs/2019AJ....158...63E/abstract target=ref>Espinoza et al. 2019</a>,12.767051,0.313852,-0.313852,1.139,1000.21101,23.20159,-23.20159,Mass,<a refstr=ESPINOZA_ET_AL__2019 href=https://ui.adsabs.harvard.edu/abs/2019AJ....158...63E/abstract target=ref>Espinoza et al. 2019</a>,3.147,2.65,0.028,,,570.233,1413.4,,5587.0,0.96,1.026,0.268,0.024582967515364356
HATS-56 b,HATS-56,1,1,Transit,2019,4.324799,0.06043,83.29,2.7e-05,-2.7e-05,<a refstr=ESPINOZA_ET_AL__2019 href=https://ui.adsabs.harvard.edu/abs/2019AJ....158...63E/abstract target=ref>Espinoza et al. 2019</a>,18.920792,0.437151,-0.616495,1.688,191.33366,11.12405,-11.12405,Mass,<a refstr=ESPINOZA_ET_AL__2019 href=https://ui.adsabs.harvard.edu/abs/2019AJ....158...63E/abstract target=ref>Espinoza et al. 2019</a>,0.602,0.155,0.019,,,1080.87,1902.0,,6536.0,2.201,1.573,0.19,0.032582938388625596
K2-409 b,K2-409,1,1,Transit,2022,1.908084,,,4.7e-05,-5.8e-05,<a refstr=CHRISTIANSEN_ET_AL_2022 href=https://ui.adsabs.harvard.edu/abs/2022AJ....163..244C/abstract target=ref>Christiansen et al. 2022</a>,2.482,0.174,-0.158,0.22142959,6.72,,,M-R relationship,<a refstr=CALCULATED_VALUE href=/docs/pscp_calc.html target=_blank>Calculated Value</a>,0.0211,2.42,,,,,,G4,5742.0,1.228,0.886,-0.036,0.0701047542304593
TOI-1722 b,TOI-1722,1,1,Transit,2026,9.60523206943,,87.8782,0.00021312959,-0.00020031766,<a refstr=LAFARGA_ET_AL_2026 href=https://ui.adsabs.harvard.edu/abs/2026MNRAS.548ag512L/abstract target=ref>Lafarga et al. 2026</a>,4.38298108,0.5929853,-0.48069428,0.39102405,17.6,,,M-R relationship,<a refstr=CALCULATED_VALUE href=/docs/pscp_calc.html target=_blank>Calculated Value</a>,0.0555,1.15,,,,136.86,952.0,,5999.55,1.09414,1.162,,0.13529268987855178
TOI-1873 b,TOI-1873,1,1,Transit,2026,7.00572708834,,87.74915,3.371812e-05,-3.47828e-05,<a refstr=LAFARGA_ET_AL_2026 href=https://ui.adsabs.harvard.edu/abs/2026MNRAS.548ag512L/abstract target=ref>Lafarga et al. 2026</a>,2.86356397,0.30160474,-0.23997153,0.25547051,8.57,,,M-R relationship,<a refstr=CALCULATED_VALUE href=/docs/pscp_calc.html target=_blank>Calculated Value</a>,0.027,2.01,,,,171.8936,923.5,,5597.99,0.971675,1.015,,0.10532495280697361
TOI-2158 b,TOI-2158,1,1,Transit,2022,8.60077,0.075,85.7,3e-05,-3e-05,<a refstr=KNUDSTRUP_ET_AL_2022 href=https://ui.adsabs.harvard.edu/abs/2022A&A...667A..22K/abstract target=ref>Knudstrup et al. 2022</a>,10.76062147,0.13450777,-0.13450777,0.96,260.61929374,25.42627256,-25.42627256,Mass,<a refstr=KNUDSTRUP_ET_AL_2022 href=https://ui.adsabs.harvard.edu/abs/2022A&A...667A..22K/abstract target=ref>Knudstrup et al. 2022</a>,0.82,1.14,0.07,,,81.4989,1188.0,,5673.0,1.41,1.12,0.47,0.012500000151013583
TOI-1860 b,TOI-1860,1,1,Transit,2022,1.0662107,0.0204,,1.4e-06,-1.4e-06,<a refstr=GIACALONE_ET_AL__2022 href=https://ui.adsabs.harvard.edu/abs/2022AJ....163...99G/abstract target=ref>Giacalone et al. 2022</a>,1.31,0.04,-0.04,0.11687057,2.27,,,M-R relationship,<a refstr=CALCULATED_VALUE href=/docs/pscp_calc.html target=_blank>Calculated Value</a>,0.00714,5.55,,,,876.703,1885.0,G V,5752.0,0.94,0.99,0.04,0.030534351145038167
TOI-1723 b,TOI-1723,1,1,Transit,2024,13.727012643,0.113496,,1.4705e-05,-1.3355e-05,<a refstr=CROSSFIELD_ET_AL_2025 href=https://ui.adsabs.harvard.edu/abs/2025AJ....169...89C/abstract target=ref>Crossfield et al. 2025</a>,3.435,0.244,-0.193,0.3064507,10.4,5.2,-4.8,Mass,<a refstr=POLANSKI_ET_AL__2024 href=https://ui.adsabs.harvard.edu/abs/2024ApJS..272...32P/abstract target=ref>Polanski et al. 2024</a>,0.03272206,1.6,0.0,,,92.36,782.98,,5777.0,1.09,1.04,0.159,0.0710334788937409
TOI-1937 A b,TOI-1937 A,2,1,Transit,2023,0.94667944,0.01932,77.0,4.7e-07,-4.7e-07,<a refstr=YEE_ET_AL__2023 href=https://ui.adsabs.harvard.edu/abs/2023ApJS..265....1Y/abstract target=ref>Yee et al. 2023</a>,13.97759893,0.66132986,-0.6949568,1.247,638.83509807,54.03082919,-50.85254512,Mass,<a refstr=YEE_ET_AL__2023 href=https://ui.adsabs.harvard.edu/abs/2023ApJS..265....1Y/abstract target=ref>Yee et al. 2023</a>,2.01,1.28,0.0,,,3230.0,2097.0,,5814.0,1.08,1.072,0.196,0.049719326150389126
Kepler-1395 b,Kepler-1395,1,1,Transit,2016,3.78470649,0.04974,89.88,2.72e-05,-2.72e-05,<a refstr=MORTON_ET_AL__2016 href=https://ui.adsabs.harvard.edu/abs/2016ApJ...822...86M/abstract target=ref>Morton et al. 2016</a>,0.8,0.09,-0.06,0.07137122,0.437,,,M-R relationship,<a refstr=CALCULATED_VALUE href=/docs/pscp_calc.html target=_blank>Calculated Value</a>,0.00137,4.69,0.0,,,730.531,1311.0,,6138.0,1.23,1.17,0.12,0.11249999999999999
TOI-132 b,TOI-132,1,1,Transit,2020,2.1097019,0.026,85.03,1.2e-05,-1.1e-05,<a refstr=D_IACUTE_AZ_ET_AL__2020 href=https://ui.adsabs.harvard.edu/abs/2020MNRAS.493..973D/abstract target=ref>D&iacute;az et al. 2020</a>,3.42,0.13,-0.14,0.30511196,22.4,1.9,-1.92,Mass,<a refstr=D_IACUTE_AZ_ET_AL__2020 href=https://ui.adsabs.harvard.edu/abs/2020MNRAS.493..973D/abstract target=ref>D&iacute;az et al. 2020</a>,0.07047793,3.08,0.059,0.05,-0.037,860.0,1395.0,G8 V,5397.0,0.9,0.97,0.16,0.04093567251461989
TOI-2194 b,TOI-2194,1,1,Transit,2023,15.337597,,89.27,0.001585,-0.001616,<a refstr=MISTRY_ET_AL_2023 href=https://ui.adsabs.harvard.edu/abs/2023AJ....166....9M/abstract target=ref>Mistry et al. 2023</a>,1.9892,0.1313,-0.0668,0.17746484,4.61,,,M-R relationship,<a refstr=CALCULATED_VALUE href=/docs/pscp_calc.html target=_blank>Calculated Value</a>,0.0145,3.22,,,,14.2526,590.88,,4756.0,0.6909,0.74,-0.372,0.06600643474763723
TOI-2498 b,TOI-2498,1,1,Transit,2023,3.738252,0.0491,87.12,4e-06,-4e-06,<a refstr=FRAME_ET_AL_2023 href=https://ui.adsabs.harvard.edu/abs/2023MNRAS.523.1163F/abstract target=ref>Frame et al. 2023</a>,6.06,0.29,-0.27,0.54063792,34.62,4.1,-4.09,Mass,<a refstr=FRAME_ET_AL_2023 href=https://ui.adsabs.harvard.edu/abs/2023MNRAS.523.1163F/abstract target=ref>Frame et al. 2023</a>,0.1089267,0.86,0.089,0.075,-0.075,790.4759,1443.0,,5905.0,1.26,1.12,0.167,0.04785478547854786
HD 2685 b,HD 2685,1,1,Transit,2019,4.12688,0.0568,89.252,5e-05,-4e-05,<a refstr=JONES_ET_AL__2019 href=https://ui.adsabs.harvard.edu/abs/2019A&A...625A..16J/abstract target=ref>Jones et al. 2019</a>,16.14096,0.56045,-0.56045,1.44,371.8611,38.1396,-38.1396,Mass,<a refstr=JONES_ET_AL__2019 href=https://ui.adsabs.harvard.edu/abs/2019A&A...625A..16J/abstract target=ref>Jones et al. 2019</a>,1.17,0.486,0.091,0.039,-0.047,1436.49,2061.0,,6801.0,1.56,1.43,0.02,0.034722222222222224
Kepler-95 b,Kepler-95,1,1,Transit,2014,11.5231,0.10232,90.0,,,<a refstr=MARCY_ET_AL__2014 href=https://ui.adsabs.harvard.edu/abs/2014ApJS..210...20M/abstract target=ref> Marcy et al. 2014 </a>,3.42,0.09,-0.09,0.305,13.0,2.9,-2.9,Mass,<a refstr=MARCY_ET_AL__2014 href=https://ui.adsabs.harvard.edu/abs/2014ApJS..210...20M/abstract target=ref> Marcy et al. 2014 </a>,0.041,1.71,0.0,,,178.832,927.0,,5699.0,1.41,1.08,0.3,0.02631578947368421
Wendelstein-2 b,Wendelstein-2,1,1,Transit,2020,1.7522239,0.0234,87.87,8e-07,-8e-07,<a refstr=OBERMEIER_ET_AL__2020 href=https://ui.adsabs.harvard.edu/abs/2020A&A...639A.130O/abstract target=ref>Obermeier et al. 2020</a>,12.9934728,0.2286636,-0.235389,1.1592,232.33373,171.94603,-98.84513,Mass,<a refstr=OBERMEIER_ET_AL__2020 href=https://ui.adsabs.harvard.edu/abs/2020A&A...639A.130O/abstract target=ref>Obermeier et al. 2020</a>,0.731,0.62,0.057,,,282.3101,2470.0,K6 V,4591.0,0.66,0.73,,0.018115942028985508
Kepler-39 b,Kepler-39,1,1,Transit,2011,21.08721,0.164,89.07,3.7e-05,-3.7e-05,<a refstr=BONOMO_ET_AL__2015 href=https://ui.adsabs.harvard.edu/abs/2015A&A...575A..85B/abstract target=ref>Bonomo et al. 2015</a>,13.9,1.01,-1.12,1.24,6388.1,413.2,-381.4,Mass,<a refstr=BONOMO_ET_AL__2015 href=https://ui.adsabs.harvard.edu/abs/2015A&A...575A..85B/abstract target=ref>Bonomo et al. 2015</a>,20.1,13.0,0.112,0.057,-0.057,90.22,897.0,F7 V,6350.0,1.4,1.29,0.1,0.08057553956834533
Kepler-608 b,Kepler-608,1,1,Transit,2016,6.412515037,0.0685,86.11,5.416e-06,-5.416e-06,<a refstr=MORTON_ET_AL__2016 href=https://ui.adsabs.harvard.edu/abs/2016ApJ...822...86M/abstract target=ref>Morton et al. 2016</a>,3.64,0.72,-0.44,0.32473905,12.9,,,M-R relationship,<a refstr=CALCULATED_VALUE href=/docs/pscp_calc.html target=_blank>Calculated Value</a>,0.0405,1.47,0.0,,,270.162,1069.0,,5820.0,1.01,1.0,-0.02,0.1978021978021978
Kepler-1704 b,Kepler-1704,1,1,Transit,2021,988.88112,2.027,89.0,0.00091,-0.00091,<a refstr=DALBA_ET_AL__2021 href=https://ui.adsabs.harvard.edu/abs/2021AJ....162..154D/abstract target=ref>Dalba et al. 2021</a>,11.94877343,0.49319515,-0.47077719,1.066,1322.16617312,92.17023803,-88.99195396,Mass,<a refstr=DALBA_ET_AL__2021 href=https://ui.adsabs.harvard.edu/abs/2021AJ....162..154D/abstract target=ref>Dalba et al. 2021</a>,4.16,4.07,0.92,0.01,-0.016,0.342,253.8,,5746.0,1.697,1.132,0.196,0.04127579729327917
Kepler-1525 b,Kepler-1525,1,1,Transit,2016,2.416601183,0.03557,89.79,5.275e-06,-5.275e-06,<a refstr=MORTON_ET_AL__2016 href=https://ui.adsabs.harvard.edu/abs/2016ApJ...822...86M/abstract target=ref>Morton et al. 2016</a>,0.91,0.06,-0.04,0.08118476,0.693,,,M-R relationship,<a refstr=CALCULATED_VALUE href=/docs/pscp_calc.html target=_blank>Calculated Value</a>,0.00218,5.05,0.0,,,715.106,1343.0,,5748.0,1.04,1.07,0.27,0.06593406593406594
Kepler-695 b,Kepler-695,1,1,Transit,2016,3.040330424,0.0374,85.95,2.98e-07,-2.98e-07,<a refstr=MORTON_ET_AL__2016 href=https://ui.adsabs.harvard.edu/abs/2016ApJ...822...86M/abstract target=ref>Morton et al. 2016</a>,9.21,0.71,-0.56,0.82166117,62.3,,,M-R relationship,<a refstr=CALCULATED_VALUE href=/docs/pscp_calc.html target=_blank>Calculated Value</a>,0.196,0.438,0.0,,,499.064,1021.0,,5181.0,0.8,0.84,-0.01,0.0770901194353963
Kepler-648 b,Kepler-648,1,1,Transit,2016,17.4211749,0.13324,88.24,2.066e-05,-2.066e-05,<a refstr=MORTON_ET_AL__2016 href=https://ui.adsabs.harvard.edu/abs/2016ApJ...822...86M/abstract target=ref>Morton et al. 2016</a>,3.22,0.12,-0.24,0.28726916,10.5,,,M-R relationship,<a refstr=CALCULATED_VALUE href=/docs/pscp_calc.html target=_blank>Calculated Value</a>,0.0329,1.73,0.0,,,47.336,674.0,,5741.0,0.98,1.05,0.21,0.07453416149068322
Kepler-1588 b,Kepler-1588,1,1,Transit,2016,7.84931739,0.07419,89.62,9.456e-05,-9.456e-05,<a refstr=MORTON_ET_AL__2016 href=https://ui.adsabs.harvard.edu/abs/2016ApJ...822...86M/abstract target=ref>Morton et al. 2016</a>,0.76,0.11,-0.07,0.06780266,0.363,,,M-R relationship,<a refstr=CALCULATED_VALUE href=/docs/pscp_calc.html target=_blank>Calculated Value</a>,0.00114,4.54,0.0,,,359.79,925.0,,5817.0,0.99,0.96,-0.14,0.14473684210526316
Kepler-558 b,Kepler-558,1,1,Transit,2016,29.00790538,0.1759,88.57,8.906e-05,-8.906e-05,<a refstr=MORTON_ET_AL__2016 href=https://ui.adsabs.harvard.edu/abs/2016ApJ...822...86M/abstract target=ref>Morton et al. 2016</a>,2.37,0.17,-0.14,0.21143724,6.21,,,M-R relationship,<a refstr=CALCULATED_VALUE href=/docs/pscp_calc.html target=_blank>Calculated Value</a>,0.0195,2.56,0.0,,,15.227,498.0,,5242.0,0.81,0.85,-0.06,0.07172995780590717
Kepler-586 b,Kepler-586,1,1,Transit,2016,2.104722184,0.0331,89.99,9.17e-07,-9.17e-07,<a refstr=MORTON_ET_AL__2016 href=https://ui.adsabs.harvard.edu/abs/2016ApJ...822...86M/abstract target=ref>Morton et al. 2016</a>,2.79,0.36,-0.2,0.24890713,8.2,,,M-R relationship,<a refstr=CALCULATED_VALUE href=/docs/pscp_calc.html target=_blank>Calculated Value</a>,0.0258,2.07,0.0,,,705.051,1365.0,,5575.0,0.92,0.94,0.0,0.12903225806451613
TOI-5573 b,TOI-5573,1,1,Transit,2025,8.79758977,0.0712,89.01,9.86e-06,-1.001e-05,<a refstr=FERNANDES_ET_AL_2025 href=https://ui.adsabs.harvard.edu/abs/2025AJ....170...55F/abstract target=ref>Fernandes et al. 2025</a>,9.75,0.47,-0.47,0.87,112.0,18.0,-19.0,Mass,<a refstr=FERNANDES_ET_AL_2025 href=https://ui.adsabs.harvard.edu/abs/2025AJ....170...55F/abstract target=ref>Fernandes et al. 2025</a>,0.35,0.661,0.072,0.067,-0.048,12.92,528.0,,3790.0,0.594,0.619,0.42,0.0482051282051282
Kepler-1144 b,Kepler-1144,1,1,Transit,2016,17.14647302,0.1291,86.25,9.073e-05,-9.073e-05,<a refstr=MORTON_ET_AL__2016 href=https://ui.adsabs.harvard.edu/abs/2016ApJ...822...86M/abstract target=ref>Morton et al. 2016</a>,1.99,0.3,-0.16,0.17753591,4.62,,,M-R relationship,<a refstr=CALCULATED_VALUE href=/docs/pscp_calc.html target=_blank>Calculated Value</a>,0.0145,3.22,0.0,,,62.061,811.0,,5753.0,0.96,0.98,-0.03,0.1507537688442211
Kepler-694 b,Kepler-694,1,1,Transit,2016,6.365841612,0.0659,87.92,8.1e-06,-8.1e-06,<a refstr=MORTON_ET_AL__2016 href=https://ui.adsabs.harvard.edu/abs/2016ApJ...822...86M/abstract target=ref>Morton et al. 2016</a>,2.8,0.52,-0.22,0.24979927,8.25,,,M-R relationship,<a refstr=CALCULATED_VALUE href=/docs/pscp_calc.html target=_blank>Calculated Value</a>,0.0259,2.07,0.0,,,206.438,914.0,,5700.0,0.95,0.97,0.0,0.18571428571428572
K2-108 b,K2-108,1,1,Transit,2017,4.733999,0.0581,86.13513,0.000221,-0.000227,<a refstr=LIVINGSTON_ET_AL__2018 href=https://ui.adsabs.harvard.edu/abs/2018AJ....156..277L/abstract target=ref>Livingston et al. 2018</a>,5.33,0.21,-0.21,0.47551075,59.4,4.4,-4.4,Mass,<a refstr=HOWARD_ET_AL__2025 href=https://ui.adsabs.harvard.edu/abs/2025ApJS..278...52H/abstract target=ref>Howard et al. 2025</a>,0.18689236,2.22,0.18,0.042,-0.042,762.0,1360.0,,5599.0,1.76,1.17,0.36,0.039399624765478425
K2-179 b,K2-179,1,1,Transit,2018,5.172191,,88.75496,0.000201,-0.000202,<a refstr=MAYO_ET_AL__2018 href=https://ui.adsabs.harvard.edu/abs/2018AJ....155..136M/abstract target=ref>Mayo et al. 2018</a>,2.51267885,0.16431084,-0.12074766,0.22416619,6.86,,,M-R relationship,<a refstr=CALCULATED_VALUE href=/docs/pscp_calc.html target=_blank>Calculated Value</a>,0.0216,2.38,,,,,,,5015.0,0.768067,0.824345,0.03,0.06539269433497243
Kepler-1444 b,Kepler-1444,1,1,Transit,2016,33.42035034,0.20906,88.55,9.305e-05,-9.305e-05,<a refstr=MORTON_ET_AL__2016 href=https://ui.adsabs.harvard.edu/abs/2016ApJ...822...86M/abstract target=ref>Morton et al. 2016</a>,2.18,0.41,-0.19,0.19448657,5.39,,,M-R relationship,<a refstr=CALCULATED_VALUE href=/docs/pscp_calc.html target=_blank>Calculated Value</a>,0.017,2.86,0.0,,,25.942,581.0,,5810.0,1.05,1.03,0.06,0.18807339449541283
Kepler-1624 b,Kepler-1624,1,1,Transit,2016,3.290314,0.0327,89.68,1.5e-05,-1.5e-05,<a refstr=IM_ET_AL_2025 href=https://ui.adsabs.harvard.edu/abs/2025AJ....170..336I/abstract target=ref>Im et al. 2025</a>,6.59,0.17,-0.17,0.58792143,35.3,,,M-R relationship,<a refstr=CALCULATED_VALUE href=/docs/pscp_calc.html target=_blank>Calculated Value</a>,0.111,0.678,0.0,,,6.01,540.0,M V,3768.0,0.552,0.541,0.269,0.025796661608497726
K2-119 b,K2-119,1,1,Transit,2017,7.727283,0.0698,89.4,0.001268,-0.001149,<a refstr=LIVINGSTON_ET_AL__2018 href=https://ui.adsabs.harvard.edu/abs/2018AJ....156..277L/abstract target=ref>Livingston et al. 2018</a>,2.53,0.2,-0.2,0.22571148,6.94,,,M-R relationship,<a refstr=CALCULATED_VALUE href=/docs/pscp_calc.html target=_blank>Calculated Value</a>,0.0218,2.35,0.07,0.151978,-0.057297,54.9,666.0,,4740.0,0.71,0.76,-0.05,0.0790513833992095
Kepler-1585 b,Kepler-1585,1,1,Transit,2016,3.5827463,0.0445,89.55,1.739e-05,-1.739e-05,<a refstr=MORTON_ET_AL__2016 href=https://ui.adsabs.harvard.edu/abs/2016ApJ...822...86M/abstract target=ref>Morton et al. 2016</a>,1.79,0.25,-0.16,0.1596931,3.86,,,M-R relationship,<a refstr=CALCULATED_VALUE href=/docs/pscp_calc.html target=_blank>Calculated Value</a>,0.0121,3.7,0.0,,,182.941,1064.0,,5538.0,0.91,0.94,0.08,0.13966480446927373
Kepler-1446 b,Kepler-1446,1,1,Transit,2016,0.689967832,0.01405,88.5,4.95e-07,-4.95e-07,<a refstr=MORTON_ET_AL__2016 href=https://ui.adsabs.harvard.edu/abs/2016ApJ...822...86M/abstract target=ref>Morton et al. 2016</a>,0.82,0.04,-0.02,0.0731555,0.477,,,M-R relationship,<a refstr=CALCULATED_VALUE href=/docs/pscp_calc.html target=_blank>Calculated Value</a>,0.0015,4.75,0.0,,,1213.333,1539.0,,4865.0,0.75,0.81,0.11,0.04878048780487805
K2-121 b,K2-121,1,1,Transit,2017,5.185738,0.0525,89.02659,1.4e-05,-1.4e-05,<a refstr=HOWARD_ET_AL__2025 href=https://ui.adsabs.harvard.edu/abs/2025ApJS..278...52H/abstract target=ref>Howard et al. 2025</a>,7.16,0.12,-0.06,0.63877351,51.0,11.0,-11.0,Mass,<a refstr=HOWARD_ET_AL__2025 href=https://ui.adsabs.harvard.edu/abs/2025ApJS..278...52H/abstract target=ref>Howard et al. 2025</a>,0.16046394,0.7,0.22,0.19,-0.18,62.5,716.0,,4526.0,0.675,0.71,0.04,0.01675977653631285
KOI-3680 b,KOI-3680,1,1,Transit,2018,141.241671,0.534,89.892,8.6e-05,-8.6e-05,<a refstr=H_EACUTE_BRARD_ET_AL__2019 href=https://ui.adsabs.harvard.edu/abs/2019A&A...623A.104H/abstract target=ref>H&eacute;brard et al. 2019</a>,11.09691,0.67254,-0.78463,0.99,613.4119,60.3877,-66.7443,Mass,<a refstr=H_EACUTE_BRARD_ET_AL__2019 href=https://ui.adsabs.harvard.edu/abs/2019A&A...623A.104H/abstract target=ref>H&eacute;brard et al. 2019</a>,1.93,2.46,0.496,0.031,-0.031,3.3,347.0,,5830.0,0.96,1.01,0.16,0.07070707070707072
Kepler-1638 b,Kepler-1638,1,1,Transit,2016,259.33683,0.745,89.9954,0.01303,-0.01303,<a refstr=MORTON_ET_AL__2016 href=https://ui.adsabs.harvard.edu/abs/2016ApJ...822...86M/abstract target=ref>Morton et al. 2016</a>,1.87,0.33,-0.22,0.16683023,4.16,,,M-R relationship,<a refstr=CALCULATED_VALUE href=/docs/pscp_calc.html target=_blank>Calculated Value</a>,0.0131,3.5,0.0,,,2.76,304.0,,5710.0,0.95,0.97,-0.01,0.17647058823529413
TOI-5344 b,TOI-5344,1,1,Transit,2023,3.792622,0.04041,87.15,6.2e-06,-6.2e-06,<a refstr=HARTMAN_ET_AL__2023 href=https://ui.adsabs.harvard.edu/abs/2023AJ....166..163H/abstract target=ref>Hartman et al. 2023</a>,10.60369574,0.23538859,-0.23538859,0.946,130.94530368,12.71313628,-12.71313628,Mass,<a refstr=HARTMAN_ET_AL__2023 href=https://ui.adsabs.harvard.edu/abs/2023AJ....166..163H/abstract target=ref>Hartman et al. 2023</a>,0.412,0.604,0.054,,,38.0,689.0,,3747.0,0.588,0.612,0.425,0.022198731062421075
Kepler-481 b,Kepler-481,1,1,Transit,2016,10.06082567,0.08926,87.02,1.522e-05,-1.522e-05,<a refstr=MORTON_ET_AL__2016 href=https://ui.adsabs.harvard.edu/abs/2016ApJ...822...86M/abstract target=ref>Morton et al. 2016</a>,2.5,0.37,-0.29,0.22303506,6.8,,,M-R relationship,<a refstr=CALCULATED_VALUE href=/docs/pscp_calc.html target=_blank>Calculated Value</a>,0.0214,2.39,0.0,,,183.842,899.0,,5802.0,1.09,1.01,0.03,0.148
Kepler-1653 b,Kepler-1653,1,1,Transit,2017,140.2524,0.4706,89.788,0.003,-0.003,<a refstr=TORRES_ET_AL__2017 href=https://ui.adsabs.harvard.edu/abs/2017AJ....154..264T/abstract target=ref>Torres et al. 2017</a>,2.17,0.16,-0.23,0.19359443,5.35,,,M-R relationship,<a refstr=CALCULATED_VALUE href=/docs/pscp_calc.html target=_blank>Calculated Value</a>,0.0168,2.88,0.0,,,0.98,284.0,,4807.0,0.693,0.719,-0.18,0.10599078341013826
TOI-5380 b,TOI-5380,1,1,Transit,2026,3.77229247873,,85.82823,3.953337e-05,-4.061398e-05,<a refstr=LAFARGA_ET_AL_2026 href=https://ui.adsabs.harvard.edu/abs/2026MNRAS.548ag512L/abstract target=ref>Lafarga et al. 2026</a>,3.48093238,0.4044094,-0.32385387,0.31054852,11.9,,,M-R relationship,<a refstr=CALCULATED_VALUE href=/docs/pscp_calc.html target=_blank>Calculated Value</a>,0.0375,1.55,,,,796.305,1479.0,,6400.78,1.5621,1.343,,0.11617847055104241
Kepler-1022 b,Kepler-1022,1,1,Transit,2016,10.99469878,0.0805,89.71,1.88e-05,-1.88e-05,<a refstr=MORTON_ET_AL__2016 href=https://ui.adsabs.harvard.edu/abs/2016ApJ...822...86M/abstract target=ref>Morton et al. 2016</a>,2.36,0.08,-0.28,0.2105451,6.17,,,M-R relationship,<a refstr=CALCULATED_VALUE href=/docs/pscp_calc.html target=_blank>Calculated Value</a>,0.0194,2.58,0.0,,,19.258,512.0,,4445.0,0.68,0.71,0.06,0.11864406779661019
Kepler-1434 b,Kepler-1434,1,1,Transit,2016,8.05333618,0.0917,89.82,8.907e-05,-8.907e-05,<a refstr=MORTON_ET_AL__2016 href=https://ui.adsabs.harvard.edu/abs/2016ApJ...822...86M/abstract target=ref>Morton et al. 2016</a>,1.11,0.21,-0.2,0.09902757,1.41,,,M-R relationship,<a refstr=CALCULATED_VALUE href=/docs/pscp_calc.html target=_blank>Calculated Value</a>,0.00444,5.67,0.0,,,925.289,1320.0,,6291.0,2.04,1.47,0.19,0.18918918918918917
Kepler-1593 b,Kepler-1593,1,1,Transit,2016,174.509835,0.55494,89.847,0.001852,-0.001852,<a refstr=MORTON_ET_AL__2016 href=https://ui.adsabs.harvard.edu/abs/2016ApJ...822...86M/abstract target=ref>Morton et al. 2016</a>,3.17,0.3,-0.28,0.28280846,10.2,,,M-R relationship,<a refstr=CALCULATED_VALUE href=/docs/pscp_calc.html target=_blank>Calculated Value</a>,0.032,1.76,0.0,,,0.889,260.0,,4995.0,0.77,0.81,0.02,0.0946372239747634
Kepler-1453 b,Kepler-1453,1,1,Transit,2016,47.1611696,0.262,89.98,0.0004176,-0.0004176,<a refstr=MORTON_ET_AL__2016 href=https://ui.adsabs.harvard.edu/abs/2016ApJ...822...86M/abstract target=ref>Morton et al. 2016</a>,2.67,0.44,-0.21,0.23820145,7.61,,,M-R relationship,<a refstr=CALCULATED_VALUE href=/docs/pscp_calc.html target=_blank>Calculated Value</a>,0.0239,2.2,0.0,,,11.889,503.0,,5665.0,0.94,0.97,0.01,0.16479400749063672
K2-122 b,K2-122,2,1,Transit,2017,2.2193023,0.0373,86.39,2e-06,-2e-06,<a refstr=CASTRO_GONZ_AACUTE_LEZ_ET_AL__2022 href=https://ui.adsabs.harvard.edu/abs/2022MNRAS.509.1075C/abstract target=ref>Castro-Gonz&aacute;lez et al. 2022</a>,1.16,0.1,-0.05,0.10348845,1.65,,,M-R relationship,<a refstr=CALCULATED_VALUE href=/docs/pscp_calc.html target=_blank>Calculated Value</a>,0.00521,5.81,0.21,0.182563,-0.167694,79.9,769.0,M0,4009.0,0.59,0.63,0.32,0.08620689655172414
Kepler-1046 b,Kepler-1046,1,1,Transit,2016,14.37508035,0.11858,86.3,4.094e-05,-4.094e-05,<a refstr=MORTON_ET_AL__2016 href=https://ui.adsabs.harvard.edu/abs/2016ApJ...822...86M/abstract target=ref>Morton et al. 2016</a>,1.71,0.12,-0.11,0.15255598,3.57,,,M-R relationship,<a refstr=CALCULATED_VALUE href=/docs/pscp_calc.html target=_blank>Calculated Value</a>,0.0112,3.92,0.0,,,101.4,786.0,,5913.0,1.04,1.04,0.0,0.07017543859649122
Kepler-438 b,Kepler-438,1,1,Transit,2015,35.23319,0.166,89.86,0.00025,-0.00029,<a refstr=TORRES_ET_AL__2015 href=https://ui.adsabs.harvard.edu/abs/2015ApJ...800...99T/abstract target=ref>Torres et al. 2015</a>,1.12,0.16,-0.17,0.1,1.46,,,M-R relationship,<a refstr=CALCULATED_VALUE href=/docs/pscp_calc.html target=_blank>Calculated Value</a>,0.00459,5.71,0.03,0.1,-0.03,1.4,288.0,,3748.0,0.52,0.544,0.16,0.15178571428571427
Kepler-1455 b,Kepler-1455,1,1,Transit,2016,49.276764,0.2149,89.693,0.0003737,-0.0003737,<a refstr=MORTON_ET_AL__2016 href=https://ui.adsabs.harvard.edu/abs/2016ApJ...822...86M/abstract target=ref>Morton et al. 2016</a>,2.16,0.15,-0.16,0.19270229,5.31,,,M-R relationship,<a refstr=CALCULATED_VALUE href=/docs/pscp_calc.html target=_blank>Calculated Value</a>,0.0167,2.9,0.0,,,1.533,298.0,,4075.0,0.6,0.62,-0.02,0.07407407407407407
Kepler-700 b,Kepler-700,1,1,Transit,2016,80.8720639,0.3577,89.4,0.0001727,-0.0001727,<a refstr=MORTON_ET_AL__2016 href=https://ui.adsabs.harvard.edu/abs/2016ApJ...822...86M/abstract target=ref>Morton et al. 2016</a>,5.99,0.91,-0.5,0.53439201,30.0,,,M-R relationship,<a refstr=CALCULATED_VALUE href=/docs/pscp_calc.html target=_blank>Calculated Value</a>,0.0944,0.767,0.0,,,12.071,452.0,,5692.0,0.96,0.98,0.04,0.15191986644407346
K2-345 b,K2-345,1,1,Transit,2021,10.367437,,,2e-05,-1.9e-05,<a refstr=DE_LEON_ET_AL_2021 href=https://ui.adsabs.harvard.edu/abs/2021MNRAS.508..195D/abstract target=ref>de Leon et al. 2021</a>,2.11,0.2,-0.09,0.18824192,5.1,,,M-R relationship,<a refstr=CALCULATED_VALUE href=/docs/pscp_calc.html target=_blank>Calculated Value</a>,0.016,2.98,,,,,437.0,,3779.0,0.52,0.56,0.26,0.09478672985781991
Kepler-1133 b,Kepler-1133,1,1,Transit,2016,11.55562343,0.0983,88.21,3.409e-05,-3.409e-05,<a refstr=MORTON_ET_AL__2016 href=https://ui.adsabs.harvard.edu/abs/2016ApJ...822...86M/abstract target=ref>Morton et al. 2016</a>,1.97,0.24,-0.15,0.17575163,4.54,,,M-R relationship,<a refstr=CALCULATED_VALUE href=/docs/pscp_calc.html target=_blank>Calculated Value</a>,0.0143,3.26,0.0,,,55.758,703.0,,5569.0,0.9,0.93,-0.02,0.12182741116751268
Kepler-442 b,Kepler-442,1,1,Transit,2015,112.3053,0.409,89.94,0.0024,-0.0028,<a refstr=TORRES_ET_AL__2015 href=https://ui.adsabs.harvard.edu/abs/2015ApJ...800...99T/abstract target=ref>Torres et al. 2015</a>,1.34,0.11,-0.18,0.12,2.36,,,M-R relationship,<a refstr=CALCULATED_VALUE href=/docs/pscp_calc.html target=_blank>Calculated Value</a>,0.00742,5.39,0.04,0.08,-0.04,0.66,241.0,,4402.0,0.598,0.609,-0.37,0.13432835820895522
Kepler-1185 b,Kepler-1185,1,1,Transit,2016,104.3518976,0.4297,89.84,0.0006705,-0.0006705,<a refstr=MORTON_ET_AL__2016 href=https://ui.adsabs.harvard.edu/abs/2016ApJ...822...86M/abstract target=ref>Morton et al. 2016</a>,1.33,0.08,-0.05,0.11865465,2.33,,,M-R relationship,<a refstr=CALCULATED_VALUE href=/docs/pscp_calc.html target=_blank>Calculated Value</a>,0.00733,5.44,0.0,,,9.31,355.0,,5622.0,0.87,0.96,-0.04,0.06015037593984962
K2-181 b,K2-181,1,1,Transit,2018,6.8941,0.0706,87.4,0.00043,-0.00043,<a refstr=HOWARD_ET_AL__2025 href=https://ui.adsabs.harvard.edu/abs/2025ApJS..278...52H/abstract target=ref>Howard et al. 2025</a>,2.69,0.21,-0.09,0.23998614,7.7,,,M-R relationship,<a refstr=CALCULATED_VALUE href=/docs/pscp_calc.html target=_blank>Calculated Value</a>,0.0242,2.17,0.4,0.3,-0.22,192.0,949.0,,5528.0,1.06,0.96,0.18,0.07806691449814127
K2-278 b,K2-278,1,1,Transit,2018,3.334966,0.0488,,0.000701,-0.000859,<a refstr=LIVINGSTON_ET_AL__2018 href=https://ui.adsabs.harvard.edu/abs/2018AJ....156..277L/abstract target=ref>Livingston et al. 2018</a>,2.98,0.23,-0.23,0.26585779,9.17,,,M-R relationship,<a refstr=CALCULATED_VALUE href=/docs/pscp_calc.html target=_blank>Calculated Value</a>,0.0288,1.9,,,,1051.5587,1711.0,,6747.0,1.61,1.4,0.0,0.07718120805369127
Kepler-478 b,Kepler-478,1,1,Transit,2016,13.2217576,0.1032,89.23,1.39e-05,-1.39e-05,<a refstr=MORTON_ET_AL__2016 href=https://ui.adsabs.harvard.edu/abs/2016ApJ...822...86M/abstract target=ref>Morton et al. 2016</a>,2.71,0.09,-0.33,0.24177001,7.8,,,M-R relationship,<a refstr=CALCULATED_VALUE href=/docs/pscp_calc.html target=_blank>Calculated Value</a>,0.0245,2.15,0.0,,,39.56,640.0,,5210.0,0.8,0.85,-0.03,0.12177121771217712
Kepler-1164 b,Kepler-1164,1,1,Transit,2016,3.97599768,0.04635,88.57,1.086e-05,-1.086e-05,<a refstr=MORTON_ET_AL__2016 href=https://ui.adsabs.harvard.edu/abs/2016ApJ...822...86M/abstract target=ref>Morton et al. 2016</a>,1.12,0.04,-0.07,0.09991971,1.46,,,M-R relationship,<a refstr=CALCULATED_VALUE href=/docs/pscp_calc.html target=_blank>Calculated Value</a>,0.00459,5.71,0.0,,,181.205,936.0,,5183.0,0.79,0.85,-0.03,0.0625
Kepler-692 b,Kepler-692,1,1,Transit,2016,21.81293494,0.1495,89.92,7.14e-05,-7.14e-05,<a refstr=MORTON_ET_AL__2016 href=https://ui.adsabs.harvard.edu/abs/2016ApJ...822...86M/abstract target=ref>Morton et al. 2016</a>,3.11,0.37,-0.23,0.27745562,9.85,,,M-R relationship,<a refstr=CALCULATED_VALUE href=/docs/pscp_calc.html target=_blank>Calculated Value</a>,0.031,1.8,0.0,,,28.504,639.0,,5440.0,0.86,0.9,-0.01,0.1189710610932476
Kepler-594 b,Kepler-594,1,1,Transit,2016,13.64618192,0.1089,89.79,3.489e-05,-3.489e-05,<a refstr=MORTON_ET_AL__2016 href=https://ui.adsabs.harvard.edu/abs/2016ApJ...822...86M/abstract target=ref>Morton et al. 2016</a>,2.18,0.22,-0.15,0.19448657,5.39,,,M-R relationship,<a refstr=CALCULATED_VALUE href=/docs/pscp_calc.html target=_blank>Calculated Value</a>,0.017,2.86,0.0,,,59.396,678.0,,5485.0,0.87,0.91,-0.03,0.10091743119266054
Kepler-1498 b,Kepler-1498,1,1,Transit,2016,48.051405,0.2528,89.77,0.0009331,-0.0009331,<a refstr=MORTON_ET_AL__2016 href=https://ui.adsabs.harvard.edu/abs/2016ApJ...822...86M/abstract target=ref>Morton et al. 2016</a>,1.33,0.11,-0.09,0.11865465,2.33,,,M-R relationship,<a refstr=CALCULATED_VALUE href=/docs/pscp_calc.html target=_blank>Calculated Value</a>,0.00733,5.44,0.0,,,9.86,564.0,,5256.0,0.81,0.86,-0.01,0.08270676691729323
TOI-5502 b,TOI-5502,1,1,Transit,2026,11.62592988285,,88.9351,8.504843e-05,-8.05437e-05,<a refstr=LAFARGA_ET_AL_2026 href=https://ui.adsabs.harvard.edu/abs/2026MNRAS.548ag512L/abstract target=ref>Lafarga et al. 2026</a>,4.1287378,0.39975161,-0.33665264,0.36834195,15.9,,,M-R relationship,<a refstr=CALCULATED_VALUE href=/docs/pscp_calc.html target=_blank>Calculated Value</a>,0.0502,1.24,,,,95.1955,870.0,,6088.71,1.32375,1.244,,0.09682174779904891
Kepler-1141 b,Kepler-1141,1,1,Transit,2016,2.344511944,0.03496,84.08,5.354e-06,-5.354e-06,<a refstr=MORTON_ET_AL__2016 href=https://ui.adsabs.harvard.edu/abs/2016ApJ...822...86M/abstract target=ref>Morton et al. 2016</a>,0.82,0.12,-0.08,0.0731555,0.477,,,M-R relationship,<a refstr=CALCULATED_VALUE href=/docs/pscp_calc.html target=_blank>Calculated Value</a>,0.0015,4.75,0.0,,,1146.953,1471.0,,5791.0,1.07,1.01,0.04,0.14634146341463414
Kepler-1170 b,Kepler-1170,1,1,Transit,2016,9.98969327,0.088,89.99,4.242e-05,-4.242e-05,<a refstr=MORTON_ET_AL__2016 href=https://ui.adsabs.harvard.edu/abs/2016ApJ...822...86M/abstract target=ref>Morton et al. 2016</a>,2.41,0.19,-0.17,0.2150058,6.39,,,M-R relationship,<a refstr=CALCULATED_VALUE href=/docs/pscp_calc.html target=_blank>Calculated Value</a>,0.0201,2.51,0.0,,,69.537,705.0,,5069.0,0.76,0.8,-0.09,0.07883817427385892
Kepler-688 b,Kepler-688,1,1,Transit,2016,3.895936844,0.046,87.56,8.01e-07,-8.01e-07,<a refstr=MORTON_ET_AL__2016 href=https://ui.adsabs.harvard.edu/abs/2016ApJ...822...86M/abstract target=ref>Morton et al. 2016</a>,9.76,1.76,-0.97,0.87072888,68.7,,,M-R relationship,<a refstr=CALCULATED_VALUE href=/docs/pscp_calc.html target=_blank>Calculated Value</a>,0.216,0.406,0.0,,,458.912,1005.0,,5715.0,0.96,0.98,0.02,0.18032786885245902
Kepler-632 b,Kepler-632,1,1,Transit,2016,30.99660733,0.1885,89.14,4.756e-05,-4.756e-05,<a refstr=MORTON_ET_AL__2016 href=https://ui.adsabs.harvard.edu/abs/2016ApJ...822...86M/abstract target=ref>Morton et al. 2016</a>,2.21,0.33,-0.08,0.19716299,5.52,,,M-R relationship,<a refstr=CALCULATED_VALUE href=/docs/pscp_calc.html target=_blank>Calculated Value</a>,0.0174,2.81,0.0,,,14.72,500.0,,5322.0,0.84,0.91,0.11,0.1493212669683258
Kepler-543 b,Kepler-543,1,1,Transit,2016,13.89961966,0.1023,87.8,1.102e-05,-1.102e-05,<a refstr=MORTON_ET_AL__2016 href=https://ui.adsabs.harvard.edu/abs/2016ApJ...822...86M/abstract target=ref>Morton et al. 2016</a>,2.5,0.12,-0.26,0.22303506,6.8,,,M-R relationship,<a refstr=CALCULATED_VALUE href=/docs/pscp_calc.html target=_blank>Calculated Value</a>,0.0214,2.39,0.0,,,23.081,521.0,,4671.0,0.67,0.7,-0.19,0.10400000000000001
Kepler-693 b,Kepler-693,2,1,Transit,2016,15.37563332,0.1121,88.73,1.072e-05,-1.072e-05,<a refstr=MORTON_ET_AL__2016 href=https://ui.adsabs.harvard.edu/abs/2016ApJ...822...86M/abstract target=ref>Morton et al. 2016</a>,10.18,0.5,-0.77,0.90819877,73.8,,,M-R relationship,<a refstr=CALCULATED_VALUE href=/docs/pscp_calc.html target=_blank>Calculated Value</a>,0.232,0.384,0.0,,,31.641,600.0,,4881.0,0.72,0.76,-0.1,0.0756385068762279
Kepler-1928 b,Kepler-1928,1,1,Transit,2021,19.57783,0.194,88.92,2.2e-05,-2.1e-05,<a refstr=BARBER_ET_AL_2022 href=https://ui.adsabs.harvard.edu/abs/2022AJ....164...88B/abstract target=ref>Barber et al. 2022</a>,1.992,0.133,-0.078,0.17771464,4.63,,,M-R relationship,<a refstr=CALCULATED_VALUE href=/docs/pscp_calc.html target=_blank>Calculated Value</a>,0.0146,3.22,0.43,0.18,-0.14,37.8,621.0,,5720.0,0.92,1.01,0.12,0.06676706827309237
Kepler-1999 b,Kepler-1999,1,1,Transit,2023,8.7396758,0.0713,82.59,0.0003092,-0.0003092,<a refstr=Q1_Q17_DR25_KOI_TABLE href=https://exoplanetarchive.ipac.caltech.edu/docs/Kepler_KOI_docs.html target=ref>Q1-Q17 DR25 KOI Table</a>,3.29,0.26,-0.3,0.29351465,10.8,,,M-R relationship,<a refstr=CALCULATED_VALUE href=/docs/pscp_calc.html target=_blank>Calculated Value</a>,0.0341,1.67,0.0,,,26.17,577.0,,4406.0,0.628,0.632,-0.24,0.0911854103343465
KOI-7368 b,KOI-7368,1,1,Transit,2022,6.8430344,0.0678,71.62,1.25e-05,-1.25e-05,<a refstr=BOUMA_ET_AL_2022 href=https://ui.adsabs.harvard.edu/abs/2022AJ....164..215B/abstract target=ref>Bouma et al. 2022</a>,2.22,0.12,-0.12,0.198,5.56,,,M-R relationship,<a refstr=CALCULATED_VALUE href=/docs/pscp_calc.html target=_blank>Calculated Value</a>,0.0175,2.79,0.0,,,99.24,805.0,,5241.0,0.874,0.879,0.0578,0.05405405405405405
KELT-17 b,KELT-17,1,1,Transit,2016,3.0801716,0.04881,84.87,5.3e-06,-5.2e-06,<a refstr=ZHOU_ET_AL__2016 href=https://ui.adsabs.harvard.edu/abs/2016AJ....152..136Z/abstract target=ref>Zhou et al. 2016</a>,17.093725,0.728585,-0.67254,1.525,416.3573,88.9924,-92.1707,Mass,<a refstr=ZHOU_ET_AL__2016 href=https://ui.adsabs.harvard.edu/abs/2016AJ....152..136Z/abstract target=ref>Zhou et al. 2016</a>,1.31,0.46,,,,3331.8707,2087.0,A,7454.0,1.645,1.635,-0.018,0.042622950819672135
WASP-118 b,WASP-118,1,1,Transit,2016,4.0460435,0.05453,88.7,4.4e-06,-4.4e-06,<a refstr=HAY_ET_AL__2016 href=https://ui.adsabs.harvard.edu/abs/2016MNRAS.463.3276H/abstract target=ref>Hay et al. 2016</a>,16.14096,0.403524,-0.403524,1.44,163.36462,6.3566,-6.3566,Mass,<a refstr=HAY_ET_AL__2016 href=https://ui.adsabs.harvard.edu/abs/2016MNRAS.463.3276H/abstract target=ref>Hay et al. 2016</a>,0.514,0.233,0.0,,,6586.47,1729.0,F6,6410.0,1.696,1.32,0.16,0.025
TOI-3593 b,TOI-3593,1,1,Transit,2025,3.8212867,0.0481,88.09,1.6e-06,-1.6e-06,<a refstr=YEE_ET_AL_2025 href=https://ui.adsabs.harvard.edu/abs/2025ApJS..280...30Y/abstract target=ref>Yee et al. 2025</a>,11.02963701,0.31385146,-0.2914335,0.984,565.73456446,28.60455663,-41.31769291,Mass,<a refstr=YEE_ET_AL_2025 href=https://ui.adsabs.harvard.edu/abs/2025ApJS..280...30Y/abstract target=ref>Yee et al. 2025</a>,1.78,2.31,0.105,0.052,-0.028,308.0,1170.0,,5550.0,0.918,1.015,0.384,0.028455284586015584
WASP-195 b,WASP-195,1,1,Transit,2025,5.051928,0.063,86.3,4e-06,-4e-06,<a refstr=SCHANCHE_ET_AL_2025 href=https://ui.adsabs.harvard.edu/abs/2025AJ....169..334S/abstract target=ref>Schanche et al. 2025</a>,10.31226224,0.56044903,-0.56044903,0.92,33.05415433,9.53485221,-9.85268062,Mass,<a refstr=SCHANCHE_ET_AL_2025 href=https://ui.adsabs.harvard.edu/abs/2025AJ....169..334S/abstract target=ref>Schanche et al. 2025</a>,0.104,0.16,0.0,,,890.0,1522.0,,6300.0,1.578,1.3,0.0,0.05434782562317771
TOI-4529 b,TOI-4529,1,1,Transit,2026,5.879577,,88.7,1.1e-05,-1e-05,<a refstr=POULTOURTZIDIS_ET_AL_2026 href=https://ui.adsabs.harvard.edu/abs/2026A&A...707A.106P/abstract target=ref>Poultourtzidis et al. 2026</a>,1.77,0.09,-0.08,0.1579091,4.9,,,Mass,<a refstr=POULTOURTZIDIS_ET_AL_2026 href=https://ui.adsabs.harvard.edu/abs/2026A&A...707A.106P/abstract target=ref>Poultourtzidis et al. 2026</a>,0.01541712,4.8,,,,14.6089,511.0,M1.5 V,3697.0,0.48,0.482,-0.24,0.05084745762711864
Wolf 503 b,Wolf 503,1,1,Transit,2018,6.00127,0.05706,89.87,2.1e-05,-2.1e-05,<a refstr=POLANSKI_ET_AL__2021 href=https://ui.adsabs.harvard.edu/abs/2021AJ....162..238P/abstract target=ref>Polanski et al. 2021</a>,2.043,0.069,-0.069,0.18226457,6.26,0.69,-0.7,Mass,<a refstr=POLANSKI_ET_AL__2021 href=https://ui.adsabs.harvard.edu/abs/2021AJ....162..238P/abstract target=ref>Polanski et al. 2021</a>,0.01969616,2.92,0.41,0.05,-0.05,69.6,790.0,K3.5 V,4716.0,0.689,0.688,-0.47,0.033773861967694566
Kepler-906 b,Kepler-906,1,1,Transit,2016,41.6979976,0.22363,90.0,0.0001595,-0.0001595,<a refstr=MORTON_ET_AL__2016 href=https://ui.adsabs.harvard.edu/abs/2016ApJ...822...86M/abstract target=ref>Morton et al. 2016</a>,2.11,0.1,-0.1,0.18824159,5.1,,,M-R relationship,<a refstr=CALCULATED_VALUE href=/docs/pscp_calc.html target=_blank>Calculated Value</a>,0.016,2.98,0.0,,,21.987,537.0,,6035.0,1.02,1.06,-0.09,0.047393364928909956
TOI-4551 b,TOI-4551,1,1,Transit,2023,9.95581,0.0994,86.9,7.6e-05,-7.8e-05,<a refstr=PEREIRA_ET_AL_2024 href=https://ui.adsabs.harvard.edu/abs/2024MNRAS.527.6332P/abstract target=ref>Pereira et al. 2024</a>,11.85910158,1.23298788,-0.6949568,1.058,473.56432643,41.31769291,-41.31769291,Mass,<a refstr=PEREIRA_ET_AL_2024 href=https://ui.adsabs.harvard.edu/abs/2024MNRAS.527.6332P/abstract target=ref>Pereira et al. 2024</a>,1.49,1.74,0.101,0.034,-0.033,1247.74,1655.0,,4896.0,3.55,1.31,0.23,0.10396975451153863
Kepler-780 b,Kepler-780,1,1,Transit,2016,0.677375164,0.015,87.38,1.246e-06,-1.246e-06,<a refstr=MORTON_ET_AL__2016 href=https://ui.adsabs.harvard.edu/abs/2016ApJ...822...86M/abstract target=ref>Morton et al. 2016</a>,0.89,0.09,-0.06,0.07940048,0.64,,,M-R relationship,<a refstr=CALCULATED_VALUE href=/docs/pscp_calc.html target=_blank>Calculated Value</a>,0.00201,4.99,0.0,,,4572.56,2099.0,,5769.0,1.02,1.01,0.05,0.10112359550561797
NGTS-16 b,NGTS-16,1,1,Transit,2021,4.84532,0.0523,,2e-05,-2e-05,<a refstr=TILBROOK_ET_AL_2021 href=https://ui.adsabs.harvard.edu/abs/2021MNRAS.504.6018T/abstract target=ref>Tilbrook et al. 2021</a>,14.57167491,1.45716749,-1.34507768,1.3,211.99154747,49.8990599,-40.9998645,Mass,<a refstr=TILBROOK_ET_AL_2021 href=https://ui.adsabs.harvard.edu/abs/2021MNRAS.504.6018T/abstract target=ref>Tilbrook et al. 2021</a>,0.667,0.38,0.0,,,480.0,1177.0,G7 V,5550.0,1.213,1.002,0.35,0.0999999999313737
Qatar-10 b,Qatar-10,1,1,Transit,2019,1.645321,0.0286,85.87,1e-05,-1e-05,<a refstr=ALSUBAI_ET_AL__2019 href=https://ui.adsabs.harvard.edu/abs/2019AJ....157..224A/abstract target=ref>Alsubai et al. 2019</a>,17.295487,0.44836,-0.44836,1.543,233.92288,28.6047,-28.6047,Mass,<a refstr=ALSUBAI_ET_AL__2019 href=https://ui.adsabs.harvard.edu/abs/2019AJ....157..224A/abstract target=ref>Alsubai et al. 2019</a>,0.736,0.248,0.0,,,1816.48,1955.0,F7 V,6124.0,1.254,1.156,0.016,0.025923525599481526
Kepler-17 b,Kepler-17,1,1,Transit,2011,1.4857108,0.02591,87.2,2e-07,-2e-07,<a refstr=DESERT_ET_AL__2011 href=https://ui.adsabs.harvard.edu/abs/2011ApJS..197...14D/abstract target=ref> D&eacute;sert et al. 2011 </a>,14.68,0.22,-0.22,1.31,778.65,34.96,-34.96,Mass,<a refstr=DESERT_ET_AL__2011 href=https://ui.adsabs.harvard.edu/abs/2011ApJS..197...14D/abstract target=ref> D&eacute;sert et al. 2011 </a>,2.45,1.35,0.011,,,1481.766,1570.0,G2 V,5781.0,1.01034,1.04,0.26,0.014986376021798366
Kepler-761 b,Kepler-761,1,1,Transit,2016,10.12804789,0.0874,87.16,2.905e-05,-2.905e-05,<a refstr=MORTON_ET_AL__2016 href=https://ui.adsabs.harvard.edu/abs/2016ApJ...822...86M/abstract target=ref>Morton et al. 2016</a>,2.03,0.25,-0.17,0.18110447,4.78,,,M-R relationship,<a refstr=CALCULATED_VALUE href=/docs/pscp_calc.html target=_blank>Calculated Value</a>,0.015,3.14,0.0,,,95.447,767.0,,5706.0,0.93,0.95,-0.09,0.12315270935960593
TOI-1259 A b,TOI-1259 A,2,1,Transit,2021,3.4779792,0.0408,89.5,1e-07,-1e-07,<a refstr=VELDHUIS_ET_AL_2026 href=https://ui.adsabs.harvard.edu/abs/2026A&A...708A.272V/abstract target=ref>Veldhuis et al. 2026</a>,11.6,0.2,-0.2,1.03488447,141.0,13.0,-13.0,Mass,<a refstr=VELDHUIS_ET_AL_2026 href=https://ui.adsabs.harvard.edu/abs/2026A&A...708A.272V/abstract target=ref>Veldhuis et al. 2026</a>,0.44363561,0.49,0.0,,,153.1389,963.0,,4775.0,0.715,0.746,-0.5,0.017241379310344827
TOI-4578 b,TOI-4578,1,1,Transit,2026,8.62392630369,,88.94141,5.686319e-05,-6.842754e-05,<a refstr=LAFARGA_ET_AL_2026 href=https://ui.adsabs.harvard.edu/abs/2026MNRAS.548ag512L/abstract target=ref>Lafarga et al. 2026</a>,2.26974262,0.28541935,-0.22502724,0.20249322,5.77,,,M-R relationship,<a refstr=CALCULATED_VALUE href=/docs/pscp_calc.html target=_blank>Calculated Value</a>,0.0182,2.71,,,,119.0248,842.42,,5951.32,0.878735,1.077,,0.1257496543815175
K2-392 b,K2-392,1,1,Transit,2022,15.398723,,,0.002422,-0.00193,<a refstr=CHRISTIANSEN_ET_AL_2022 href=https://ui.adsabs.harvard.edu/abs/2022AJ....163..244C/abstract target=ref>Christiansen et al. 2022</a>,1.85,0.161,-0.154,0.16504623,4.08,,,M-R relationship,<a refstr=CALCULATED_VALUE href=/docs/pscp_calc.html target=_blank>Calculated Value</a>,0.0128,3.54,,,,,,G3,5726.0,1.058,0.841,-0.238,0.08702702702702703
TOI-4145 A b,TOI-4145 A,2,1,Transit,2023,4.0664428,0.04823,86.2,5.8e-06,-5.8e-06,<a refstr=YEE_ET_AL__2023 href=https://ui.adsabs.harvard.edu/abs/2023ApJS..265....1Y/abstract target=ref>Yee et al. 2023</a>,13.30506009,0.35868738,-0.3474784,1.187,136.66621501,41.31769291,-41.31769291,Mass,<a refstr=YEE_ET_AL__2023 href=https://ui.adsabs.harvard.edu/abs/2023ApJS..265....1Y/abstract target=ref>Yee et al. 2023</a>,0.43,0.32,0.0,,,223.0,1074.0,,5281.0,0.859,0.905,0.168,0.02695871928226669
TOI-4379 b,TOI-4379,1,1,Transit,2024,3.25352,,,2e-05,-2e-05,<a refstr=SAUNDERS_ET_AL__2024 href=https://ui.adsabs.harvard.edu/abs/2024AJ....168...81S/abstract target=ref>Saunders et al. 2024</a>,16.69017226,0.88550948,-0.88550948,1.489,353.74301699,22.5658169,-22.5658169,Mass,<a refstr=SAUNDERS_ET_AL__2024 href=https://ui.adsabs.harvard.edu/abs/2024AJ....168...81S/abstract target=ref>Saunders et al. 2024</a>,1.113,0.418,0.018,0.029,-0.018,2886.0903,1869.38,,6020.0,1.976,1.372,0.16,0.053055742397712075
K2-291 b,K2-291,1,1,Transit,2019,2.225177,0.03261,85.26,6.6e-05,-6.8e-05,<a refstr=KOSIAREK_ET_AL__2019 href=https://ui.adsabs.harvard.edu/abs/2019AJ....157..116K/abstract target=ref>Kosiarek et al. 2019</a>,1.589,0.095,-0.072,0.14176108,6.49,1.16,-1.16,Mass,<a refstr=KOSIAREK_ET_AL__2019 href=https://ui.adsabs.harvard.edu/abs/2019AJ....157..116K/abstract target=ref>Kosiarek et al. 2019</a>,0.02041972,8.84,0.0,,,633.0,1278.0,,5520.0,0.899,0.934,0.08,0.059786028949024544
TOI-558 b,TOI-558,1,1,Transit,2021,14.574071,0.1291,86.24,2.6e-05,-2.6e-05,<a refstr=IKWUT_UKWA_ET_AL__2022 href=https://ui.adsabs.harvard.edu/abs/2022AJ....163....9I/abstract target=ref>Ikwut-Ukwa et al. 2022</a>,12.17295304,0.45956821,-0.42594127,1.086,1147.36054927,47.67426105,-47.67426105,Mass,<a refstr=IKWUT_UKWA_ET_AL__2022 href=https://ui.adsabs.harvard.edu/abs/2022AJ....163....9I/abstract target=ref>Ikwut-Ukwa et al. 2022</a>,3.61,3.5,0.298,0.022,-0.02,248.8554,1061.0,F V,6466.0,1.496,1.349,-0.004,0.03775322294351018
GPX-1 b,GPX-1,1,1,Transit,2021,1.744579,0.0338,79.9,8e-06,-8e-06,<a refstr=BENNI_ET_AL__2021 href=https://ui.adsabs.harvard.edu/abs/2021MNRAS.505.4956B/abstract target=ref>Benni et al. 2021</a>,16.47720163,1.12089807,-1.12089807,1.47,6261.2196179,508.5254512,-508.5254512,Mass,<a refstr=BENNI_ET_AL__2021 href=https://ui.adsabs.harvard.edu/abs/2021MNRAS.505.4956B/abstract target=ref>Benni et al. 2021</a>,19.7,8.222423,0.0,,,4650.0,2300.0,F2,7000.0,1.56,1.68,0.35,0.06802721088022518
TOI-3819 b,TOI-3819,1,1,Transit,2023,3.2443141,0.04611,82.79,5.5e-06,-5.5e-06,<a refstr=YEE_ET_AL__2023 href=https://ui.adsabs.harvard.edu/abs/2023ApJS..265....1Y/abstract target=ref>Yee et al. 2023</a>,13.13692538,0.40352331,-0.39231432,1.172,352.78953177,57.20911326,-63.5656814,Mass,<a refstr=YEE_ET_AL__2023 href=https://ui.adsabs.harvard.edu/abs/2023ApJS..265....1Y/abstract target=ref>Yee et al. 2023</a>,1.11,0.85,0.0,,,1186.0,1633.0,,5859.0,1.538,1.242,0.273,0.030716723915805638
K2-292 b,K2-292,1,1,Transit,2019,16.9841,0.13,88.4,0.0008,-0.0008,<a refstr=LUQUE_ET_AL__2019 href=https://ui.adsabs.harvard.edu/abs/2019A&A...623A.114L/abstract target=ref>Luque et al. 2019</a>,2.63,0.11,-0.1,0.23463288,24.5,4.4,-4.4,Mass,<a refstr=LUQUE_ET_AL__2019 href=https://ui.adsabs.harvard.edu/abs/2019A&A...623A.114L/abstract target=ref>Luque et al. 2019</a>,0.07708523,7.4,0.04,0.06,-0.03,67.0,795.0,G3 V,5725.0,1.09,1.0,0.07,0.041825095057034224
CFHTWIR-Oph 98 b,CFHTWIR-Oph 98 A,1,1,Imaging,2020,8040000.0,200.0,,470000.0,-470000.0,<a refstr=FONTANIVE_ET_AL__2020 href=https://ui.adsabs.harvard.edu/abs/2020ApJ...905L..14F/abstract target=ref>Fontanive et al. 2020</a>,20.8487041,0.56044903,-0.56044903,1.86,2479.0615746,222.4798849,-254.2627256,Mass,<a refstr=FONTANIVE_ET_AL__2020 href=https://ui.adsabs.harvard.edu/abs/2020ApJ...905L..14F/abstract target=ref>Fontanive et al. 2020</a>,7.8,1.5,,,,0.0,1800.0,M9-L1,2320.0,0.245,0.0147,,0.026881720192863213
TOI-1431 b,TOI-1431,1,1,Transit,2021,2.650237,0.046,80.13,3e-06,-3e-06,<a refstr=ADDISON_ET_AL__2021 href=https://ui.adsabs.harvard.edu/abs/2021AJ....162..292A/abstract target=ref>Addison et al. 2021</a>,16.70138124,0.56044903,-0.56044903,1.49,991.62462984,57.20911326,-57.20911326,Mass,<a refstr=ADDISON_ET_AL__2021 href=https://ui.adsabs.harvard.edu/abs/2021AJ....162..292A/abstract target=ref>Addison et al. 2021</a>,3.12,1.17,0.0022,0.003,-0.0016,5300.0,2370.0,Am C,7690.0,1.92,1.9,0.09,0.03355704668651705
TOI-4406 b,TOI-4406,1,1,Transit,2023,30.08364,0.201,88.48,5e-05,-5e-05,<a refstr=BRAHM_ET_AL_2023 href=https://ui.adsabs.harvard.edu/abs/2023AJ....165..227B/abstract target=ref>Brahm et al. 2023</a>,11.2089807,0.22417961,-0.22417961,1.0,95.3485221,9.53485221,-9.53485221,Mass,<a refstr=BRAHM_ET_AL_2023 href=https://ui.adsabs.harvard.edu/abs/2023AJ....165..227B/abstract target=ref>Brahm et al. 2023</a>,0.3,0.372,0.15,0.05,-0.04,58.0054,904.0,,6219.0,1.29,1.19,0.1,0.01999999964314329
TOI-4405 b,TOI-4405,1,1,Transit,2026,5.92143995316,,88.69912,2.371638e-05,-2.189513e-05,<a refstr=LAFARGA_ET_AL_2026 href=https://ui.adsabs.harvard.edu/abs/2026MNRAS.548ag512L/abstract target=ref>Lafarga et al. 2026</a>,2.55505441,0.27294816,-0.21353108,0.22794708,7.06,,,M-R relationship,<a refstr=CALCULATED_VALUE href=/docs/pscp_calc.html target=_blank>Calculated Value</a>,0.0222,2.33,,,,48.1559,671.87,,4467.38,0.687025,0.68,,0.10682675051135213
TOI-5027 b,TOI-5027,1,1,Transit,2025,10.24368,0.093,88.18,1e-05,-1e-05,<a refstr=TALA_PINTO_ET_AL__2025 href=https://ui.adsabs.harvard.edu/abs/2025A&A...694A.268T/abstract target=ref>Tala Pinto et al. 2025</a>,10.76062147,0.56044903,-0.67253884,0.96,642.01338214,41.31769291,-41.31769291,Mass,<a refstr=TALA_PINTO_ET_AL__2025 href=https://ui.adsabs.harvard.edu/abs/2025A&A...694A.268T/abstract target=ref>Tala Pinto et al. 2025</a>,2.02,2.94,0.385,0.025,-0.026,190.912,1056.0,,5909.0,0.92,1.02,-0.15,0.062499999825753556
HAT-P-63 b,HAT-P-63,1,1,Transit,2021,3.377728,0.04294,88.45,1.3e-05,-1.3e-05,<a refstr=BAKOS_ET_AL__2021 href=https://ui.adsabs.harvard.edu/abs/2021AJ....162....7B/abstract target=ref>Bakos et al. 2021</a>,12.5428494,0.36989636,-0.36989636,1.119,195.1466419,7.62788177,-7.62788177,Mass,<a refstr=BAKOS_ET_AL__2021 href=https://ui.adsabs.harvard.edu/abs/2021AJ....162....7B/abstract target=ref>Bakos et al. 2021</a>,0.614,0.54,0.069,,,387.4,1237.0,,5400.0,0.9661,0.925,0.251,0.029490616382590068
TOI-3862 b,TOI-3862,1,1,Transit,2026,1.55745774,0.02539,89.15,3.6e-07,-4.2e-07,<a refstr=CARLEO_ET_AL_2026 href=https://ui.adsabs.harvard.edu/abs/2026A&A...707A...4C/abstract target=ref>Carleo et al. 2026</a>,5.53,0.18,-0.18,0.493,53.7,2.8,-2.9,Mass,<a refstr=CARLEO_ET_AL_2026 href=https://ui.adsabs.harvard.edu/abs/2026A&A...707A...4C/abstract target=ref>Carleo et al. 2026</a>,0.1688,1.75,0.0232,0.0071,-0.0054,358.839,1539.0,,5300.0,0.92,0.9,0.11,0.03254972875226039
TOI-4662 b,TOI-4662,1,1,Transit,2026,4.70343764575,,87.46502,5.530158e-05,-6.074156e-05,<a refstr=LAFARGA_ET_AL_2026 href=https://ui.adsabs.harvard.edu/abs/2026MNRAS.548ag512L/abstract target=ref>Lafarga et al. 2026</a>,2.87998299,0.4769111,-0.35910658,0.25693531,8.65,,,M-R relationship,<a refstr=CALCULATED_VALUE href=/docs/pscp_calc.html target=_blank>Calculated Value</a>,0.0272,1.99,,,,50.104,741.0,,4520.41,0.69375,0.703,,0.16559510999056282
WASP-142 b,WASP-142,1,1,Transit,2016,2.052868,0.0347,80.2,2e-06,-2e-06,<a refstr=HELLIER_ET_AL__2017 href=https://ui.adsabs.harvard.edu/abs/2017MNRAS.465.3693H/abstract target=ref>Hellier et al. 2017</a>,17.14977,0.89672,-0.89672,1.53,266.9772,28.6047,-28.6047,Mass,<a refstr=HELLIER_ET_AL__2017 href=https://ui.adsabs.harvard.edu/abs/2017MNRAS.465.3693H/abstract target=ref>Hellier et al. 2017</a>,0.84,0.31,0.0,,,3140.9238,2000.0,F8,6010.0,1.64,1.33,0.26,0.0522875816993464
WASP-171 b,WASP-171,1,1,Transit,2019,3.8186244,0.0504,88.3,3.8e-06,-3.8e-06,<a refstr=NIELSEN_ET_AL__2019 href=https://ui.adsabs.harvard.edu/abs/2019MNRAS.489.2478N/abstract target=ref>Nielsen et al. 2019</a>,10.98482,0.78463,-0.44836,0.98,344.52772,29.87602,-29.87602,Mass,<a refstr=NIELSEN_ET_AL__2019 href=https://ui.adsabs.harvard.edu/abs/2019MNRAS.489.2478N/abstract target=ref>Nielsen et al. 2019</a>,1.084,1.5,0.0,,,1200.24,1642.0,G0,5965.0,1.637,1.171,0.04,0.07142857142857144
TOI-1789 b,TOI-1789,1,1,Transit,2021,3.208664,0.04882,78.41,1.5e-05,-1.5e-05,<a refstr=KHANDELWAL_ET_AL__2022 href=https://ui.adsabs.harvard.edu/abs/2022MNRAS.509.3339K/abstract target=ref>Khandelwal et al. 2022</a>,16.14093221,2.69015537,-1.5692573,1.44,222.4798849,50.85254512,-50.85254512,Mass,<a refstr=KHANDELWAL_ET_AL__2022 href=https://ui.adsabs.harvard.edu/abs/2022MNRAS.509.3339K/abstract target=ref>Khandelwal et al. 2022</a>,0.7,0.28,,,,2300.0,1927.0,F,5991.0,2.168,1.507,0.373,0.1666666667699238
TOI-4666 b,TOI-4666,1,1,Transit,2025,2.9089165,0.034,89.79,7e-06,-7e-06,<a refstr=DRANSFIELD_ET_AL_2026 href=https://ui.adsabs.harvard.edu/abs/2026MNRAS.547ag448D/abstract target=ref>Dransfield et al. 2026</a>,12.53164042,0.39231432,-0.39231432,1.118,155.41809102,21.29450327,-20.97667486,Mass,<a refstr=DRANSFIELD_ET_AL_2026 href=https://ui.adsabs.harvard.edu/abs/2026MNRAS.547ag448D/abstract target=ref>Dransfield et al. 2026</a>,0.489,0.43,0.023,0.033,-0.016,55.6,695.0,M2&plusmn;0.5,3793.0,0.585,0.576,0.79,0.03130590304633078
BD+20 594 b,BD+20 594,1,1,Transit,2016,41.6855,0.241,89.55,0.003,-0.003,<a refstr=STASSUN_ET_AL__2017 href=https://ui.adsabs.harvard.edu/abs/2017AJ....153..136S/abstract target=ref>Stassun et al. 2017</a>,2.57807,0.11209,-0.11209,0.23,22.2481,9.5349,-9.5349,Mass,<a refstr=STASSUN_ET_AL__2017 href=https://ui.adsabs.harvard.edu/abs/2017AJ....153..136S/abstract target=ref>Stassun et al. 2017</a>,0.07,7.89,0.0,,,15.1513,546.0,G,5766.0,1.08,1.67,-0.15,0.043478260869565216
WASP-182 b,WASP-182,1,1,Transit,2019,3.3769848,0.0451,83.88,2.4e-06,-2.4e-06,<a refstr=NIELSEN_ET_AL__2019 href=https://ui.adsabs.harvard.edu/abs/2019MNRAS.489.2478N/abstract target=ref>Nielsen et al. 2019</a>,9.52765,0.33627,-0.33627,0.85,47.03884,3.49613,-3.49613,Mass,<a refstr=NIELSEN_ET_AL__2019 href=https://ui.adsabs.harvard.edu/abs/2019MNRAS.489.2478N/abstract target=ref>Nielsen et al. 2019</a>,0.148,0.318,0.0,,,756.261,1479.0,G5,5638.0,1.34,1.076,0.27,0.03529411764705883
Kepler-833 b,Kepler-833,1,1,Transit,2016,18.7546998,0.1139,89.96,5.142e-05,-5.142e-05,<a refstr=MORTON_ET_AL__2016 href=https://ui.adsabs.harvard.edu/abs/2016ApJ...822...86M/abstract target=ref>Morton et al. 2016</a>,2.02,0.12,-0.09,0.18021233,4.74,,,M-R relationship,<a refstr=CALCULATED_VALUE href=/docs/pscp_calc.html target=_blank>Calculated Value</a>,0.0149,3.16,0.0,,,8.313,382.0,,4339.0,0.62,0.64,-0.18,0.0594059405940594
TOI-4463 A b,TOI-4463 A,2,1,Transit,2023,2.8807198,0.04036,83.82,2.8e-06,-2.7e-06,<a refstr=YEE_ET_AL__2023 href=https://ui.adsabs.harvard.edu/abs/2023ApJS..265....1Y/abstract target=ref>Yee et al. 2023</a>,13.26022417,0.71737476,-0.50440413,1.183,252.35575516,12.39530787,-12.71313628,Mass,<a refstr=YEE_ET_AL__2023 href=https://ui.adsabs.harvard.edu/abs/2023ApJS..265....1Y/abstract target=ref>Yee et al. 2023</a>,0.794,0.595,0.0,,,633.0,1395.0,,5640.0,1.062,1.056,0.25,0.054099746037702165
HATS-9 b,HATS-9,1,1,Transit,2015,1.915291,0.0312,88.94,1.9e-05,-1.8e-05,<a refstr=LIVINGSTON_ET_AL__2018 href=https://ui.adsabs.harvard.edu/abs/2018AJ....156..277L/abstract target=ref>Livingston et al. 2018</a>,13.85,0.35,-0.35,1.23561424,266.02371,9.21707,-9.21707,Mass,<a refstr=BRAHM_ET_AL__2015 href=https://ui.adsabs.harvard.edu/abs/2015AJ....150...33B/abstract target=ref>Brahm et al. 2015</a>,0.837,0.626,0.075,,,2292.0839,1746.0,,5599.0,1.56,1.1,0.38,0.02527075812274368
Kepler-839 b,Kepler-839,1,1,Transit,2016,37.8144514,0.2316,87.34,0.0001545,-0.0001545,<a refstr=MORTON_ET_AL__2016 href=https://ui.adsabs.harvard.edu/abs/2016ApJ...822...86M/abstract target=ref>Morton et al. 2016</a>,2.57,0.41,-0.25,0.22928004,7.13,,,M-R relationship,<a refstr=CALCULATED_VALUE href=/docs/pscp_calc.html target=_blank>Calculated Value</a>,0.0224,2.31,0.0,,,46.303,626.0,,6058.0,1.31,1.22,0.29,0.15953307392996108
TOI-3912 b,TOI-3912,1,1,Transit,2023,3.4936264,0.0463,85.64,3.8e-06,-3.8e-06,<a refstr=YEE_ET_AL__2023 href=https://ui.adsabs.harvard.edu/abs/2023ApJS..265....1Y/abstract target=ref>Yee et al. 2023</a>,14.28024141,0.45956821,-0.44835923,1.274,129.03833324,22.5658169,-21.61233168,Mass,<a refstr=YEE_ET_AL__2023 href=https://ui.adsabs.harvard.edu/abs/2023ApJS..265....1Y/abstract target=ref>Yee et al. 2023</a>,0.406,0.243,0.0,,,872.2,1512.0,,5725.0,1.392,1.088,0.187,0.032182103705766414
TOI-4487 A b,TOI-4487 A,2,1,Transit,2025,3.9540709,0.05448,86.85,2.1e-06,-2.1e-06,<a refstr=YEE_ET_AL_2025 href=https://ui.adsabs.harvard.edu/abs/2025ApJS..280...30Y/abstract target=ref>Yee et al. 2025</a>,14.60530185,0.77341967,-0.71737476,1.303,397.28550875,50.85254512,-50.85254512,Mass,<a refstr=YEE_ET_AL_2025 href=https://ui.adsabs.harvard.edu/abs/2025ApJS..280...30Y/abstract target=ref>Yee et al. 2025</a>,1.25,0.7,0.083,,,1203.0,1639.0,,6206.0,1.634,1.378,0.216,0.052954720001216544
K2-251 b,K2-251,1,1,Transit,2018,9.30075,0.0694,,0.00332,-0.00321,<a refstr=LIVINGSTON_ET_AL__2018 href=https://ui.adsabs.harvard.edu/abs/2018AJ....156...78L/abstract target=ref>Livingston et al. 2018</a>,2.35,0.26,-0.21,0.20965296,6.12,,,M-R relationship,<a refstr=CALCULATED_VALUE href=/docs/pscp_calc.html target=_blank>Calculated Value</a>,0.0193,2.59,,,,9.4444,437.0,,3717.0,0.49,0.52,-0.04,0.11063829787234042
Qatar-7 b,Qatar-7,1,1,Transit,2019,2.032046,0.0352,89.0,9.7e-06,-1.4e-05,<a refstr=ALSUBAI_ET_AL__2019 href=https://ui.adsabs.harvard.edu/abs/2019AJ....157...74A/abstract target=ref>Alsubai et al. 2019</a>,19.0553,0.33627,-0.33627,1.7,597.5204,79.4575,-79.4575,Mass,<a refstr=ALSUBAI_ET_AL__2019 href=https://ui.adsabs.harvard.edu/abs/2019AJ....157...74A/abstract target=ref>Alsubai et al. 2019</a>,1.88,0.502,0.0,,,2886.2922,2053.0,F4 V,6387.0,1.564,1.409,0.276,0.017647058823529415
TOI-628 b,TOI-628,1,1,Transit,2021,3.4095675,0.0486,88.41,7e-06,-6.9e-06,<a refstr=RODRIGUEZ_ET_AL__2021 href=https://ui.adsabs.harvard.edu/abs/2021AJ....161..194R/abstract target=ref>Rodriguez et al. 2021</a>,11.88154,0.459569,-0.381106,1.06,2011.8639,92.1707,-98.5273,Mass,<a refstr=RODRIGUEZ_ET_AL__2021 href=https://ui.adsabs.harvard.edu/abs/2021AJ....161..194R/abstract target=ref>Rodriguez et al. 2021</a>,6.33,6.58,0.072,0.021,-0.023,1052.9,1586.0,,6250.0,1.345,1.311,0.258,0.03867924528301887
TOI-3980 b,TOI-3980,1,1,Transit,2025,3.6089254,0.0494,81.95,3e-06,-3.1e-06,<a refstr=YEE_ET_AL_2025 href=https://ui.adsabs.harvard.edu/abs/2025ApJS..280...30Y/abstract target=ref>Yee et al. 2025</a>,14.4595851,2.24179614,-1.12089807,1.29,187.51876013,60.38739733,-54.03082919,Mass,<a refstr=YEE_ET_AL_2025 href=https://ui.adsabs.harvard.edu/abs/2025ApJS..280...30Y/abstract target=ref>Yee et al. 2025</a>,0.59,0.25,0.16,,,1153.0,1621.0,,5840.0,1.626,1.24,0.188,0.1550387597220891
TOI-4507 b,TOI-4507,1,1,Transit,2025,104.61611,0.456,89.93,6e-05,-6e-05,<a refstr=ESPINOZA_RETAMAL_ET_AL_2026 href=https://ui.adsabs.harvard.edu/abs/2026ApJ...996L..13E/abstract target=ref>Espinoza-Retamal et al. 2026</a>,8.2,0.1,-0.1,0.73155626,20.0,,,Mass,<a refstr=ESPINOZA_RETAMAL_ET_AL_2026 href=https://ui.adsabs.harvard.edu/abs/2026ApJ...996L..13E/abstract target=ref>Espinoza-Retamal et al. 2026</a>,0.06292704,0.2,0.09,0.26,-0.06,23.5778,464.8,F,6260.0,1.04,1.11,-0.06,0.012195121951219514
TOI-5160 b,TOI-5160,1,1,Transit,2026,4.280773256,,87.87557,4.199894e-05,-3.835833e-05,<a refstr=LAFARGA_ET_AL_2026 href=https://ui.adsabs.harvard.edu/abs/2026MNRAS.548ag512L/abstract target=ref>Lafarga et al. 2026</a>,2.39729851,0.28717359,-0.22048406,0.21387302,6.33,,,M-R relationship,<a refstr=CALCULATED_VALUE href=/docs/pscp_calc.html target=_blank>Calculated Value</a>,0.0199,2.52,,,,177.537,1016.0,,5622.14,1.03315,1.003,0.204,0.11979050118376787
EPIC 211822797 b,EPIC 211822797,1,1,Transit,2016,21.1701963,0.1195,89.73,6.62e-05,-6.42e-05,<a refstr=CASTRO_GONZ_AACUTE_LEZ_ET_AL__2022 href=https://ui.adsabs.harvard.edu/abs/2022MNRAS.509.1075C/abstract target=ref>Castro-Gonz&aacute;lez et al. 2022</a>,1.92,0.12,-0.07,0.17129122,4.35,,,M-R relationship,<a refstr=CALCULATED_VALUE href=/docs/pscp_calc.html target=_blank>Calculated Value</a>,0.0137,3.38,0.06,0.13597,-0.048705,3.5,431.0,M0,4057.0,0.58,0.62,0.2,0.0625
K2-28 b,K2-28,1,1,Transit,2016,2.260455,0.0214,88.9,4.1e-05,-4.1e-05,<a refstr=HIRANO_ET_AL__2016 href=https://ui.adsabs.harvard.edu/abs/2016ApJ...820...41H/abstract target=ref>Hirano et al. 2016</a>,2.32,0.24,-0.24,0.20697654,5.99,,,M-R relationship,<a refstr=CALCULATED_VALUE href=/docs/pscp_calc.html target=_blank>Calculated Value</a>,0.0189,2.64,0.0,,,30.1,568.0,M4,3214.0,0.288,0.257,0.26,0.10344827586206896
HAT-P-7 b,HAT-P-7,3,1,Transit,2008,2.20474,0.03809,83.11,1.7e-05,-1.7e-05,<a refstr=STASSUN_ET_AL__2017 href=https://ui.adsabs.harvard.edu/abs/2017AJ....153..136S/abstract target=ref>Stassun et al. 2017</a>,16.92559,2.35389,-2.35389,1.51,584.8072,168.4499,-168.4499,Mass,<a refstr=STASSUN_ET_AL__2017 href=https://ui.adsabs.harvard.edu/abs/2017AJ....153..136S/abstract target=ref>Stassun et al. 2017</a>,1.84,0.712,0.0,,,4353.408,2733.0,F6 V,6389.0,2.0,1.56,0.26,0.1390728476821192
Kepler-551 b,Kepler-551,1,1,Transit,2016,12.3764661,0.0893,89.17,1.298e-05,-1.298e-05,<a refstr=MORTON_ET_AL__2016 href=https://ui.adsabs.harvard.edu/abs/2016ApJ...822...86M/abstract target=ref>Morton et al. 2016</a>,2.73,0.25,-0.15,0.24355429,7.9,,,M-R relationship,<a refstr=CALCULATED_VALUE href=/docs/pscp_calc.html target=_blank>Calculated Value</a>,0.0249,2.13,0.0,,,14.386,483.0,,4286.0,0.63,0.65,-0.09,0.09157509157509157
K2-44 b,K2-44,1,1,Transit,2016,5.657,0.06,87.9933,0.0002,-0.0002,<a refstr=DEL_SER__AMP__FORS_2020 href=https://ui.adsabs.harvard.edu/abs/2020MNRAS.498.2778D/abstract target=ref>del Ser &amp; Fors 2020</a>,2.433,0.089,-0.072,0.21705772,6.5,,,M-R relationship,<a refstr=CALCULATED_VALUE href=/docs/pscp_calc.html target=_blank>Calculated Value</a>,0.0204,2.48,,,,646.0,1211.0,,5912.0,1.58,1.15,0.0,0.0365803534730785
K2-27 b,K2-27,3,1,Transit,2016,6.771347,0.06702,88.87126,5.9e-05,-5.9e-05,<a refstr=HOWARD_ET_AL__2025 href=https://ui.adsabs.harvard.edu/abs/2025ApJS..278...52H/abstract target=ref>Howard et al. 2025</a>,4.74,0.13,-0.06,0.4228752,30.2,3.5,-3.6,Mass,<a refstr=HOWARD_ET_AL__2025 href=https://ui.adsabs.harvard.edu/abs/2025ApJS..278...52H/abstract target=ref>Howard et al. 2025</a>,0.09501983,1.71,0.251,0.088,-0.088,116.0,836.0,,5246.0,0.876,0.88,0.12,0.02742616033755274
K2-378 b,K2-378,1,1,Transit,2022,2.060438,,,0.000118,-7.4e-05,<a refstr=CHRISTIANSEN_ET_AL_2022 href=https://ui.adsabs.harvard.edu/abs/2022AJ....163..244C/abstract target=ref>Christiansen et al. 2022</a>,2.88,0.27,-0.23,0.25693683,8.65,,,M-R relationship,<a refstr=CALCULATED_VALUE href=/docs/pscp_calc.html target=_blank>Calculated Value</a>,0.0272,1.99,,,,,,,4823.0,0.732,0.923,-0.206,0.09375000000000001
K2-42 b,K2-42,1,1,Transit,2016,6.68796,0.0617,,0.00093,-0.00093,<a refstr=CROSSFIELD_ET_AL__2016 href=https://ui.adsabs.harvard.edu/abs/2016ApJS..226....7C/abstract target=ref>Crossfield et al. 2016</a>,2.15,0.24,-0.24,0.19181015,5.27,,,M-R relationship,<a refstr=CALCULATED_VALUE href=/docs/pscp_calc.html target=_blank>Calculated Value</a>,0.0166,2.91,,,,44.1,718.09,,4613.0,0.643,0.702,,0.11162790697674418
K2-193 b,K2-193,1,1,Transit,2018,14.786889,0.1184,89.19255,0.000803,-0.00081,<a refstr=LIVINGSTON_ET_AL__2018 href=https://ui.adsabs.harvard.edu/abs/2018AJ....156..277L/abstract target=ref>Livingston et al. 2018</a>,3.95,0.12,-0.12,0.3523954,14.8,,,M-R relationship,<a refstr=CALCULATED_VALUE href=/docs/pscp_calc.html target=_blank>Calculated Value</a>,0.0465,1.32,,,,59.921,739.0,,5817.0,0.98,1.01,0.0,0.030379746835443037
Kepler-452 b,Kepler-452,1,1,Transit,2015,384.843,1.046,89.806,0.007,-0.012,<a refstr=JENKINS_ET_AL__2015 href=https://ui.adsabs.harvard.edu/abs/2015AJ....150...56J/abstract target=ref>Jenkins et al. 2015</a>,1.63,0.23,-0.2,0.14541886,3.29,,,M-R relationship,<a refstr=CALCULATED_VALUE href=/docs/pscp_calc.html target=_blank>Calculated Value</a>,0.0104,4.17,0.0,,,1.1,265.0,G2,5757.0,1.11,1.037,0.21,0.14110429447852763
Kepler-565 b,Kepler-565,1,1,Transit,2016,4.243747226,0.0501,89.82,2.931e-06,-2.931e-06,<a refstr=MORTON_ET_AL__2016 href=https://ui.adsabs.harvard.edu/abs/2016ApJ...822...86M/abstract target=ref>Morton et al. 2016</a>,3.64,0.51,-0.27,0.32473905,12.9,,,M-R relationship,<a refstr=CALCULATED_VALUE href=/docs/pscp_calc.html target=_blank>Calculated Value</a>,0.0405,1.47,0.0,,,301.46,1063.0,,5735.0,0.95,0.98,-0.02,0.1401098901098901
